Variant_Code	Variant_Character	Representative_Code	Representative_Character	Representative_Sellecting
U+9A10	騐	U+9A57	驗	TW1
U+508F	傏	U+642A	搪	TW1
U+6D12	洒	U+7051	灑	TW1
U+8FEF	迯	U+9003	逃	TW1
U+7147	煇	U+8F1D	輝	TW1
U+57BB	垻	U+58E9	壩	TW1
U+7CA7	粧	U+599D	妝	TW1
U+8024	耤	U+85C9	藉	TW1
U+8A01	訁	U+8A00	言	TW1
U+8FA2	辢	U+8FA3	辣	TW1
U+8975	襵	U+8936	褶	TW1
U+20587	𠖇	U+51A5	冥	TW1
U+3760	㝠	U+51A5	冥	TW1
U+348B	㒋	U+5EDD	廝	TW1
U+53AE	厮	U+5EDD	廝	TW1
U+5BBB	宻	U+5BC6	密	TW1
U+3C43	㱃	U+98F2	飲	TW1
U+60B3	悳	U+5FB7	德	TW1
U+60EA	惪	U+5FB7	德	TW1
U+3A57	㩗	U+651C	攜	TW1
U+3A66	㩦	U+651C	攜	TW1
U+643A	携	U+651C	攜	TW1
U+64D5	擕	U+651C	攜	TW1
U+725C	牜	U+725B	牛	TW1
U+5EF9	廹	U+8FEB	迫	TW1
U+28E93	𨺓	U+9686	隆	TW1
U+2EE39	𮸹	U+9867	顧	TW1
U+980B	頋	U+9867	顧	TW1
U+987E	顾	U+9867	顧	TW1
U+51DF	凟	U+7006	瀆	TW1
U+7982	禂	U+79B1	禱	TW1
U+3432	㐲	U+4F0F	伏	TW1
U+6B71	歱	U+8E35	踵	TW1
U+61DC	懜	U+61F5	懵	TW1
U+657A	敺	U+9A45	驅	TW1
U+99C8	駈	U+9A45	驅	TW1
U+7F99	羙	U+7F8E	美	TW1
U+7385	玅	U+5999	妙	TW1
U+4E49	义	U+7FA9	義	TW1
U+5E99	庙	U+5EDF	廟	TW1
U+4E79	乹	U+4E7E	乾	TW1
U+4E81	亁	U+4E7E	乾	TW1
U+8FE8	迨	U+902E	逮	TW1
U+3C7F	㱿	U+6BBC	殼	TW1
U+58F3	壳	U+6BBC	殼	TW1
U+6BBB	殻	U+6BBC	殼	TW1
U+26675	𦙵	U+8155	腕	TW1
U+26400	𦐀	U+821E	舞	TW1
U+4611	䘑	U+8108	脈	TW1
U+8109	脉	U+8108	脈	TW1
U+8847	衇	U+8108	脈	TW1
U+3AD6	㫖	U+65E8	旨	TW1
U+2456F	𤕯	U+6F3F	漿	TW1
U+4EB1	亱	U+591C	夜	TW1
U+649F	撟	U+5B0C	嬌	TW1
U+28EEA	𨻪	U+9675	陵	TW1
U+8864	衤	U+8863	衣	TW1
U+25997	𥦗	U+7A97	窗	TW1
U+41AB	䆫	U+7A97	窗	TW1
U+724E	牎	U+7A97	窗	TW1
U+7255	牕	U+7A97	窗	TW1
U+7A93	窓	U+7A97	窗	TW1
U+7ABB	窻	U+7A97	窗	TW1
U+24360	𤍠	U+71B1	熱	TW1
U+4B03	䬃	U+98AF	颯	TW1
U+4E71	乱	U+4E82	亂	TW1
U+5050	偐	U+8D17	贗	TW1
U+8D0B	贋	U+8D17	贗	TW1
U+8F19	輙	U+8F12	輒	TW1
U+39B8	㦸	U+621F	戟	TW1
U+20503	𠔃	U+516E	兮	TW1
U+489C	䢜	U+6B78	歸	TW1
U+5F52	归	U+6B78	歸	TW1
U+5AFA	嫺	U+5AFB	嫻	TW1
U+8803	蠃	U+87BA	螺	TW1
U+9E9E	麞	U+7350	獐	TW1
U+70B0	炰	U+70AE	炮	TW1
U+7832	砲	U+70AE	炮	TW1
U+791F	礟	U+70AE	炮	TW1
U+792E	礮	U+70AE	炮	TW1
U+664B	晋	U+6649	晉	TW1
U+793B	礻	U+793A	示	TW1
U+248E5	𤣥	U+7384	玄	TW1
U+4F2D	伭	U+7384	玄	TW1
U+7081	炁	U+6C23	氣	TW1
U+35D6	㗖	U+5556	啖	TW1
U+5557	啗	U+5556	啖	TW1
U+5649	噉	U+5556	啖	TW1
U+7661	癡	U+75F4	痴	TW1
U+5E00	帀	U+531D	匝	TW1
U+8FCA	迊	U+531D	匝	TW1
U+8E54	蹔	U+66AB	暫	TW1
U+77B9	瞹	U+66D6	曖	TW1
U+34DC	㓜	U+5E7C	幼	TW1
U+23108	𣄈	U+5FBD	徽	TW1
U+3ACE	㫎	U+5FBD	徽	TW1
U+5E51	幑	U+5FBD	徽	TW1
U+4C7D	䱽	U+9BE7	鯧	TW1
U+83D4	菔	U+8514	蔔	TW1
U+60CF	惏	U+5A6A	婪	TW1
U+546A	呪	U+5492	咒	TW1
U+8A4B	詋	U+5492	咒	TW1
U+2E73F	𮜿	U+8ECC	軌	TW1
U+4C77	䱷	U+6F01	漁	TW1
U+342E	㐮	U+8944	襄	TW1
U+27422	𧐢	U+8814	蠔	TW1
U+869D	蚝	U+8814	蠔	TW1
U+86D3	蛓	U+8814	蠔	TW1
U+8786	螆	U+8814	蠔	TW1
U+4C47	䱇	U+9C54	鱔	TW1
U+9C53	鱓	U+9C54	鱔	TW1
U+5451	呑	U+541E	吞	TW1
U+612C	愬	U+8A34	訴	TW1
U+530B	匋	U+9676	陶	TW1
U+513B	儻	U+5018	倘	TW1
U+7E6E	繮	U+97C1	韁	TW1
U+8E67	蹧	U+7CDF	糟	TW1
U+91A9	醩	U+7CDF	糟	TW1
U+45A3	䖣	U+86A4	蚤	TW1
U+6D24	洤	U+6CC9	泉	TW1
U+8193	膓	U+8178	腸	TW1
U+53A0	厠	U+5EC1	廁	TW1
U+9920	餠	U+9905	餅	TW1
U+23C9D	𣲝	U+51B0	冰	TW1
U+51AB	冫	U+51B0	冰	TW1
U+6C37	氷	U+51B0	冰	TW1
U+82FA	苺	U+8393	莓	TW1
U+3405	㐅	U+4E94	五	TW1
U+72B9	犹	U+7336	猶	TW1
U+66EC	曬	U+6652	晒	TW1
U+6937	椷	U+7DD8	緘	TW1
U+7A91	窑	U+7AAF	窯	TW1
U+7AB0	窰	U+7AAF	窯	TW1
U+6767	杧	U+8292	芒	TW1
U+9244	鉄	U+9435	鐵	TW1
U+9295	銕	U+9435	鐵	TW1
U+6C3C	氼	U+6EBA	溺	TW1
U+8346	荆	U+834A	荊	TW1
U+58B0	墰	U+7F48	罈	TW1
U+58DC	壜	U+7F48	罈	TW1
U+7F4E	罎	U+7F48	罈	TW1
U+7439	琹	U+7434	琴	TW1
U+64D7	擗	U+5288	劈	TW1
U+67F0	柰	U+5948	奈	TW1
U+8B21	謡	U+8B20	謠	TW1
U+6486	撆	U+6487	撇	TW1
U+7C01	簁	U+7BE9	篩	TW1
U+7C1B	簛	U+7BE9	篩	TW1
U+3B52	㭒	U+801C	耜	TW1
U+8675	虵	U+86C7	蛇	TW1
U+462E	䘮	U+55AA	喪	TW1
U+6443	摃	U+625B	扛	TW1
U+6733	朳	U+6777	杷	TW1
U+39A4	㦤	U+61FF	懿	TW1
U+26CB7	𦲷	U+849E	蒞	TW1
U+6D96	涖	U+849E	蒞	TW1
U+8385	莅	U+849E	蒞	TW1
U+38A4	㢤	U+54C9	哉	TW1
U+8761	蝡	U+8815	蠕	TW1
U+5303	匃	U+4E10	丐	TW1
U+5304	匄	U+4E10	丐	TW1
U+9179	酹	U+5121	儡	TW1
U+5367	卧	U+81E5	臥	TW1
U+870B	蜋	U+8782	螂	TW1
U+7001	瀁	U+6F3E	漾	TW1
U+54CD	响	U+97FF	響	TW1
U+20AB1	𠪱	U+6B77	歷	TW1
U+6B74	歴	U+6B77	歷	TW1
U+7C98	粘	U+9ECF	黏	TW1
U+28452	𨑒	U+5F92	徒	TW1
U+75D0	痐	U+86D4	蛔	TW1
U+8698	蚘	U+86D4	蛔	TW1
U+86D5	蛕	U+86D4	蛔	TW1
U+8716	蜖	U+86D4	蛔	TW1
U+471F	䜟	U+8B96	讖	TW1
U+386C	㡬	U+5E7E	幾	TW1
U+8B31	謱	U+560D	嘍	TW1
U+53D9	叙	U+6558	敘	TW1
U+654D	敍	U+6558	敘	TW1
U+53E1	叡	U+777F	睿	TW1
U+5179	兹	U+8332	茲	TW1
U+7386	玆	U+8332	茲	TW1
U+8FE9	迩	U+9087	邇	TW1
U+70DB	烛	U+71ED	燭	TW1
U+5434	吴	U+5433	吳	TW1
U+5449	呉	U+5433	吳	TW1
U+3531	㔱	U+5EBE	庾	TW1
U+659E	斞	U+5EBE	庾	TW1
U+5DDB	巛	U+5DDD	川	TW1
U+6998	榘	U+77E9	矩	TW1
U+3900	㤀	U+5FD8	忘	TW1
U+47E6	䟦	U+8DCB	跋	TW1
U+873A	蜺	U+9713	霓	TW1
U+4831	䠱	U+8E85	躅	TW1
U+8DAF	趯	U+8E8D	躍	TW1
U+7B96	箖	U+7C43	籃	TW1
U+3565	㕥	U+4EE5	以	TW1
U+382F	㠯	U+4EE5	以	TW1
U+6344	捄	U+6551	救	TW1
U+72EC	独	U+7368	獨	TW1
U+51D0	凐	U+6E6E	湮	TW1
U+349A	㒚	U+7A69	穩	TW1
U+6B35	欵	U+6B3E	款	TW1
U+5E7A	幺	U+4E48	么	TW1
U+6237	户	U+6236	戶	TW1
U+6238	戸	U+6236	戶	TW1
U+9657	陗	U+5CED	峭	TW1
U+21ED5	𡻕	U+6B72	歲	TW1
U+4E97	亗	U+6B72	歲	TW1
U+5C81	岁	U+6B72	歲	TW1
U+5D57	嵗	U+6B72	歲	TW1
U+6B73	歳	U+6B72	歲	TW1
U+8715	蜕	U+86FB	蛻	TW1
U+962F	阯	U+5740	址	TW1
U+5DF5	巵	U+536E	卮	TW1
U+51C9	凉	U+6DBC	涼	TW1
U+9FCC	鿌	U+6DBC	涼	TW1
U+96BD	隽	U+96CB	雋	TW1
U+4899	䢙	U+6557	敗	TW1
U+65E0	无	U+7121	無	TW1
U+754A	畊	U+8015	耕	TW1
U+28F7B	𨽻	U+96B8	隸	TW1
U+96B7	隷	U+96B8	隸	TW1
U+9D1E	鴞	U+689F	梟	TW1
U+69A6	榦	U+5E79	幹	TW1
U+8E4F	蹏	U+8E44	蹄	TW1
U+8CAD	貭	U+8CEA	質	TW1
U+8FD9	这	U+9019	這	TW1
U+23184	𣆄	U+967D	陽	TW1
U+6C1C	氜	U+967D	陽	TW1
U+9633	阳	U+967D	陽	TW1
U+78AA	碪	U+7827	砧	TW1
U+4E89	争	U+722D	爭	TW1
U+24455	𤑕	U+71FB	燻	TW1
U+718F	熏	U+71FB	燻	TW1
U+20C0C	𠰌	U+5473	味	TW1
U+4588	䖈	U+8650	虐	TW1
U+5518	唘	U+555F	啟	TW1
U+5553	啓	U+555F	啟	TW1
U+90F0	郰	U+9139	鄹	TW1
U+56AC	嚬	U+9870	顰	TW1
U+7CC9	糉	U+7CBD	粽	TW1
U+57FD	埽	U+6383	掃	TW1
U+945B	鑛	U+7926	礦	TW1
U+9F8E	龎	U+9F90	龐	TW1
U+4B12	䬒	U+98BC	颼	TW1
U+67C1	柁	U+8235	舵	TW1
U+6F82	澂	U+6F84	澄	TW1
U+662C	昬	U+660F	昏	TW1
U+575B	坛	U+58C7	壇	TW1
U+8294	芔	U+5349	卉	TW1
U+4E54	乔	U+55AC	喬	TW1
U+894D	襍	U+96DC	雜	TW1
U+205FF	𠗿	U+6EF2	滲	TW1
U+855A	蕚	U+843C	萼	TW1
U+52CC	勌	U+5026	倦	TW1
U+6CAC	沬	U+6CAB	沫	TW1
U+47FD	䟽	U+758F	疏	TW1
U+758E	疎	U+758F	疏	TW1
U+6187	憇	U+61A9	憩	TW1
U+3CD2	㳒	U+6CD5	法	TW1
U+704B	灋	U+6CD5	法	TW1
U+7D6A	絪	U+6C24	氤	TW1
U+5EF5	廵	U+5DE1	巡	TW1
U+342A	㐪	U+4EA5	亥	TW1
U+8221	舡	U+8239	船	TW1
U+8229	舩	U+8239	船	TW1
U+8107	脇	U+8105	脅	TW1
U+6E7B	湻	U+6DF3	淳	TW1
U+5826	堦	U+968E	階	TW1
U+5BD4	寔	U+5BE6	實	TW1
U+4E0E	与	U+8207	與	TW1
U+8A76	詶	U+916C	酬	TW1
U+9167	酧	U+916C	酬	TW1
U+91BB	醻	U+916C	酬	TW1
U+5968	奨	U+734E	獎	TW1
U+596C	奬	U+734E	獎	TW1
U+4EAF	亯	U+4EAB	享	TW1
U+803B	耻	U+6065	恥	TW1
U+5C12	尒	U+723E	爾	TW1
U+5C14	尔	U+723E	爾	TW1
U+7D2C	紬	U+7DA2	綢	TW1
U+21C95	𡲕	U+5C5C	屜	TW1
U+5C49	屉	U+5C5C	屜	TW1
U+9834	頴	U+7A4E	穎	TW1
U+64A6	撦	U+626F	扯	TW1
U+27602	𧘂	U+885D	衝	TW1
U+4EB2	亲	U+699B	榛	TW1
U+5872	塲	U+5834	場	TW1
U+5917	夗	U+536F	卯	TW1
U+5918	夘	U+536F	卯	TW1
U+623C	戼	U+536F	卯	TW1
U+24A0F	𤨏	U+7463	瑣	TW1
U+537D	卽	U+5373	即	TW1
U+38A0	㢠	U+8FE5	迥	TW1
U+9008	逈	U+8FE5	迥	TW1
U+6B38	欸	U+5509	唉	TW1
U+7936	礶	U+7F50	罐	TW1
U+9475	鑵	U+7F50	罐	TW1
U+5C80	岀	U+51FA	出	TW1
U+8021	耡	U+92E4	鋤	TW1
U+924F	鉏	U+92E4	鋤	TW1
U+95E8	门	U+9580	門	TW1
U+87BE	螾	U+8693	蚓	TW1
U+70DD	烝	U+84B8	蒸	TW1
U+347A	㑺	U+4FCA	俊	TW1
U+5101	儁	U+4FCA	俊	TW1
U+85E6	藦	U+8611	蘑	TW1
U+6000	怀	U+61F7	懷	TW1
U+600C	怌	U+61F7	懷	TW1
U+5B90	宐	U+5B9C	宜	TW1
U+201EE	𠇮	U+547D	命	TW1
U+92ED	鋭	U+92B3	銳	TW1
U+23BDB	𣯛	U+729B	犛	TW1
U+6C02	氂	U+729B	犛	TW1
U+7266	牦	U+729B	犛	TW1
U+7476	瑶	U+7464	瑤	TW1
U+9ABD	骽	U+817F	腿	TW1
U+5B7C	孼	U+5B7D	孽	TW1
U+2214F	𢅏	U+7C3E	簾	TW1
U+22156	𢅖	U+7C3E	簾	TW1
U+3858	㡘	U+7C3E	簾	TW1
U+2D8C4	𭣄	U+652C	攬	TW1
U+3A5C	㩜	U+652C	攬	TW1
U+64E5	擥	U+652C	攬	TW1
U+7328	猨	U+733F	猿	TW1
U+876F	蝯	U+733F	猿	TW1
U+5E2E	帮	U+5E6B	幫	TW1
U+5E47	幇	U+5E6B	幫	TW1
U+5E5A	幚	U+5E6B	幫	TW1
U+2EDCD	𮷍	U+8CAF	貯	TW1
U+8D2E	贮	U+8CAF	貯	TW1
U+42F2	䋲	U+7E69	繩	TW1
U+9F08	鼈	U+9C49	鱉	TW1
U+62A5	报	U+5831	報	TW1
U+26936	𦤶	U+81F4	致	TW1
U+5586	喆	U+54F2	哲	TW1
U+608A	悊	U+54F2	哲	TW1
U+898A	覊	U+7F88	羈	TW1
U+5010	倐	U+500F	倏	TW1
U+5135	儵	U+500F	倏	TW1
U+4280	䊀	U+7CCA	糊	TW1
U+992C	餬	U+7CCA	糊	TW1
U+577F	坿	U+9644	附	TW1
U+6174	慴	U+61FE	懾	TW1
U+4E21	両	U+5169	兩	TW1
U+4E24	两	U+5169	兩	TW1
U+20B46	𠭆	U+4F7F	使	TW1
U+206B9	𠚹	U+829F	芟	TW1
U+4E46	乆	U+4E45	久	TW1
U+86CC	蛌	U+86C4	蛄	TW1
U+5A6C	婬	U+6DEB	淫	TW1
U+6EDB	滛	U+6DEB	淫	TW1
U+65E3	旣	U+65E2	既	TW1
U+2EA8D	𮪍	U+9A0E	騎	TW1
U+58CD	壍	U+5879	塹	TW1
U+463A	䘺	U+7DBB	綻	TW1
U+6901	椁	U+69E8	槨	TW1
U+9FA1	龡	U+5439	吹	TW1
U+628D	抍	U+62EF	拯	TW1
U+4920	䤠	U+5835	堵	TW1
U+937A	鍺	U+5835	堵	TW1
U+25081	𥂁	U+9E7D	鹽	TW1
U+400B	䀋	U+9E7D	鹽	TW1
U+5869	塩	U+9E7D	鹽	TW1
U+7E70	繰	U+7E45	繅	TW1
U+244F0	𤓰	U+74DC	瓜	TW1
U+9641	陁	U+9640	陀	TW1
U+9049	遉	U+5075	偵	TW1
U+9FA5	龥	U+7C72	籲	TW1
U+38FA	㣺	U+5FC3	心	TW1
U+5FC4	忄	U+5FC3	心	TW1
U+7B14	笔	U+7B46	筆	TW1
U+2ED99	𮶙	U+8266	艦	TW1
U+8230	舰	U+8266	艦	TW1
U+8D82	趂	U+8D81	趁	TW1
U+814A	腊	U+81D8	臘	TW1
U+81C8	臈	U+81D8	臘	TW1
U+8FD8	还	U+9084	還	TW1
U+5151	兑	U+514C	兌	TW1
U+6BAD	殭	U+50F5	僵	TW1
U+79D0	秐	U+8018	耘	TW1
U+80D1	胑	U+80A2	肢	TW1
U+2C0F7	𬃷	U+68D7	棗	TW1
U+57F6	埶	U+85DD	藝	TW1
U+79C7	秇	U+85DD	藝	TW1
U+84FA	蓺	U+85DD	藝	TW1
U+2695D	𦥝	U+8200	舀	TW1
U+97BE	鞾	U+9774	靴	TW1
U+8599	薙	U+5243	剃	TW1
U+9B00	鬀	U+5243	剃	TW1
U+45E6	䗦	U+8702	蜂	TW1
U+45EC	䗬	U+8702	蜂	TW1
U+882D	蠭	U+8702	蜂	TW1
U+5106	儆	U+8B66	警	TW1
U+4543	䕃	U+852D	蔭	TW1
U+5ED5	廕	U+852D	蔭	TW1
U+2174F	𡝏	U+5B2A	嬪	TW1
U+21D13	𡴓	U+5B2A	嬪	TW1
U+2061D	𠘝	U+7028	瀨	TW1
U+9EAF	麯	U+9EB4	麴	TW1
U+5B9D	宝	U+5BF6	寶	TW1
U+5BDA	寚	U+5BF6	寶	TW1
U+5BF3	寳	U+5BF6	寶	TW1
U+5E85	庅	U+9EBC	麼	TW1
U+9EBD	麽	U+9EBC	麼	TW1
U+9C32	鰲	U+9F07	鼇	TW1
U+68C5	棅	U+67C4	柄	TW1
U+995F	饟	U+9909	餉	TW1
U+7DE5	緥	U+8913	褓	TW1
U+757A	畺	U+7586	疆	TW1
U+3E11	㸑	U+7228	爨	TW1
U+76CB	盋	U+7F3D	缽	TW1
U+9262	鉢	U+7F3D	缽	TW1
U+23E27	𣸧	U+6DF1	深	TW1
U+3D31	㴱	U+6DF1	深	TW1
U+2BBDB	𫯛	U+5929	天	TW1
U+975D	靝	U+5929	天	TW1
U+994D	饍	U+81B3	膳	TW1
U+9B66	魦	U+9BCA	鯊	TW1
U+993B	餻	U+7CD5	糕	TW1
U+8B9B	讛	U+56C8	囈	TW1
U+8B29	謩	U+8B28	謨	TW1
U+76D6	盖	U+84CB	蓋	TW1
U+8462	葢	U+84CB	蓋	TW1
U+3CDF	㳟	U+606D	恭	TW1
U+6A4A	橊	U+69B4	榴	TW1
U+874E	蝎	U+880D	蠍	TW1
U+9AD9	髙	U+9AD8	高	TW1
U+201DD	𠇝	U+525B	剛	TW1
U+8D78	赸	U+8A15	訕	TW1
U+6EFA	滺	U+60A0	悠	TW1
U+771E	眞	U+771F	真	TW1
U+8812	蠒	U+7E6D	繭	TW1
U+9E90	麐	U+9E9F	麟	TW1
U+7D1F	紟	U+895F	襟	TW1
U+887F	衿	U+895F	襟	TW1
U+242EE	𤋮	U+7199	熙	TW1
U+7188	熈	U+7199	熙	TW1
U+5605	嘅	U+6168	慨	TW1
U+2F895	弢	U+97DC	韜	TW1
U+5F22	弢	U+97DC	韜	TW1
U+5202	刂	U+5200	刀	TW1
U+889C	袜	U+896A	襪	TW1
U+97C8	韈	U+896A	襪	TW1
U+97E4	韤	U+896A	襪	TW1
U+78EA	磪	U+5D14	崔	TW1
U+7358	獘	U+6583	斃	TW1
U+22838	𢠸	U+619A	憚	TW1
U+621E	戞	U+621B	戛	TW1
U+5038	倸	U+776C	睬	TW1
U+89E7	觧	U+89E3	解	TW1
U+49A8	䦨	U+95CC	闌	TW1
U+369D	㚝	U+594E	奎	TW1
U+595E	奞	U+594E	奎	TW1
U+5CEF	峯	U+5CF0	峰	TW1
U+5C19	尙	U+5C1A	尚	TW1
U+97A7	鞧	U+97A6	鞦	TW1
U+7FEB	翫	U+73A9	玩	TW1
U+99BF	馿	U+9A62	驢	TW1
U+2865E	𨙞	U+9077	遷	TW1
U+8FC1	迁	U+9077	遷	TW1
U+5D83	嶃	U+5D84	嶄	TW1
U+5DC9	巉	U+5D84	嶄	TW1
U+78DB	磛	U+5D84	嶄	TW1
U+59AC	妬	U+5992	妒	TW1
U+9076	遶	U+7E5E	繞	TW1
U+6033	怳	U+604D	恍	TW1
U+27255	𧉕	U+8836	蠶	TW1
U+8695	蚕	U+8836	蠶	TW1
U+5729	圩	U+589F	墟	TW1
U+98DC	飜	U+7FFB	翻	TW1
U+7E94	纔	U+624D	才	TW1
U+6AB4	檴	U+7A6B	穫	TW1
U+9EB0	麰	U+725F	牟	TW1
U+7367	獧	U+72F7	狷	TW1
U+9D08	鴈	U+96C1	雁	TW1
U+3558	㕘	U+53C3	參	TW1
U+53C5	叅	U+53C3	參	TW1
U+8460	葠	U+53C3	參	TW1
U+84E1	蓡	U+53C3	參	TW1
U+8593	薓	U+53C3	參	TW1
U+9684	隄	U+5824	堤	TW1
U+564F	噏	U+5438	吸	TW1
U+5474	呴	U+8A6C	詬	TW1
U+8A3D	訽	U+8A6C	詬	TW1
U+6A37	樷	U+53E2	叢	TW1
U+7A83	窃	U+7ACA	竊	TW1
U+7FA1	羡	U+7FA8	羨	TW1
U+2899F	𨦟	U+92D2	鋒	TW1
U+8515	蔕	U+8482	蒂	TW1
U+3A17	㨗	U+6377	捷	TW1
U+642F	搯	U+638F	掏	TW1
U+7DAB	綫	U+7DDA	線	TW1
U+5803	堃	U+5764	坤	TW1
U+65E7	旧	U+820A	舊	TW1
U+2592E	𥤮	U+7A81	突	TW1
U+3FF7	㿷	U+7CD9	糙	TW1
U+5A2C	娬	U+5AF5	嫵	TW1
U+2231B	𢌛	U+5EF6	延	TW1
U+3935	㤵	U+6148	慈	TW1
U+7796	瞖	U+7FF3	翳	TW1
U+6F5C	潜	U+6F5B	潛	TW1
U+52F9	勹	U+5305	包	TW1
U+79CA	秊	U+5E74	年	TW1
U+8471	葱	U+8525	蔥	TW1
U+9ED2	黒	U+9ED1	黑	TW1
U+5B7E	孾	U+5B30	嬰	TW1
U+7CAE	粮	U+7CE7	糧	TW1
U+2060A	𠘊	U+6FC3	濃	TW1
U+22960	𢥠	U+609A	悚	TW1
U+27E16	𧸖	U+8CFA	賺	TW1
U+8D03	贃	U+8CFA	賺	TW1
U+506C	偬	U+50AF	傯	TW1
U+5C32	尲	U+5C37	尷	TW1
U+965C	陜	U+72F9	狹	TW1
U+967F	陿	U+72F9	狹	TW1
U+7D76	絶	U+7D55	絕	TW1
U+50CA	僊	U+4ED9	仙	TW1
U+4E57	乗	U+4E58	乘	TW1
U+6909	椉	U+4E58	乘	TW1
U+8DAE	趮	U+8E81	躁	TW1
U+6B80	殀	U+592D	夭	TW1
U+693E	椾	U+7B8B	箋	TW1
U+724B	牋	U+7B8B	箋	TW1
U+6251	扑	U+64B2	撲	TW1
U+8088	肈	U+8087	肇	TW1
U+46D0	䛐	U+8A5E	詞	TW1
U+2125F	𡉟	U+58EF	壯	TW1
U+754E	畎	U+753D	甽	TW1
U+96F0	雰	U+6C1B	氛	TW1
U+5461	呡	U+543B	吻	TW1
U+80B3	肳	U+543B	吻	TW1
U+8117	脗	U+543B	吻	TW1
U+7AE2	竢	U+4FDF	俟	TW1
U+7A8C	窌	U+7A96	窖	TW1
U+7FA3	羣	U+7FA4	群	TW1
U+8FA0	辠	U+7F6A	罪	TW1
U+5EBB	庻	U+5EB6	庶	TW1
U+6E4C	湌	U+9910	餐	TW1
U+98E1	飡	U+9910	餐	TW1
U+544C	呌	U+53EB	叫	TW1
U+7648	癈	U+5EE2	廢	TW1
U+9634	阴	U+9670	陰	TW1
U+9682	隂	U+9670	陰	TW1
U+53A6	厦	U+5EC8	廈	TW1
U+34B2	㒲	U+8CA1	財	TW1
U+51CF	减	U+6E1B	減	TW1
U+8A96	誖	U+6096	悖	TW1
U+9154	酔	U+9189	醉	TW1
U+6159	慙	U+615A	慚	TW1
U+5F03	弃	U+68C4	棄	TW1
U+3B09	㬉	U+6696	暖	TW1
U+7156	煖	U+6696	暖	TW1
U+7157	煗	U+6696	暖	TW1
U+53B6	厶	U+67D0	某	TW1
U+732B	猫	U+8C93	貓	TW1
U+6746	杆	U+687F	桿	TW1
U+3444	㑄	U+4FAE	侮	TW1
U+6335	挵	U+5F04	弄	TW1
U+8856	衖	U+5F04	弄	TW1
U+3B05	㬅	U+66FC	曼	TW1
U+34D7	㓗	U+6F54	潔	TW1
U+7D5C	絜	U+6F54	潔	TW1
U+9B34	鬴	U+91DC	釜	TW1
U+6747	杇	U+572C	圬	TW1
U+6736	朶	U+6735	朵	TW1
U+3479	㑹	U+6703	會	TW1
U+4F1A	会	U+6703	會	TW1
U+46E1	䛡	U+8A71	話	TW1
U+375B	㝛	U+5BBF	宿	TW1
U+27AF4	𧫴	U+8B39	謹	TW1
U+7460	瑠	U+7409	琉	TW1
U+74A2	璢	U+7409	琉	TW1
U+8E2A	踪	U+8E64	蹤	TW1
U+5300	匀	U+52FB	勻	TW1
U+26DDD	𦷝	U+82BB	芻	TW1
U+84AD	蒭	U+82BB	芻	TW1
U+5292	劒	U+528D	劍	TW1
U+7AC6	竆	U+7AAE	窮	TW1
U+209E7	𠧧	U+897F	西	TW1
U+38B4	㢴	U+897F	西	TW1
U+380A	㠊	U+5D87	嶇	TW1
U+8A90	誐	U+54E6	哦	TW1
U+4022	䀢	U+77AC	瞬	TW1
U+5058	偘	U+4F83	侃	TW1
U+6FF6	濶	U+95CA	闊	TW1
U+89D5	觕	U+7C97	粗	TW1
U+9E84	麄	U+7C97	粗	TW1
U+9EA4	麤	U+7C97	粗	TW1
U+8F5D	轝	U+8F3F	輿	TW1
U+945A	鑚	U+947D	鑽	TW1
U+8066	聦	U+8070	聰	TW1
U+98E4	飤	U+98FC	飼	TW1
U+5723	圣	U+8056	聖	TW1
U+2018C	𠆌	U+5EB8	庸	TW1
U+342F	㐯	U+5EB8	庸	TW1
U+20A81	𠪁	U+76DC	盜	TW1
U+76D7	盗	U+76DC	盜	TW1
U+205E6	𠗦	U+6191	憑	TW1
U+51F4	凴	U+6191	憑	TW1
U+5393	厓	U+5D16	崖	TW1
U+6761	条	U+689D	條	TW1
U+21DA2	𡶢	U+6CC1	況	TW1
U+51B5	况	U+6CC1	況	TW1
U+5611	嘑	U+547C	呼	TW1
U+8656	虖	U+547C	呼	TW1
U+8B3C	謼	U+547C	呼	TW1
U+64E1	擡	U+62AC	抬	TW1
U+2578A	𥞊	U+79E3	秣	TW1
U+9F04	鼄	U+86DB	蛛	TW1
U+366E	㙮	U+5854	塔	TW1
U+5896	墖	U+5854	塔	TW1
U+79A9	禩	U+7940	祀	TW1
U+2123C	𡈼	U+58EC	壬	TW1
U+509A	傚	U+6548	效	TW1
U+52B9	効	U+6548	效	TW1
U+59C9	姉	U+59CA	姊	TW1
U+5D0B	崋	U+83EF	華	TW1
U+8550	蕐	U+83EF	華	TW1
U+5F53	当	U+7576	當	TW1
U+516A	兪	U+4FDE	俞	TW1
U+9919	餙	U+98FE	飾	TW1
U+29516	𩔖	U+985E	類	TW1
U+29517	𩔗	U+985E	類	TW1
U+9A0C	騌	U+9B03	鬃	TW1
U+9A23	騣	U+9B03	鬃	TW1
U+9B09	鬉	U+9B03	鬃	TW1
U+3912	㤒	U+7B28	笨	TW1
U+5861	塡	U+586B	填	TW1
U+7AB4	窴	U+586B	填	TW1
U+939A	鎚	U+9318	錘	TW1
U+20080	𠂀	U+4E95	井	TW1
U+4E3C	丼	U+4E95	井	TW1
U+89D4	觔	U+65A4	斤	TW1
U+9037	逷	U+9016	逖	TW1
U+5C03	尃	U+6577	敷	TW1
U+65C9	旉	U+6577	敷	TW1
U+7628	瘨	U+7672	癲	TW1
U+6120	愠	U+614D	慍	TW1
U+7BF4	篴	U+7B1B	笛	TW1
U+2B88A	𫢊	U+9322	錢	TW1
U+2C09B	𬂛	U+5341	十	TW1
U+543F	吿	U+544A	告	TW1
U+7602	瘂	U+555E	啞	TW1
U+59BA	妺	U+59B9	妹	TW1
U+8F9E	辞	U+8FAD	辭	TW1
U+8FA4	辤	U+8FAD	辭	TW1
U+8845	衅	U+91C1	釁	TW1
U+205E7	𠗧	U+6E2C	測	TW1
U+396B	㥫	U+6566	敦	TW1
U+3A9F	㪟	U+6566	敦	TW1
U+60C7	惇	U+6566	敦	TW1
U+3836	㠶	U+5E06	帆	TW1
U+98BF	颿	U+5E06	帆	TW1
U+9F45	齅	U+55C5	嗅	TW1
U+8EC4	軄	U+8077	職	TW1
U+96A3	隣	U+9130	鄰	TW1
U+5117	儗	U+64EC	擬	TW1
U+54B7	咷	U+5555	啕	TW1
U+622F	戯	U+6232	戲	TW1
U+6231	戱	U+6232	戲	TW1
U+7DB3	綳	U+7E43	繃	TW1
U+7FE6	翦	U+526A	剪	TW1
U+73D0	珐	U+743A	琺	TW1
U+2239E	𢎞	U+5F18	弘	TW1
U+2A502	𪔂	U+9F0E	鼎	TW1
U+4836	䠶	U+5C04	射	TW1
U+3C93	㲓	U+7D68	絨	TW1
U+6BE7	毧	U+7D68	絨	TW1
U+7FA2	羢	U+7D68	絨	TW1
U+3B2A	㬪	U+758A	疊	TW1
U+53E0	叠	U+758A	疊	TW1
U+66E1	曡	U+758A	疊	TW1
U+2009D	𠂝	U+773E	眾	TW1
U+2C454	𬑔	U+773E	眾	TW1
U+8846	衆	U+773E	眾	TW1
U+2EC5C	𮱜	U+5B63	季	TW1
U+4E98	亘	U+4E99	亙	TW1
U+3CC4	㳄	U+6D8E	涎	TW1
U+3400	㐀	U+4E18	丘	TW1
U+5775	坵	U+4E18	丘	TW1
U+510E	儎	U+8F09	載	TW1
U+6DB6	涶	U+553E	唾	TW1
U+732A	猪	U+8C6C	豬	TW1
U+85A6	薦	U+8350	荐	TW1
U+5C4A	届	U+5C46	屆	TW1
U+21D32	𡴲	U+5371	危	TW1
U+21D41	𡵁	U+5371	危	TW1
U+9D76	鵶	U+9D09	鴉	TW1
U+87A1	螡	U+868A	蚊	TW1
U+87C1	蟁	U+868A	蚊	TW1
U+4F2B	伫	U+4F47	佇	TW1
U+7ADA	竚	U+4F47	佇	TW1
U+518C	册	U+518A	冊	TW1
U+80A7	肧	U+80DA	胚	TW1
U+51E2	凢	U+51E1	凡	TW1
U+51E3	凣	U+51E1	凡	TW1
U+7980	禀	U+7A1F	稟	TW1
U+26900	𦤀	U+81ED	臭	TW1
U+2418D	𤆍	U+8D64	赤	TW1
U+8506	蔆	U+83F1	菱	TW1
U+4B7E	䭾	U+99B1	馱	TW1
U+6FD3	濓	U+6FC2	濂	TW1
U+531F	匟	U+7095	炕	TW1
U+6830	栰	U+7B4F	筏	TW1
U+28E1A	𨸚	U+7D1A	級	TW1
U+4D21	䴡	U+9E97	麗	TW1
U+8E0A	踊	U+8E34	踴	TW1
U+3BFD	㯽	U+6AB3	檳	TW1
U+68B9	梹	U+6AB3	檳	TW1
U+6FB7	澷	U+6F2B	漫	TW1
U+6B3C	欼	U+555C	啜	TW1
U+6B60	歠	U+555C	啜	TW1
U+8AC1	諁	U+555C	啜	TW1
U+8216	舖	U+92EA	鋪	TW1
U+8721	蜡	U+881F	蠟	TW1
U+26364	𦍤	U+7FD4	翔	TW1
U+90F7	郷	U+9109	鄉	TW1
U+9115	鄕	U+9109	鄉	TW1
U+465D	䙝	U+893B	褻	TW1
U+893A	褺	U+893B	褻	TW1
U+629D	抝	U+62D7	拗	TW1
U+8798	螘	U+87FB	蟻	TW1
U+96BE	难	U+96E3	難	TW1
U+9725	霥	U+6FDB	濛	TW1
U+9740	靀	U+6FDB	濛	TW1
U+7760	睠	U+7737	眷	TW1
U+68C3	棃	U+68A8	梨	TW1
U+82FF	苿	U+8309	茉	TW1
U+5ABF	媿	U+6127	愧	TW1
U+6406	搆	U+69CB	構	TW1
U+81CB	臋	U+81C0	臀	TW1
U+27DB6	𧶶	U+8CA9	販	TW1
U+292D8	𩋘	U+978B	鞋	TW1
U+292E7	𩋧	U+978B	鞋	TW1
U+97B5	鞵	U+978B	鞋	TW1
U+20542	𠕂	U+518D	再	TW1
U+20545	𠕅	U+518D	再	TW1
U+5E84	庄	U+838A	莊	TW1
U+55AD	喭	U+5501	唁	TW1
U+7075	灵	U+9748	靈	TW1
U+8A64	詤	U+8B0A	謊	TW1
U+79C6	秆	U+7A08	稈	TW1
U+2D016	𭀖	U+91D0	釐	TW1
U+5398	厘	U+91D0	釐	TW1
U+74CC	瓌	U+7470	瑰	TW1
U+20F96	𠾖	U+5668	器	TW1
U+5650	噐	U+5668	器	TW1
U+2180C	𡠌	U+5AB2	媲	TW1
U+5A63	婣	U+59FB	姻	TW1
U+88F5	裵	U+88F4	裴	TW1
U+75EE	痮	U+8139	脹	TW1
U+53B0	厰	U+5EE0	廠	TW1
U+5184	冄	U+5189	冉	TW1
U+81DD	臝	U+88F8	裸	TW1
U+8EB6	躶	U+88F8	裸	TW1
U+5E2C	帬	U+88D9	裙	TW1
U+88E0	裠	U+88D9	裙	TW1
U+6801	栁	U+67F3	柳	TW1
U+687A	桺	U+67F3	柳	TW1
U+6A89	檉	U+67F3	柳	TW1
U+7287	犇	U+5954	奔	TW1
U+9029	逩	U+5954	奔	TW1
U+5715	圕	U+5716	圖	TW1
U+7215	爕	U+71EE	燮	TW1
U+34D5	㓕	U+6EC5	滅	TW1
U+70D5	烕	U+6EC5	滅	TW1
U+6B57	歗	U+562F	嘯	TW1
U+5220	删	U+522A	刪	TW1
U+63EB	揫	U+63EA	揪	TW1
U+8E77	蹷	U+8E76	蹶	TW1
U+8B0C	謌	U+6B4C	歌	TW1
U+961D	阝	U+961C	阜	TW1
U+2EDDB	𮷛	U+8F5F	轟	TW1
U+8F70	轰	U+8F5F	轟	TW1
U+38FC	㣼	U+5FCD	忍	TW1
U+872F	蜯	U+868C	蚌	TW1
U+5F02	异	U+7570	異	TW1
U+24548	𤕈	U+6200	戀	TW1
U+604B	恋	U+6200	戀	TW1
U+8432	萲	U+8431	萱	TW1
U+857F	蕿	U+8431	萱	TW1
U+85FC	藼	U+8431	萱	TW1
U+8610	蘐	U+8431	萱	TW1
U+55AB	喫	U+5403	吃	TW1
U+8B8C	讌	U+5BB4	宴	TW1
U+91BC	醼	U+5BB4	宴	TW1
U+3BED	㯭	U+6AD3	櫓	TW1
U+6A10	樐	U+6AD3	櫓	TW1
U+8263	艣	U+6AD3	櫓	TW1
U+826A	艪	U+6AD3	櫓	TW1
U+58AB	墫	U+6A3D	樽	TW1
U+58FF	壿	U+6A3D	樽	TW1
U+7F47	罇	U+6A3D	樽	TW1
U+9EAA	麪	U+9EB5	麵	TW1
U+9EAB	麫	U+9EB5	麵	TW1
U+8EB1	躱	U+8EB2	躲	TW1
U+7302	猂	U+608D	悍	TW1
U+4EDD	仝	U+540C	同	TW1
U+8855	衕	U+540C	同	TW1
U+8943	襃	U+8912	褒	TW1
U+6B1D	欝	U+9B31	鬱	TW1
U+9B30	鬰	U+9B31	鬱	TW1
U+82E4	苤	U+77A5	瞥	TW1
U+9955	饕	U+53E8	叨	TW1
U+53F7	号	U+865F	號	TW1
U+384C	㡌	U+5E3D	帽	TW1
U+8D76	赶	U+8D95	趕	TW1
U+456B	䕫	U+5914	夔	TW1
U+610D	愍	U+61AB	憫	TW1
U+885A	衚	U+80E1	胡	TW1
U+3761	㝡	U+6700	最	TW1
U+4ECE	从	U+5F9E	從	TW1
U+5E0B	帋	U+7D19	紙	TW1
U+4CD8	䳘	U+9D5D	鵝	TW1
U+9D5E	鵞	U+9D5D	鵝	TW1
U+7B0B	笋	U+7B4D	筍	TW1
U+5234	刴	U+5241	剁	TW1
U+9DB5	鶵	U+96DB	雛	TW1
U+4F84	侄	U+59EA	姪	TW1
U+59B7	妷	U+59EA	姪	TW1
U+470A	䜊	U+5608	嘈	TW1
U+642B	搫	U+642C	搬	TW1
U+4C1E	䰞	U+716E	煮	TW1
U+7151	煑	U+716E	煮	TW1
U+552B	唫	U+541F	吟	TW1
U+7CF9	糹	U+7CF8	糸	TW1
U+6DDB	淛	U+6D59	浙	TW1
U+27A59	𧩙	U+8A95	誕	TW1
U+272CD	𧋍	U+8707	蜇	TW1
U+20608	𠘈	U+6F7A	潺	TW1
U+52E3	勣	U+7E3E	績	TW1
U+78E5	磥	U+78CA	磊	TW1
U+5A2F	娯	U+5A1B	娛	TW1
U+5A31	娱	U+5A1B	娛	TW1
U+5205	刅	U+5275	創	TW1
U+5231	刱	U+5275	創	TW1
U+524F	剏	U+5275	創	TW1
U+5259	剙	U+5275	創	TW1
U+6227	戧	U+5275	創	TW1
U+2047D	𠑽	U+5145	充	TW1
U+43D5	䏕	U+98EA	飪	TW1
U+9901	餁	U+98EA	飪	TW1
U+2BF6E	𫽮	U+64CB	擋	TW1
U+6529	攩	U+64CB	擋	TW1
U+454C	䕌	U+7A1A	稚	TW1
U+7A3A	稺	U+7A1A	稚	TW1
U+7A49	穉	U+7A1A	稚	TW1
U+20BB7	𠮷	U+5409	吉	TW1
U+5FA7	徧	U+904D	遍	TW1
U+2EE58	𮹘	U+9DAF	鶯	TW1
U+83BA	莺	U+9DAF	鶯	TW1
U+9E0E	鸎	U+9DAF	鶯	TW1
U+706C	灬	U+706B	火	TW1
U+21661	𡙡	U+7FB9	羹	TW1
U+7FAE	羮	U+7FB9	羹	TW1
U+6E28	渨	U+504E	偎	TW1
U+9688	隈	U+504E	偎	TW1
U+4401	䐁	U+8C5A	豚	TW1
U+8C58	豘	U+8C5A	豚	TW1
U+8FFB	迻	U+79FB	移	TW1
U+7074	灴	U+70D8	烘	TW1
U+7B69	筩	U+7B52	筒	TW1
U+50CD	働	U+52D5	動	TW1
U+8373	荳	U+8C46	豆	TW1
U+548F	咏	U+8A60	詠	TW1
U+60E5	惥	U+607F	恿	TW1
U+6142	慂	U+607F	恿	TW1
U+8441	葁	U+8591	薑	TW1
U+28DB9	𨶹	U+95DC	關	TW1
U+95A2	関	U+95DC	關	TW1
U+95D7	闗	U+95DC	關	TW1
U+5850	塐	U+5851	塑	TW1
U+25AF1	𥫱	U+56E4	囤	TW1
U+658C	斌	U+5F6C	彬	TW1
U+20487	𠒇	U+5152	兒	TW1
U+6765	来	U+4F86	來	TW1
U+3917	㤗	U+6CF0	泰	TW1
U+4207	䈇	U+7F69	罩	TW1
U+26007	𦀇	U+7D93	經	TW1
U+533B	医	U+91AB	醫	TW1
U+6BC9	毉	U+91AB	醫	TW1
U+747F	瑿	U+91AB	醫	TW1
U+7343	獃	U+5446	呆	TW1
U+37C1	㟁	U+5CB8	岸	TW1
U+51D4	凔	U+6EC4	滄	TW1
U+2F835	灰	U+7070	灰	TW1
U+981F	頟	U+984D	額	TW1
U+510D	儍	U+50BB	傻	TW1
U+8D8B	趋	U+8DA8	趨	TW1
U+7DDC	緜	U+7DBF	綿	TW1
U+68CA	棊	U+68CB	棋	TW1
U+7881	碁	U+68CB	棋	TW1
U+3873	㡳	U+5E95	底	TW1
U+67FA	柺	U+62D0	拐	TW1
U+6B5B	歛	U+6582	斂	TW1
U+8218	舘	U+9928	館	TW1
U+5E12	帒	U+888B	袋	TW1
U+2D9C2	𭧂	U+66B4	暴	TW1
U+8663	虣	U+66B4	暴	TW1
U+4FFB	俻	U+5099	備	TW1
U+29A18	𩨘	U+80F3	胳	TW1
U+8090	肐	U+80F3	胳	TW1
U+887A	衺	U+90AA	邪	TW1
U+3A2A	㨪	U+6643	晃	TW1
U+6F9F	澟	U+51DC	凜	TW1
U+3BC3	㯃	U+6F06	漆	TW1
U+687C	桼	U+6F06	漆	TW1
U+4EFE	仾	U+4F4E	低	TW1
U+5386	历	U+53B2	厲	TW1
U+2365C	𣙜	U+69B7	榷	TW1
U+3A41	㩁	U+69B7	榷	TW1
U+6409	搉	U+69B7	榷	TW1
U+9823	頣	U+9824	頤	TW1
U+97D2	韒	U+9798	鞘	TW1
U+44C1	䓁	U+7B49	等	TW1
U+69A2	榢	U+67B6	架	TW1
U+65C2	旂	U+65D7	旗	TW1
U+4EBC	亼	U+96C6	集	TW1
U+3A85	㪅	U+66F4	更	TW1
U+20240	𠉀	U+5019	候	TW1
U+5C3D	尽	U+76E1	盡	TW1
U+542C	听	U+807D	聽	TW1
U+25762	𥝢	U+5229	利	TW1
U+3AAF	㪯	U+8209	舉	TW1
U+64E7	擧	U+8209	舉	TW1
U+49DF	䧟	U+9677	陷	TW1
U+7F3E	缾	U+74F6	瓶	TW1
U+6641	晁	U+671D	朝	TW1
U+39F1	㧱	U+62FF	拿	TW1
U+62CF	拏	U+62FF	拿	TW1
U+6310	挐	U+62FF	拿	TW1
U+732E	献	U+737B	獻	TW1
U+5620	嘠	U+560E	嘎	TW1
U+6C79	汹	U+6D36	洶	TW1
U+6491	撑	U+6490	撐	TW1
U+5160	兠	U+515C	兜	TW1
U+61FD	懽	U+6B61	歡	TW1
U+6B22	欢	U+6B61	歡	TW1
U+8B99	讙	U+6B61	歡	TW1
U+9A69	驩	U+6B61	歡	TW1
U+5380	厀	U+819D	膝	TW1
U+82A6	芦	U+8606	蘆	TW1
U+363D	㘽	U+683D	栽	TW1
U+39B3	㦳	U+683D	栽	TW1
U+473F	䜿	U+8C4E	豎	TW1
U+7AEA	竪	U+8C4E	豎	TW1
U+2F817	冗	U+5197	冗	TW1
U+5B82	宂	U+5197	冗	TW1
U+9FA4	龤	U+8AE7	諧	TW1
U+2061F	𠘟	U+701D	瀝	TW1
U+8363	荣	U+69AE	榮	TW1
U+3919	㤙	U+6069	恩	TW1
U+5551	啑	U+558B	喋	TW1
U+98F1	飱	U+98E7	飧	TW1
U+7250	牐	U+9598	閘	TW1
U+60E9	惩	U+61F2	懲	TW1
U+25EDF	𥻟	U+7CEF	糯	TW1
U+7A2C	稬	U+7CEF	糯	TW1
U+7A64	穤	U+7CEF	糯	TW1
U+7AC8	竈	U+7076	灶	TW1
U+814C	腌	U+9183	醃	TW1
U+6ED9	滙	U+532F	匯	TW1
U+97F5	韵	U+97FB	韻	TW1
U+613B	愻	U+905C	遜	TW1
U+9281	銁	U+921E	鈞	TW1
U+4350	䍐	U+7F55	罕	TW1
U+8345	荅	U+7B54	答	TW1
U+56D9	囙	U+56E0	因	TW1
U+63DC	揜	U+63A9	掩	TW1
U+63DE	揞	U+63A9	掩	TW1
U+668E	暎	U+6620	映	TW1
U+62D5	拕	U+62D6	拖	TW1
U+4F85	侅	U+8CC5	賅	TW1
U+6C35	氵	U+6C34	水	TW1
U+8736	蜶	U+87C0	蟀	TW1
U+20203	𠈃	U+4FDD	保	TW1
U+7CD3	糓	U+7A40	穀	TW1
U+5078	偸	U+5077	偷	TW1
U+5AAE	媮	U+5077	偷	TW1
U+62BA	抺	U+62B9	抹	TW1
U+60E7	惧	U+61FC	懼	TW1
U+78DF	磟	U+788C	碌	TW1
U+2CA28	𬨨	U+904E	過	TW1
U+8FC7	过	U+904E	過	TW1
U+4FDB	俛	U+4FEF	俯	TW1
U+982B	頫	U+4FEF	俯	TW1
U+8728	蜨	U+8776	蝶	TW1
U+6805	栅	U+67F5	柵	TW1
U+6852	桒	U+6851	桑	TW1
U+898C	覌	U+89C0	觀	TW1
U+6A71	橱	U+6AE5	櫥	TW1
U+6630	昰	U+662F	是	TW1
U+866C	虬	U+86AA	蚪	TW1
U+866F	虯	U+86AA	蚪	TW1
U+21A18	𡨘	U+51A4	冤	TW1
U+5BC3	寃	U+51A4	冤	TW1
U+5332	匲	U+5969	奩	TW1
U+5333	匳	U+5969	奩	TW1
U+7C68	籨	U+5969	奩	TW1
U+2028B	𠊋	U+9F8D	龍	TW1
U+2215B	𢅛	U+9F8D	龍	TW1
U+7ADC	竜	U+9F8D	龍	TW1
U+9F92	龒	U+9F8D	龍	TW1
U+89A5	覥	U+9766	靦	TW1
U+8380	莀	U+8FB2	農	TW1
U+8FB3	辳	U+8FB2	農	TW1
U+53A4	厤	U+66C6	曆	TW1
U+6FD5	濕	U+6EBC	溼	TW1
U+5BD1	寑	U+5BE2	寢	TW1
U+8131	脱	U+812B	脫	TW1
U+20AA5	𠪥	U+539F	原	TW1
U+5D8E	嶎	U+851A	蔚	TW1
U+298B2	𩢲	U+99DB	駛	TW1
U+205E8	𠗨	U+6CC4	泄	TW1
U+6D29	洩	U+6CC4	泄	TW1
U+6E2B	渫	U+6CC4	泄	TW1
U+248AA	𤢪	U+7375	獵	TW1
U+48E9	䣩	U+9187	醇	TW1
U+9195	醕	U+9187	醇	TW1
U+9156	酖	U+9D06	鴆	TW1
U+387F	㡿	U+65A5	斥	TW1
U+5D18	崘	U+5D19	崙	TW1
U+200A4	𠂤	U+5806	堆	TW1
U+23CE8	𣳨	U+5806	堆	TW1
U+6542	敂	U+53E9	叩	TW1
U+72B2	犲	U+8C7A	豺	TW1
U+9627	阧	U+9661	陡	TW1
U+9DF0	鷰	U+71D5	燕	TW1
U+633F	挿	U+63D2	插	TW1
U+63F7	揷	U+63D2	插	TW1
U+5204	刄	U+5203	刃	TW1
U+8A67	詧	U+5BDF	察	TW1
U+21D4F	𡵏	U+5C08	專	TW1
U+8011	耑	U+5C08	專	TW1
U+8AAC	説	U+8AAA	說	TW1
U+5279	剹	U+622E	戮	TW1
U+8747	蝇	U+8805	蠅	TW1
U+6A11	樑	U+6881	梁	TW1
U+7068	灨	U+8D1B	贛	TW1
U+8D11	贑	U+8D1B	贛	TW1
U+5FFB	忻	U+6B23	欣	TW1
U+8A22	訢	U+6B23	欣	TW1
U+279FB	𧧻	U+8A50	詐	TW1
U+39DE	㧞	U+62D4	拔	TW1
U+36A3	㚣	U+59E3	姣	TW1
U+22049	𢁉	U+5DFD	巽	TW1
U+98E0	飠	U+98DF	食	TW1
U+458D	䖍	U+8654	虔	TW1
U+52F0	勰	U+5354	協	TW1
U+604A	恊	U+5354	協	TW1
U+65EA	旪	U+5354	協	TW1
U+8621	蘡	U+6AFB	櫻	TW1
U+9A08	騈	U+99E2	駢	TW1
U+9847	顇	U+60B4	悴	TW1
U+231F6	𣇶	U+6C92	沒	TW1
U+6CA1	没	U+6C92	沒	TW1
U+28054	𨁔	U+8DF3	跳	TW1
U+8D92	趒	U+8DF3	跳	TW1
U+205F5	𠗵	U+6EC2	滂	TW1
U+678F	枏	U+6960	楠	TW1
U+67AC	枬	U+6960	楠	TW1
U+67DF	柟	U+6960	楠	TW1
U+21428	𡐨	U+91CE	野	TW1
U+57DC	埜	U+91CE	野	TW1
U+80C6	胆	U+81BD	膽	TW1
U+508C	傌	U+7F75	罵	TW1
U+99E1	駡	U+7F75	罵	TW1
U+81D9	臙	U+80ED	胭	TW1
U+26D4F	𦵏	U+846C	葬	TW1
U+585F	塟	U+846C	葬	TW1
U+9AD7	髗	U+9871	顱	TW1
U+27039	𧀹	U+8517	蔗	TW1
U+3FDF	㿟	U+768E	皎	TW1
U+76A6	皦	U+768E	皎	TW1
U+520B	刋	U+520A	刊	TW1
U+681E	栞	U+520A	刊	TW1
U+6E4F	湏	U+9808	須	TW1
U+26676	𦙶	U+80A1	股	TW1
U+6A90	檐	U+7C37	簷	TW1
U+6722	朢	U+671B	望	TW1
U+51B3	决	U+6C7A	決	TW1
U+6060	恠	U+602A	怪	TW1
U+5B43	孃	U+5A18	娘	TW1
U+51D9	凙	U+6FA4	澤	TW1
U+237EC	𣟬	U+6B04	欄	TW1
U+6CB2	沲	U+6CB1	沱	TW1
U+991A	餚	U+80B4	肴	TW1
U+800F	耏	U+8010	耐	TW1
U+61C3	懃	U+52E4	勤	TW1
U+4D8F	䶏	U+6D95	涕	TW1
U+28556	𨕖	U+9078	選	TW1
U+4EFC	仼	U+4EFB	任	TW1
U+38F2	㣲	U+5FAE	微	TW1
U+8EB7	躷	U+77EE	矮	TW1
U+770E	眎	U+8996	視	TW1
U+7721	眡	U+8996	視	TW1
U+5A3F	娿	U+5A40	婀	TW1
U+905F	遟	U+9072	遲	TW1
U+9CEE	鳮	U+96DE	雞	TW1
U+9DC4	鷄	U+96DE	雞	TW1
U+76C7	盇	U+76CD	盍	TW1
U+5355	单	U+55AE	單	TW1
U+3BF6	㯶	U+68D5	棕	TW1
U+6936	椶	U+68D5	棕	TW1
U+2353C	𣔼	U+7AFF	竿	TW1
U+85F7	藷	U+85AF	薯	TW1
U+39C3	㧃	U+6536	收	TW1
U+53CE	収	U+6536	收	TW1
U+4965	䥥	U+942E	鐮	TW1
U+938C	鎌	U+942E	鐮	TW1
U+8095	肕	U+97CC	韌	TW1
U+976D	靭	U+97CC	韌	TW1
U+9771	靱	U+97CC	韌	TW1
U+58FB	壻	U+5A7F	婿	TW1
U+920E	鈎	U+9264	鉤	TW1
U+3898	㢘	U+5EC9	廉	TW1
U+4EB7	亷	U+5EC9	廉	TW1
U+3A3F	㨿	U+64DA	據	TW1
U+3A40	㩀	U+64DA	據	TW1
U+79C3	秃	U+79BF	禿	TW1
U+7C12	簒	U+7BE1	篡	TW1
U+61B0	憰	U+8B4E	譎	TW1
U+4E5A	乚	U+96B1	隱	TW1
U+49CF	䧏	U+964D	降	TW1
U+5905	夅	U+964D	降	TW1
U+70A4	炤	U+7167	照	TW1
U+23E8C	𣺌	U+6E3A	渺	TW1
U+6DFC	淼	U+6E3A	渺	TW1
U+98C3	飃	U+98C4	飄	TW1
U+66CF	曏	U+56AE	嚮	TW1
U+9A17	騗	U+9A19	騙	TW1
U+6629	昩	U+6627	昧	TW1
U+6C68	汨	U+6C69	汩	TW1
U+217BE	𡞾	U+5AE9	嫩	TW1
U+5A86	媆	U+5AE9	嫩	TW1
U+5AF0	嫰	U+5AE9	嫩	TW1
U+7416	琖	U+76DE	盞	TW1
U+9186	醆	U+76DE	盞	TW1
U+5081	傁	U+53DF	叟	TW1
U+53DC	叜	U+53DF	叟	TW1
U+2F8D2	冒	U+5192	冒	TW1
U+5190	冐	U+5192	冒	TW1
U+46FC	䛼	U+71EC	燬	TW1
U+6BC1	毁	U+71EC	燬	TW1
U+8B6D	譭	U+71EC	燬	TW1
U+7645	癅	U+7624	瘤	TW1
U+5EBD	庽	U+5BD3	寓	TW1
U+9F39	鼹	U+9F34	鼴	TW1
U+25874	𥡴	U+7A3D	稽	TW1
U+529D	劝	U+52F8	勸	TW1
U+4E07	万	U+842C	萬	TW1
U+8D12	贒	U+8CE2	賢	TW1
U+5E59	幙	U+5E55	幕	TW1
U+58BB	墻	U+7246	牆	TW1
U+5EE7	廧	U+7246	牆	TW1
U+65FE	旾	U+6625	春	TW1
U+4F03	伃	U+59A4	妤	TW1
U+88B7	袷	U+593E	夾	TW1
U+88CC	裌	U+593E	夾	TW1
U+7CA4	粤	U+7CB5	粵	TW1
U+7E01	縁	U+7DE3	緣	TW1
U+58D0	壐	U+74BD	璽	TW1
U+591F	够	U+5920	夠	TW1
U+5F40	彀	U+5920	夠	TW1
U+6A9D	檝	U+696B	楫	TW1
U+8265	艥	U+696B	楫	TW1
U+51D1	凑	U+6E4A	湊	TW1
U+4576	䕶	U+8B77	護	TW1
U+28CE9	𨳩	U+958B	開	TW1
U+7567	畧	U+7565	略	TW1
U+41FF	䇿	U+7B56	策	TW1
U+7B5E	筞	U+7B56	策	TW1
U+7B74	筴	U+7B56	策	TW1
U+63F9	揹	U+80CC	背	TW1
U+8E5F	蹟	U+8DE1	跡	TW1
U+8FF9	迹	U+8DE1	跡	TW1
U+88CF	裏	U+88E1	裡	TW1
U+7232	爲	U+70BA	為	TW1
U+34B0	㒰	U+5168	全	TW1
U+4313	䌓	U+7E41	繁	TW1
U+7DD0	緐	U+7E41	繁	TW1
U+6031	怱	U+5306	匆	TW1
U+60A4	悤	U+5306	匆	TW1
U+7447	瑇	U+73B3	玳	TW1
U+8AA9	誩	U+7AF6	競	TW1
U+91D2	釒	U+91D1	金	TW1
U+5024	値	U+503C	值	TW1
U+6B2C	欬	U+54B3	咳	TW1
U+5FFC	忼	U+6177	慷	TW1
U+21A34	𡨴	U+5BE7	寧	TW1
U+21A4B	𡩋	U+5BE7	寧	TW1
U+5BCD	寍	U+5BE7	寧	TW1
U+5BD5	寕	U+5BE7	寧	TW1
U+5BD7	寗	U+5BE7	寧	TW1
U+5BDC	寜	U+5BE7	寧	TW1
U+752F	甯	U+5BE7	寧	TW1
U+7431	琱	U+96D5	雕	TW1
U+8B54	譔	U+64B0	撰	TW1
U+9AD5	髕	U+81CF	臏	TW1
U+24C1C	𤰜	U+755D	畝	TW1
U+24C48	𤱈	U+755D	畝	TW1
U+7542	畂	U+755D	畝	TW1
U+7546	畆	U+755D	畝	TW1
U+756E	畮	U+755D	畝	TW1
U+7253	牓	U+699C	榜	TW1
U+6816	栖	U+68F2	棲	TW1
U+84D1	蓑	U+7C11	簑	TW1
U+46FB	䛻	U+8A98	誘	TW1
U+5C17	尗	U+53D4	叔	TW1
U+2627D	𦉽	U+7F54	罔	TW1
U+34BA	㒺	U+7F54	罔	TW1
U+34C1	㓁	U+7F54	罔	TW1
U+7F51	网	U+7F54	罔	TW1
U+8994	覔	U+8993	覓	TW1
U+7FB4	羴	U+7FB6	羶	TW1
U+81BB	膻	U+7FB6	羶	TW1
U+22C3E	𢰾	U+7E3D	總	TW1
U+6403	搃	U+7E3D	總	TW1
U+6460	摠	U+7E3D	總	TW1
U+7DEB	緫	U+7E3D	總	TW1
U+7E02	縂	U+7E3D	總	TW1
U+2ED51	𮵑	U+7459	瑙	TW1
U+78AF	碯	U+7459	瑙	TW1
U+70F1	烱	U+70AF	炯	TW1
U+5631	嘱	U+56D1	囑	TW1
U+6CEA	泪	U+6DDA	淚	TW1
U+583F	堿	U+9E7C	鹼	TW1
U+78B1	碱	U+9E7C	鹼	TW1
U+9E7B	鹻	U+9E7C	鹼	TW1
U+93AD	鎭	U+93AE	鎮	TW1
U+54A5	咥	U+563B	嘻	TW1
U+8B46	譆	U+563B	嘻	TW1
U+21731	𡜱	U+5AC9	嫉	TW1
U+62C5	担	U+64D4	擔	TW1
U+461A	䘚	U+5352	卒	TW1
U+8B1F	謟	U+8AC2	諂	TW1
U+512D	儭	U+896F	襯	TW1
U+992B	餫	U+991B	餛	TW1
U+5507	唇	U+8123	脣	TW1
U+5D17	崗	U+5CA1	岡	TW1
U+880F	蠏	U+87F9	蟹	TW1
U+6498	撘	U+642D	搭	TW1
U+5BF9	对	U+5C0D	對	TW1
U+676E	杮	U+67FF	柿	TW1
U+67BE	枾	U+67FF	柿	TW1
U+67F9	柹	U+67FF	柿	TW1
U+9397	鎗	U+69CD	槍	TW1
U+41BC	䆼	U+7AA0	窠	TW1
U+9C10	鰐	U+9C77	鱷	TW1
U+9902	餂	U+8214	舔	TW1
U+938B	鎋	U+8F44	轄	TW1
U+92B9	銹	U+93FD	鏽	TW1
U+93E5	鏥	U+93FD	鏽	TW1
U+3435	㐵	U+5112	儒	TW1
U+7E10	縐	U+76BA	皺	TW1
U+808E	肎	U+80AF	肯	TW1
U+8E30	踰	U+903E	逾	TW1
U+7BAC	箬	U+7BDB	篛	TW1
U+8987	覇	U+9738	霸	TW1
U+63D1	揑	U+634F	捏	TW1
U+8EB3	躳	U+8EAC	躬	TW1
U+8B8E	讎	U+4EC7	仇	TW1
U+8B90	讐	U+4EC7	仇	TW1
U+6E29	温	U+6EAB	溫	TW1
U+9013	逓	U+905E	遞	TW1
U+2F80F	兔	U+5154	兔	TW1
U+514E	兎	U+5154	兔	TW1
U+5CE9	峩	U+5CE8	峨	TW1
U+681B	栛	U+8354	荔	TW1
U+8318	茘	U+8354	荔	TW1
U+51FE	凾	U+51FD	函	TW1
U+5705	圅	U+51FD	函	TW1
U+3554	㕔	U+5EF3	廳	TW1
U+5D27	崧	U+5D69	嵩	TW1
U+21A25	𡨥	U+5BC7	寇	TW1
U+2D075	𭁵	U+5BC7	寇	TW1
U+34C2	㓂	U+5BC7	寇	TW1
U+5BBC	宼	U+5BC7	寇	TW1
U+5F3A	强	U+5F37	強	TW1
U+5F4A	彊	U+5F37	強	TW1
U+22DEC	𢷬	U+6417	搗	TW1
U+64E3	擣	U+6417	搗	TW1
U+2228D	𢊍	U+5EDA	廚	TW1
U+3551	㕑	U+5EDA	廚	TW1
U+53A8	厨	U+5EDA	廚	TW1
U+22B46	𢭆	U+62BD	抽	TW1
U+587C	塼	U+78DA	磚	TW1
U+750E	甎	U+78DA	磚	TW1
U+295D7	𩗗	U+98B6	颶	TW1
U+8AF5	諵	U+5583	喃	TW1
U+8EF0	軰	U+8F29	輩	TW1
U+6C5A	汚	U+6C59	汙	TW1
U+6C61	污	U+6C59	汙	TW1
U+6D3F	洿	U+6C59	汙	TW1
U+458F	䖏	U+8655	處	TW1
U+51E6	処	U+8655	處	TW1
U+899C	覜	U+773A	眺	TW1
U+886E	衮	U+889E	袞	TW1
U+624C	扌	U+624B	手	TW1
U+34B7	㒷	U+8208	興	TW1
U+4749	䝉	U+8499	蒙	TW1
U+211A4	𡆤	U+76EE	目	TW1
U+2145E	𡑞	U+96A7	隧	TW1
U+7BBE	箾	U+7C2B	簫	TW1
U+99DE	駞	U+99DD	駝	TW1
U+6199	憙	U+559C	喜	TW1
U+205A5	𠖥	U+5BF5	寵	TW1
U+20302	𠌂	U+5098	傘	TW1
U+7E56	繖	U+5098	傘	TW1
U+983C	頼	U+8CF4	賴	TW1
U+8C4B	豋	U+767B	登	TW1
U+65D8	旘	U+5E5F	幟	TW1
U+7240	牀	U+5E8A	床	TW1
U+7FFA	翺	U+7FF1	翱	TW1
U+5218	刘	U+5289	劉	TW1
U+6075	恵	U+60E0	惠	TW1
U+3BA3	㮣	U+6982	概	TW1
U+69E9	槩	U+6982	概	TW1
U+69EA	槪	U+6982	概	TW1
U+772F	眯	U+7787	瞇	TW1
U+294D0	𩓐	U+8116	脖	TW1
U+5273	剳	U+672D	札	TW1
U+5284	劄	U+672D	札	TW1
U+8FE4	迤	U+8FC6	迆	TW1
U+3800	㠀	U+5CF6	島	TW1
U+667B	晻	U+6697	暗	TW1
U+95C7	闇	U+6697	暗	TW1
U+22662	𢙢	U+6050	恐	TW1
U+22BA5	𢮥	U+64CD	操	TW1
U+4F40	佀	U+4F3C	似	TW1
U+75B1	疱	U+76B0	皰	TW1
U+22FF9	𢿹	U+6BBA	殺	TW1
U+878E	螎	U+878D	融	TW1
U+8EF6	軶	U+8EDB	軛	TW1
U+5432	吲	U+54C2	哂	TW1
U+87C7	蟇	U+87C6	蟆	TW1
U+6760	杠	U+69D3	槓	TW1
U+753F	甿	U+6C13	氓	TW1
U+4E22	丢	U+4E1F	丟	TW1
U+29811	𩠑	U+9802	頂	TW1
U+284C6	𨓆	U+9000	退	TW1
U+9436	鐶	U+9370	鍰	TW1
U+6537	攷	U+8003	考	TW1
U+75F9	痹	U+75FA	痺	TW1
U+64BD	撽	U+64CA	擊	TW1
U+55C1	嗁	U+557C	啼	TW1
U+7089	炉	U+7210	爐	TW1
U+946A	鑪	U+7210	爐	TW1
U+355E	㕞	U+5237	刷	TW1
U+6DCA	淊	U+6DF9	淹	TW1
U+6E30	渰	U+6DF9	淹	TW1
U+7708	眈	U+803D	耽	TW1
U+8EAD	躭	U+803D	耽	TW1
U+2EDE9	𮷩	U+90A3	那	TW1
U+661A	昚	U+614E	慎	TW1
U+7683	皃	U+8C8C	貌	TW1
U+8C8E	貎	U+8C8C	貌	TW1
U+962C	阬	U+5751	坑	TW1
U+2D17A	𭅺	U+90CE	郎	TW1
U+90DE	郞	U+90CE	郎	TW1
U+530A	匊	U+63AC	掬	TW1
U+53A2	厢	U+5EC2	廂	TW1
U+52D6	勖	U+52D7	勗	TW1
U+6BEC	毬	U+7403	球	TW1
U+3541	㕁	U+537B	卻	TW1
U+5374	却	U+537B	卻	TW1
U+20228	𠈨	U+4F5C	作	TW1
U+59D9	姙	U+598A	妊	TW1
U+4455	䑕	U+9F20	鼠	TW1
U+5900	夀	U+58FD	壽	TW1
U+5BFF	寿	U+58FD	壽	TW1
U+758D	疍	U+86CB	蛋	TW1
U+8711	蜑	U+86CB	蛋	TW1
U+3E14	㸔	U+770B	看	TW1
U+510C	儌	U+50E5	僥	TW1
U+8CD4	賔	U+8CD3	賓	TW1
U+5923	夣	U+5922	夢	TW1
U+68A6	梦	U+5922	夢	TW1
U+5B3E	嬾	U+61F6	懶	TW1
U+2570C	𥜌	U+8956	襖	TW1
U+6C6B	汫	U+9631	阱	TW1
U+7A7D	穽	U+9631	阱	TW1
U+83D3	菓	U+679C	果	TW1
U+73CE	珎	U+73CD	珍	TW1
U+8AE0	諠	U+55A7	喧	TW1
U+2550E	𥔎	U+5D0E	崎	TW1
U+37E2	㟢	U+5D0E	崎	TW1
U+57FC	埼	U+5D0E	崎	TW1
U+5D5C	嵜	U+5D0E	崎	TW1
U+7895	碕	U+5D0E	崎	TW1
U+966D	陭	U+5D0E	崎	TW1
U+6052	恒	U+6046	恆	TW1
U+27FF9	𧿹	U+62C7	拇	TW1
U+52B3	劳	U+52DE	勞	TW1
U+7C2E	簮	U+7C2A	簪	TW1
U+7160	煠	U+70B8	炸	TW1
U+25CBB	𥲻	U+7E82	纂	TW1
U+7BF9	篹	U+7E82	纂	TW1
U+5F83	徃	U+5F80	往	TW1
U+9AE5	髥	U+9AEF	髯	TW1
U+6B81	殁	U+6B7F	歿	TW1
U+6461	摡	U+6E89	溉	TW1
U+8103	脃	U+8106	脆	TW1
U+7B92	箒	U+5E1A	帚	TW1
U+78F5	磵	U+6F97	澗	TW1
U+5BD8	寘	U+7F6E	置	TW1
U+613D	愽	U+535A	博	TW1
U+60A6	悦	U+6085	悅	TW1
U+6BBD	殽	U+6DC6	淆	TW1
U+582D	堭	U+968D	隍	TW1
U+4E30	丰	U+8C50	豐	TW1
U+8C4A	豊	U+8C50	豐	TW1
U+9F03	鼃	U+86D9	蛙	TW1
U+811A	脚	U+8173	腳	TW1
U+6973	楳	U+6885	梅	TW1
U+69D1	槑	U+6885	梅	TW1
U+3F1D	㼝	U+7897	碗	TW1
U+6900	椀	U+7897	碗	TW1
U+76CC	盌	U+7897	碗	TW1
U+3E03	㸃	U+9EDE	點	TW1
U+70B9	点	U+9EDE	點	TW1
U+3B68	㭨	U+6930	椰	TW1
U+27405	𧐅	U+86C6	蛆	TW1
U+7DD6	緖	U+7DD2	緒	TW1
U+239B5	𣦵	U+6B79	歹	TW1
U+239B6	𣦶	U+6B79	歹	TW1
U+6B7A	歺	U+6B79	歹	TW1
U+576D	坭	U+6CE5	泥	TW1
U+885E	衞	U+885B	衛	TW1
U+8B4C	譌	U+8A1B	訛	TW1
U+24968	𤥨	U+7422	琢	TW1
U+63FA	揺	U+6416	搖	TW1
U+6447	摇	U+6416	搖	TW1
U+28622	𨘢	U+908A	邊	TW1
U+8FB9	边	U+908A	邊	TW1
U+471B	䜛	U+8B92	讒	TW1
U+57C7	埇	U+752C	甬	TW1
U+4BFB	䯻	U+9AFB	髻	TW1
U+93BB	鎻	U+9396	鎖	TW1
U+93C1	鏁	U+9396	鎖	TW1
U+4A07	䨇	U+96D9	雙	TW1
U+53CC	双	U+96D9	雙	TW1
U+51B2	冲	U+6C96	沖	TW1
U+6AC8	櫈	U+51F3	凳	TW1
U+65F3	旳	U+7684	的	TW1
U+3AC3	㫃	U+5043	偃	TW1
U+5590	喐	U+90C1	郁	TW1
U+5746	坆	U+58B3	墳	TW1
U+575F	坟	U+58B3	墳	TW1
U+4F48	佈	U+5E03	布	TW1
U+5EF8	廸	U+8FEA	迪	TW1
U+6588	斈	U+5B78	學	TW1
U+7598	疘	U+809B	肛	TW1
U+2325E	𣉞	U+7693	皓	TW1
U+66A0	暠	U+7693	皓	TW1
U+769C	皜	U+7693	皓	TW1
U+769D	皝	U+7693	皓	TW1
U+9865	顥	U+7693	皓	TW1
U+25418	𥐘	U+77F3	石	TW1
U+4C1F	䰟	U+9B42	魂	TW1
U+73EA	珪	U+572D	圭	TW1
U+2B26C	𫉬	U+7372	獲	TW1
U+9200	鈀	U+8019	耙	TW1
U+79CF	秏	U+8017	耗	TW1
U+7D5D	絝	U+8932	褲	TW1
U+88B4	袴	U+8932	褲	TW1
U+7D82	綂	U+7D71	統	TW1
U+24C4A	𤱊	U+7559	留	TW1
U+3F5E	㽞	U+7559	留	TW1
U+7544	畄	U+7559	留	TW1
U+7571	畱	U+7559	留	TW1
U+793C	礼	U+79AE	禮	TW1
U+7F57	罗	U+7F85	羅	TW1
U+24EA5	𤺥	U+7629	瘩	TW1
U+7826	砦	U+5BE8	寨	TW1
U+2845F	𨑟	U+64AB	撫	TW1
U+636C	捬	U+64AB	撫	TW1
U+6673	晳	U+6670	晰	TW1
U+89A9	覩	U+7779	睹	TW1
U+68E5	棥	U+6A0A	樊	TW1
U+753B	画	U+756B	畫	TW1
U+7575	畵	U+756B	畫	TW1
U+6A64	橤	U+854A	蕊	TW1
U+854B	蕋	U+854A	蕊	TW1
U+8602	蘂	U+854A	蕊	TW1
U+80D7	胗	U+75B9	疹	TW1
U+6F6C	潬	U+7058	灘	TW1
U+74EE	瓮	U+7515	甕	TW1
U+7F4B	罋	U+7515	甕	TW1
U+8B98	讘	U+56C1	囁	TW1
U+53D8	变	U+8B8A	變	TW1
U+5909	変	U+8B8A	變	TW1
U+7F3B	缻	U+7F36	缶	TW1
U+5249	剉	U+92BC	銼	TW1
U+2BB42	𫭂	U+7530	田	TW1
U+6822	栢	U+67CF	柏	TW1
U+69D5	槕	U+684C	桌	TW1
U+49FA	䧺	U+96C4	雄	TW1
U+27DE2	𧷢	U+8D13	贓	TW1
U+8CCD	賍	U+8D13	贓	TW1
U+8D1C	贜	U+8D13	贓	TW1
U+26351	𦍑	U+7F8C	羌	TW1
U+7F97	羗	U+7F8C	羌	TW1
U+2591A	𥤚	U+79CB	秋	TW1
U+418B	䆋	U+79CB	秋	TW1
U+79CC	秌	U+79CB	秋	TW1
U+9F9D	龝	U+79CB	秋	TW1
U+54B2	咲	U+7B11	笑	TW1
U+8E7B	蹻	U+8E7A	蹺	TW1
U+77D9	矙	U+77B0	瞰	TW1
U+7644	癄	U+6194	憔	TW1
U+9866	顦	U+6194	憔	TW1
U+5DFB	巻	U+5377	卷	TW1
U+7CFA	糺	U+7CFE	糾	TW1
U+284DC	𨓜	U+9038	逸	TW1
U+8FDC	远	U+9060	遠	TW1
U+6719	朙	U+660E	明	TW1
U+56F1	囱	U+56EA	囪	TW1
U+3A9A	㪚	U+6563	散	TW1
U+95DA	闚	U+7ABA	窺	TW1
U+70DF	烟	U+7159	煙	TW1
U+56B5	嚵	U+995E	饞	TW1
U+58F0	声	U+8072	聲	TW1
U+8276	艶	U+8C54	豔	TW1
U+8277	艷	U+8C54	豔	TW1
U+8C53	豓	U+8C54	豔	TW1
U+20544	𠕄	U+51F9	凹	TW1
U+830D	茍	U+82DF	苟	TW1
U+51C0	净	U+6DE8	淨	TW1
U+51C8	凈	U+6DE8	淨	TW1
U+8962	襢	U+8892	袒	TW1
U+3AC1	㫁	U+65B7	斷	TW1
U+65AD	断	U+65B7	斷	TW1
U+609E	悞	U+8AA4	誤	TW1
U+967C	陼	U+6E1A	渚	TW1
U+34F8	㓸	U+65AB	斫	TW1
U+65AE	斮	U+65AB	斫	TW1
U+65B2	斲	U+65AB	斫	TW1
U+65B5	斵	U+65AB	斫	TW1
U+9C15	鰕	U+8766	蝦	TW1
U+56EF	囯	U+570B	國	TW1
U+6AFE	櫾	U+67DA	柚	TW1
U+52B5	劵	U+5238	券	TW1
U+52F3	勳	U+52DB	勛	TW1
U+3D11	㴑	U+6EAF	溯	TW1
U+6CDD	泝	U+6EAF	溯	TW1
U+9061	遡	U+6EAF	溯	TW1
U+74DF	瓟	U+530F	匏	TW1
U+8988	覈	U+6838	核	TW1
U+53B7	厷	U+80B1	肱	TW1
U+2050A	𠔊	U+5175	兵	TW1
U+673A	机	U+6A5F	機	TW1
U+20A1D	𠨝	U+6028	怨	TW1
U+8CF8	賸	U+5269	剩	TW1
U+6366	捦	U+64D2	擒	TW1
U+3434	㐴	U+6500	攀	TW1
U+7740	着	U+8457	著	TW1
U+7681	皁	U+7682	皂	TW1
U+20602	𠘂	U+6F31	漱	TW1
U+6F44	潄	U+6F31	漱	TW1
U+9245	鉅	U+5DE8	巨	TW1
U+5318	匘	U+8166	腦	TW1
U+846F	葯	U+85E5	藥	TW1
U+978C	鞌	U+978D	鞍	TW1
U+4FA3	侣	U+4FB6	侶	TW1
U+9AC8	髈	U+8180	膀	TW1
U+4103	䄃	U+6B83	殃	TW1
U+6800	栀	U+6894	梔	TW1
U+8F2D	輭	U+8EDF	軟	TW1
U+9586	閆	U+95BB	閻	TW1
U+54A4	咤	U+5412	吒	TW1
U+52C4	勄	U+654F	敏	TW1
U+75BF	疿	U+75F1	痱	TW1
U+257DF	𥟟	U+7A46	穆	TW1
U+30C28	𰰨	U+82B1	花	TW1
U+82B2	芲	U+82B1	花	TW1
U+8624	蘤	U+82B1	花	TW1
U+79BB	离	U+96E2	離	TW1
U+4D38	䴸	U+9EA9	麩	TW1
U+7CB0	粰	U+9EA9	麩	TW1
U+7282	犂	U+7281	犁	TW1
U+3D52	㵒	U+6CB8	沸	TW1
U+432B	䌫	U+7E9C	纜	TW1
U+2F9DE	軔	U+8ED4	軔	TW1
U+7145	煅	U+935B	鍛	TW1
U+24D10	𤴐	U+96F7	雷	TW1
U+291D3	𩇓	U+96F7	雷	TW1
U+548A	咊	U+548C	和	TW1
U+9FA2	龢	U+548C	和	TW1
U+9206	鈆	U+925B	鉛	TW1
U+5C1F	尟	U+9BAE	鮮	TW1
U+5C20	尠	U+9BAE	鮮	TW1
U+9C7B	鱻	U+9BAE	鮮	TW1
U+706F	灯	U+71C8	燈	TW1
U+4443	䑃	U+6726	朦	TW1
U+72AD	犭	U+72AC	犬	TW1
U+29272	𩉲	U+9F13	鼓	TW1
U+76B7	皷	U+9F13	鼓	TW1
U+9F14	鼔	U+9F13	鼓	TW1
U+529E	办	U+8FA6	辦	TW1
U+22091	𢂑	U+62ED	拭	TW1
U+7D89	綉	U+7E61	繡	TW1
U+9114	鄔	U+5862	塢	TW1
U+9696	隖	U+5862	塢	TW1
U+969D	隝	U+5862	塢	TW1
U+59D7	姗	U+59CD	姍	TW1
U+788D	碍	U+7919	礙	TW1
U+97BD	鞽	U+6A47	橇	TW1
U+97EE	韮	U+97ED	韭	TW1
U+5C30	尰	U+816B	腫	TW1
U+5C05	尅	U+524B	剋	TW1
U+9A58	驘	U+9A3E	騾	TW1
U+4093	䂓	U+898F	規	TW1
U+69FC	槼	U+898F	規	TW1
U+20B9F	𠮟	U+53F1	叱	TW1
U+2B738	𫜸	U+53F1	叱	TW1
U+79D8	秘	U+7955	祕	TW1
U+4EBB	亻	U+4EBA	人	TW1
U+654E	敎	U+6559	教	TW1
U+53DA	叚	U+5047	假	TW1
U+36DB	㛛	U+5A20	娠	TW1
U+5335	匵	U+6ADD	櫝	TW1
U+576F	坯	U+574F	坏	TW1
U+6EA4	溤	U+99AE	馮	TW1
U+5FA4	徤	U+5065	健	TW1
U+99E6	駦	U+9A30	騰	TW1
U+21B36	𡬶	U+5C0B	尋	TW1
U+3777	㝷	U+5C0B	尋	TW1
U+51A9	冩	U+5BEB	寫	TW1
U+9599	閙	U+9B27	鬧	TW1
U+355A	㕚	U+722A	爪	TW1
U+722B	爫	U+722A	爪	TW1
U+5460	呠	U+5674	噴	TW1
U+6B55	歕	U+5674	噴	TW1
U+39D6	㧖	U+627C	扼	TW1
U+6424	搤	U+627C	扼	TW1
U+9939	餹	U+7CD6	糖	TW1
U+506A	偪	U+903C	逼	TW1
U+8DE5	跥	U+8DFA	跺	TW1
U+299A2	𩦢	U+865E	虞	TW1
U+6061	恡	U+541D	吝	TW1
U+608B	悋	U+541D	吝	TW1
U+65F6	时	U+6642	時	TW1
U+65F9	旹	U+6642	時	TW1
U+663B	昻	U+6602	昂	TW1
U+67FB	査	U+67E5	查	TW1
U+7C44	籄	U+7C23	簣	TW1
U+8562	蕢	U+7C23	簣	TW1
U+8797	螗	U+87B3	螳	TW1
U+2EBF4	𮯴	U+502A	倪	TW1
U+2456D	𤕭	U+5C07	將	TW1
U+5C06	将	U+5C07	將	TW1
U+9AE9	髩	U+9B22	鬢	TW1
U+9B02	鬂	U+9B22	鬢	TW1
U+90A8	邨	U+6751	村	TW1
U+8AD5	諕	U+552C	唬	TW1
U+75D2	痒	U+7662	癢	TW1
U+37ED	㟭	U+5CAB	岫	TW1
U+7A0E	税	U+7A05	稅	TW1
U+7E8E	纎	U+7E96	纖	TW1
U+26C44	𦱄	U+83F0	菰	TW1
U+83C7	菇	U+83F0	菰	TW1
U+5A8D	媍	U+5A66	婦	TW1
U+57F3	埳	U+574E	坎	TW1
U+6F81	澁	U+6F80	澀	TW1
U+6FC7	濇	U+6F80	澀	TW1
U+7012	瀒	U+6F80	澀	TW1
U+55BF	喿	U+566A	噪	TW1
U+8B5F	譟	U+566A	噪	TW1
U+28EF6	𨻶	U+9699	隙	TW1
U+3A09	㨉	U+62BF	抿	TW1
U+7B66	筦	U+7BA1	管	TW1
U+6F87	澇	U+6F66	潦	TW1
U+4EBE	亾	U+4EA1	亡	TW1
U+5166	兦	U+4EA1	亡	TW1
U+9C60	鱠	U+81BE	膾	TW1
U+707E	灾	U+707D	災	TW1
U+70D6	烖	U+707D	災	TW1
U+753E	甾	U+707D	災	TW1
U+83D1	菑	U+707D	災	TW1
U+4E1C	东	U+6771	東	TW1
U+8EF2	軲	U+8F42	轂	TW1
U+3743	㝃	U+5A29	娩	TW1
U+5808	堈	U+7F38	缸	TW1
U+7F41	罁	U+7F38	缸	TW1
U+906F	遯	U+9041	遁	TW1
U+8534	蔴	U+9EBB	麻	TW1
U+6B4E	歎	U+5606	嘆	TW1
U+3966	㥦	U+611C	愜	TW1
U+9855	顕	U+986F	顯	TW1
U+6BD8	毘	U+6BD7	毗	TW1
U+78D2	磒	U+9695	隕	TW1
U+5ED4	廔	U+6A13	樓	TW1
U+99EE	駮	U+99C1	駁	TW1
U+984B	顋	U+816E	腮	TW1
U+4F4B	佋	U+7D39	紹	TW1
U+21C46	𡱆	U+5C6C	屬	TW1
U+5C5E	属	U+5C6C	屬	TW1
U+20EF3	𠻳	U+55FD	嗽	TW1
U+7636	瘶	U+55FD	嗽	TW1
U+4E8A	亊	U+4E8B	事	TW1
U+6607	昇	U+5347	升	TW1
U+965E	陞	U+5347	升	TW1
U+260B3	𦂳	U+7DCA	緊	TW1
U+260C2	𦃂	U+7DCA	緊	TW1
U+6B13	欓	U+6A94	檔	TW1
U+6267	执	U+57F7	執	TW1
U+2664D	𦙍	U+80E4	胤	TW1
U+63C5	揅	U+7814	研	TW1
U+784F	硏	U+7814	研	TW1
U+936B	鍫	U+936C	鍬	TW1
U+5742	坂	U+962A	阪	TW1
U+5C85	岅	U+962A	阪	TW1
U+7F78	罸	U+7F70	罰	TW1
U+22B38	𢬸	U+62EC	括	TW1
U+2D954	𭥔	U+8000	耀	TW1
U+2EC9D	𮲝	U+8000	耀	TW1
U+66DC	曜	U+8000	耀	TW1
U+71FF	燿	U+8000	耀	TW1
U+3F63	㽣	U+57DF	域	TW1
U+262B1	𦊱	U+639B	掛	TW1
U+6302	挂	U+639B	掛	TW1
U+9B3D	鬽	U+9B45	魅	TW1
U+7B6D	筭	U+7B97	算	TW1
U+9349	鍉	U+5319	匙	TW1
U+5226	刦	U+52AB	劫	TW1
U+5227	刧	U+52AB	劫	TW1
U+523C	刼	U+52AB	劫	TW1
U+21681	𡚁	U+5F0A	弊	TW1
U+4E2A	个	U+500B	個	TW1
U+7B87	箇	U+500B	個	TW1
U+24F35	𤼵	U+767C	發	TW1
U+9F69	齩	U+54AC	咬	TW1
U+8213	舓	U+8210	舐	TW1
U+6792	枒	U+4E2B	丫	TW1
U+690F	椏	U+4E2B	丫	TW1
U+4020	䀠	U+77BF	瞿	TW1
U+7FC4	翄	U+7FC5	翅	TW1
U+6669	晩	U+665A	晚	TW1
U+658D	斍	U+89BA	覺	TW1
U+8990	覐	U+89BA	覺	TW1
U+4147	䅇	U+7C9F	粟	TW1
U+4F53	体	U+9AD4	體	TW1
U+8EC6	軆	U+9AD4	體	TW1
U+538E	厎	U+7825	砥	TW1
U+5CD2	峒	U+6D1E	洞	TW1
U+5CDD	峝	U+6D1E	洞	TW1
U+9B26	鬦	U+9B25	鬥	TW1
U+9B2A	鬪	U+9B25	鬥	TW1
U+9B2C	鬬	U+9B25	鬥	TW1
U+9B2D	鬭	U+9B25	鬥	TW1
U+2F940	直	U+76F4	直	TW1
U+6038	怸	U+6089	悉	TW1
U+60F7	惷	U+8822	蠢	TW1
U+6090	悐	U+60D5	惕	TW1
U+27EAB	𧺫	U+8D77	起	TW1
U+34EE	㓮	U+5F6B	彫	TW1
U+9D70	鵰	U+5F6B	彫	TW1
U+2272B	𢜫	U+60FA	惺	TW1
U+65E4	旤	U+798D	禍	TW1
U+64FF	擿	U+64F2	擲	TW1
U+5C00	尀	U+53F5	叵	TW1
U+7AD2	竒	U+5947	奇	TW1
U+6D8C	涌	U+6E67	湧	TW1
U+23F7D	𣽽	U+6F78	潸	TW1
U+3790	㞐	U+5C45	居	TW1
U+5016	倖	U+5E78	幸	KO1
U+5344	卄	U+8349	草	KO1
U+535D	卝	U+8349	草	KO1
U+5EFF	廿	U+8349	草	KO1
U+8278	艸	U+8349	草	KO1
U+8279	艹	U+8349	草	KO1
U+8A3C	証	U+8B49	證	KO1
U+617E	慾	U+6B32	欲	KO1
U+2011E	𠄞	U+4E8C	二	KO1
U+2011F	𠄟	U+4E8C	二	KO1
U+20120	𠄠	U+4E8C	二	KO1
U+5F0D	弍	U+4E8C	二	KO1
U+8CB3	貳	U+4E8C	二	KO1
U+8B5A	譚	U+8AC7	談	KO1
U+342B	㐫	U+51F6	凶	KO1
U+34D9	㓙	U+51F6	凶	KO1
U+5147	兇	U+51F6	凶	KO1
U+774F	睏	U+56F0	困	KO1
U+8907	複	U+5FA9	復	KO1
U+8129	脩	U+4FEE	修	KO1
U+58F9	壹	U+4E00	一	KO1
U+5F0C	弌	U+4E00	一	KO1
U+8A3B	註	U+6CE8	注	KO1
U+5D60	嵠	U+6EAA	溪	KO1
U+8C3F	谿	U+6EAA	溪	KO1
U+3CFA	㳺	U+904A	遊	KO1
U+6E38	游	U+904A	遊	KO1
U+6BD3	毓	U+80B2	育	KO1
U+5308	匈	U+80F8	胸	KO1
U+80F7	胷	U+80F8	胸	KO1
U+6368	捨	U+820D	舍	KO1
U+6A38	樸	U+6734	朴	KO1
U+7BB4	箴	U+91DD	針	KO1
U+937C	鍼	U+91DD	針	KO1
U+7947	祇	U+53EA	只	KO1
U+79D6	秖	U+53EA	只	KO1
U+8879	衹	U+53EA	只	KO1
U+55A6	喦	U+5DD6	巖	KO1
U+5CA9	岩	U+5DD6	巖	KO1
U+5D52	嵒	U+5DD6	巖	KO1
U+5DD7	巗	U+5DD6	巖	KO1
U+56D8	囘	U+56DE	回	KO1
U+56EC	囬	U+56DE	回	KO1
U+5EFB	廻	U+56DE	回	KO1
U+8FF4	迴	U+56DE	回	KO1
U+9025	逥	U+56DE	回	KO1
U+613F	愿	U+9858	願	KO1
U+656D	敭	U+63DA	揚	KO1
U+98BA	颺	U+63DA	揚	KO1
U+5F7F	彿	U+4F5B	佛	KO1
U+9AF4	髴	U+4F5B	佛	KO1
U+5538	唸	U+5FF5	念	KO1
U+686E	桮	U+676F	杯	KO1
U+76C3	盃	U+676F	杯	KO1
U+5EFC	廼	U+4E43	乃	KO1
U+8FFA	迺	U+4E43	乃	KO1
U+758B	疋	U+5339	匹	KO1
U+84C6	蓆	U+5E2D	席	KO1
U+225BD	𢖽	U+5FD7	志	KO1
U+8A8C	誌	U+5FD7	志	KO1
U+5BC0	寀	U+63A1	採	KO1
U+91C7	采	U+63A1	採	KO1
U+459D	䖝	U+87F2	蟲	KO1
U+866B	虫	U+87F2	蟲	KO1
U+4E8F	亏	U+4E8E	于	KO1-1
U+6275	扵	U+4E8E	于	KO1-1
U+65BC	於	U+4E8E	于	KO1-1
U+4453	䑓	U+81FA	臺	KO2
U+53F0	台	U+81FA	臺	KO2
U+69C0	槀	U+7A3F	稿	KO2
U+69C1	槁	U+7A3F	稿	KO2
U+7A3E	稾	U+7A3F	稿	KO2
U+2B500	𫔀	U+934A	鍊	KO2
U+2EE00	𮸀	U+934A	鍊	KO2
U+7149	煉	U+934A	鍊	KO2
U+95A4	閤	U+95A3	閣	KO2
U+6770	杰	U+5091	傑	KO2
U+8548	蕈	U+83CC	菌	KO2
U+8CB2	貲	U+8CC7	資	KO2
U+6144	慄	U+6817	栗	KO2
U+6FB9	澹	U+6DE1	淡	KO2
U+6F88	澈	U+5FB9	徹	KO2
U+8E4B	蹋	U+8E0F	踏	KO2
U+8E79	蹹	U+8E0F	踏	KO2
U+4F54	佔	U+5360	占	KO2
U+22BF1	𢯱	U+641C	搜	KO2
U+22CB7	𢲷	U+641C	搜	KO2
U+8490	蒐	U+641C	搜	KO2
U+6C89	沉	U+6C88	沈	KO2
U+5041	偁	U+7A31	稱	KO2
U+79E4	秤	U+7A31	稱	KO2
U+7A6A	穪	U+7A31	稱	KO2
U+4FB7	侷	U+5C40	局	KO2
U+8DFC	跼	U+5C40	局	KO2
U+617C	慼	U+621A	戚	KO2
U+617D	慽	U+621A	戚	KO2
U+540A	吊	U+5F14	弔	KO2
U+9810	預	U+8C6B	豫	KO2
U+4E9D	亝	U+9F4A	齊	KO2
U+6589	斉	U+9F4A	齊	KO2
U+658B	斋	U+9F4A	齊	KO2
U+9F4B	齋	U+9F4A	齊	KO2
U+9F50	齐	U+9F4A	齊	KO2
U+5212	划	U+5283	劃	KO2
U+5978	奸	U+59E6	姦	KO2
U+51C6	准	U+6E96	準	KO2
U+9951	饑	U+98E2	飢	KO2
U+587E	塾	U+5B70	孰	KO2
U+7526	甦	U+8607	蘇	KO2
U+8613	蘓	U+8607	蘇	KO2
U+563F	嘿	U+9ED8	默	KO2
U+9ED9	黙	U+9ED8	默	KO2
U+7DB5	綵	U+5F69	彩	KO2
U+5DBD	嶽	U+5CB3	岳	KO2
U+5690	嚐	U+5617	嘗	KO2
U+751E	甞	U+5617	嘗	KO2
U+5938	夸	U+8A87	誇	KO2
U+5443	呃	U+5384	厄	KO2
U+6239	戹	U+5384	厄	KO2
U+9628	阨	U+5384	厄	KO2
U+9638	阸	U+5384	厄	KO2
U+4F9A	侚	U+6B89	殉	KO2
U+5F87	徇	U+6B89	殉	KO2
U+72E5	狥	U+6B89	殉	KO2
U+8CEC	賬	U+5E33	帳	KO2
U+9373	鍳	U+9451	鑑	KO2
U+9452	鑒	U+9451	鑑	KO2
U+7274	牴	U+62B5	抵	KO2
U+89DD	觝	U+62B5	抵	KO2
U+5F26	弦	U+7D43	絃	KO2
U+4FD3	俓	U+5F91	徑	KO2
U+52C1	勁	U+5F91	徑	KO2
U+9015	逕	U+5F91	徑	KO2
U+4F57	佗	U+4ED6	他	KO1
U+5979	她	U+4ED6	他	KO1
U+5B83	它	U+4ED6	他	KO1
U+7260	牠	U+4ED6	他	KO1
U+6109	愉	U+6108	愈	KO2
U+7609	瘉	U+6108	愈	KO2
U+7652	癒	U+6108	愈	KO2
U+4EFF	仿	U+5023	倣	KO2
U+5F77	彷	U+5023	倣	KO2
U+5FAC	徬	U+5023	倣	KO2
U+9AE3	髣	U+5023	倣	KO2
U+46B6	䚶	U+8A1E	訞	TW2
U+4620	䘠	U+889A	袚	TW2
U+2237A	𢍺	U+5F0B	弋	TW2
U+5008	倈	U+5FA0	徠	TW2
U+890F	褏	U+890E	褎	TW2
U+26CC6	𦳆	U+8412	萒	TW2
U+574B	坋	U+574C	坌	TW2
U+4492	䒒	U+82D5	苕	TW2
U+2ECC3	𮳃	U+6C4A	汊	TW2
U+635D	捝	U+6329	挩	TW2
U+288E6	𨣦	U+85C7	藇	TW2
U+60FD	惽	U+60DB	惛	TW2
U+4764	䝤	U+7360	獠	TW2
U+71FA	燺	U+7187	熇	TW2
U+9FA0	龠	U+7C65	籥	TW2
U+2486F	𤡯	U+7361	獡	TW2
U+813A	脺	U+81B5	膵	TW2
U+8B1A	謚	U+8AE1	諡	TW2
U+53F4	叴	U+53B9	厹	TW2
U+22597	𢖗	U+7AE6	竦	TW2
U+79C4	秄	U+8014	耔	TW2
U+536D	卭	U+536C	卬	TW2
U+22CDC	𢳜	U+6F07	漇	TW2
U+579C	垜	U+579B	垛	TW2
U+80AC	肬	U+75A3	疣	TW2
U+6337	挷	U+6412	搒	TW2
U+935C	鍜	U+7146	煆	TW2
U+5F00	开	U+5E75	幵	TW2
U+6331	挱	U+6332	挲	TW2
U+3F7D	㽽	U+75FC	痼	TW2
U+766F	癯	U+81DE	臞	TW2
U+25128	𥄨	U+7785	瞅	TW2
U+2C461	𬑡	U+7785	瞅	TW2
U+77C1	矁	U+7785	瞅	TW2
U+2ECDC	𮳜	U+71A0	熠	TW2
U+362D	㘭	U+5773	坳	TW2
U+659A	斚	U+659D	斝	TW2
U+3FDC	㿜	U+765F	癟	TW2
U+46D5	䛕	U+8ADB	諛	TW2
U+474B	䝋	U+8C75	豵	TW2
U+4736	䜶	U+8C47	豇	TW2
U+98AE	颮	U+730B	猋	TW2
U+98C6	飆	U+730B	猋	TW2
U+98C7	飇	U+730B	猋	TW2
U+98C8	飈	U+730B	猋	TW2
U+6245	扅	U+624A	扊	TW2
U+37E7	㟧	U+5D3F	崿	TW2
U+3B51	㭑	U+67BA	枺	TW2
U+20610	𠘐	U+6FB6	澶	TW2
U+3553	㕓	U+5EDB	廛	TW2
U+475C	䝜	U+72FB	狻	TW2
U+23A10	𣨐	U+6B82	殂	TW2
U+7C7C	籼	U+79C8	秈	TW2
U+6560	敠	U+656A	敪	TW2
U+9399	鎙	U+69CA	槊	TW2
U+24BA8	𤮨	U+7931	礱	TW2
U+5D2A	崪	U+5D12	崒	TW2
U+5699	嚙	U+56D3	囓	TW2
U+9F67	齧	U+56D3	囓	TW2
U+53AA	厪	U+5ED1	廑	TW2
U+28EF2	𨻲	U+7F45	罅	TW2
U+662A	昪	U+5FED	忭	TW2
U+64C3	擃	U+652E	攮	TW2
U+5EC0	廀	U+5ECB	廋	TW2
U+732C	猬	U+875F	蝟	TW2
U+5E32	帲	U+5E21	帡	TW2
U+3816	㠖	U+5DAC	嶬	TW2
U+871D	蜝	U+871E	蜞	TW2
U+6F59	潙	U+6E88	溈	TW2
U+6F68	潨	U+6F0E	漎	TW2
U+243B1	𤎱	U+81C7	臇	TW2
U+859F	薟	U+861E	蘞	TW2
U+34D3	㓓	U+6E73	湳	TW2
U+3C31	㰱	U+6B43	歃	TW2
U+8E4C	蹌	U+7244	牄	TW2
U+7583	疃	U+757D	畽	TW2
U+7524	甤	U+8564	蕤	TW2
U+22427	𢐧	U+6AA0	檠	TW2
U+7F93	羓	U+8C5D	豝	TW2
U+244B9	𤒹	U+71C1	燁	TW2
U+7217	爗	U+71C1	燁	TW2
U+246C9	𤛉	U+821D	舝	TW2
U+353D	㔽	U+5363	卣	TW2
U+65BE	斾	U+65C6	旆	TW2
U+480A	䠊	U+5255	剕	TW2
U+9ABB	骻	U+80EF	胯	TW2
U+8989	覉	U+7F87	羇	TW2
U+4940	䥀	U+6375	捵	TW2
U+6A5C	橜	U+6A5B	橛	TW2
U+2652E	𦔮	U+8034	耴	TW2
U+459F	䖟	U+867B	虻	TW2
U+8771	蝱	U+867B	虻	TW2
U+22833	𢠳	U+618B	憋	TW2
U+983D	頽	U+7A68	穨	TW2
U+8A26	訦	U+8AF6	諶	TW2
U+4FC8	俈	U+56B3	嚳	TW2
U+54F4	哴	U+55A8	喨	TW2
U+413A	䄺	U+7A0A	稊	TW2
U+6E7C	湼	U+6D85	涅	TW2
U+2497C	𤥼	U+7481	璁	TW2
U+2498F	𤦏	U+7481	璁	TW2
U+249DA	𤧚	U+7481	璁	TW2
U+2ED28	𮴨	U+7481	璁	TW2
U+51BA	冺	U+6CEF	泯	TW2
U+9191	醑	U+6E51	湑	TW2
U+35F3	㗳	U+55D2	嗒	TW2
U+88B5	袵	U+887D	衽	TW2
U+81A7	膧	U+6723	朣	TW2
U+5423	吣	U+551A	唚	TW2
U+9AC3	髃	U+8162	腢	TW2
U+3975	㥵	U+6141	慁	TW2
U+53A9	厩	U+5EC4	廄	TW2
U+5ED0	廐	U+5EC4	廄	TW2
U+6BE1	毡	U+6C08	氈	TW2
U+6C0A	氊	U+6C08	氈	TW2
U+9364	鍤	U+81FF	臿	TW2
U+763B	瘻	U+763A	瘺	TW2
U+20619	𠘙	U+6FFC	濼	TW2
U+40D8	䃘	U+785C	硜	TW2
U+839C	莜	U+84E7	蓧	TW2
U+77AF	瞯	U+77B7	瞷	TW2
U+20BD7	𠯗	U+5482	咂	TW2
U+8262	艢	U+6AA3	檣	TW2
U+4754	䝔	U+737E	獾	TW2
U+8C9B	貛	U+737E	獾	TW2
U+5E5E	幞	U+896E	襮	TW2
U+72F5	狵	U+5C28	尨	TW2
U+7DD1	緑	U+83C9	菉	TW2
U+69D6	槖	U+6A50	橐	TW2
U+8C63	豣	U+8C5C	豜	TW2
U+2667C	𦙼	U+80D4	胔	TW2
U+9AB4	骴	U+80D4	胔	TW2
U+2541E	𥐞	U+786D	硭	TW2
U+40AB	䂫	U+592F	夯	TW2
U+75B4	疴	U+75FE	痾	TW2
U+205FD	𠗽	U+6F3B	漻	TW2
U+39A7	㦧	U+61AF	憯	TW2
U+550A	唊	U+7864	硤	TW2
U+8AD0	諐	U+6106	愆	TW2
U+76A1	皡	U+769E	皞	TW2
U+76A5	皥	U+769E	皞	TW2
U+9799	鞙	U+7404	琄	TW2
U+2ED3C	𮴼	U+7517	甗	TW2
U+267A3	𦞣	U+81CA	臊	TW2
U+7726	眦	U+7725	眥	TW2
U+24BDD	𤯝	U+771A	眚	TW2
U+8493	蒓	U+84F4	蓴	TW2
U+51C2	凂	U+6D7C	浼	TW2
U+6F63	潣	U+6D7C	浼	TW2
U+5722	圢	U+753A	町	TW2
U+6543	敃	U+668B	暋	TW2
U+76D9	盙	U+7C20	簠	TW2
U+8B8D	讍	U+8AE4	諤	TW2
U+73F7	珷	U+7894	碔	TW2
U+23A95	𣪕	U+7C0B	簋	TW2
U+23A98	𣪘	U+7C0B	簋	TW2
U+27C0A	𧰊	U+78CC	磌	TW2
U+5350	卐	U+534D	卍	TW2
U+2060E	𠘎	U+6FAE	澮	TW2
U+5B37	嬷	U+5AEB	嫫	TW2
U+8E3D	踽	U+504A	偊	TW2
U+52C5	勅	U+6555	敕	TW2
U+6C25	氥	U+6C19	氙	TW2
U+853F	蔿	U+848D	蒍	TW2
U+6917	椗	U+7887	碇	TW2
U+77F4	矴	U+7887	碇	TW2
U+6353	捓	U+63F6	揶	TW2
U+249BA	𤦺	U+7426	琦	TW2
U+4ABF	䪿	U+56DF	囟	TW2
U+9856	顖	U+56DF	囟	TW2
U+8A20	訠	U+77E7	矧	TW2
U+89F5	觵	U+89E5	觥	TW2
U+23D60	𣵠	U+6DBF	涿	TW2
U+456D	䕭	U+8541	蕁	TW2
U+26246	𦉆	U+78B4	碴	TW2
U+39DC	㧜	U+64F8	擸	TW2
U+3D9A	㶚	U+705E	灞	TW2
U+8616	蘖	U+6AF1	櫱	TW2
U+6B1E	欞	U+6AFA	櫺	TW2
U+2ACDD	𪳝	U+69F1	槱	TW2
U+26369	𦍩	U+7F96	羖	TW2
U+205F3	𠗳	U+6E93	溓	TW2
U+78C7	磇	U+7812	砒	TW2
U+67B1	枱	U+6AAF	檯	TW2
U+925E	鉞	U+6209	戉	TW2
U+58AA	墪	U+58A9	墩	TW2
U+863D	蘽	U+85DF	藟	TW2
U+3C0D	㰍	U+6AF3	櫳	TW2
U+89B0	覰	U+89B7	覷	TW2
U+2098C	𠦌	U+534C	卌	TW2
U+2099C	𠦜	U+534C	卌	TW2
U+541A	吚	U+54BF	咿	TW2
U+20D1F	𠴟	U+54A9	咩	TW2
U+54F6	哶	U+54A9	咩	TW2
U+68C1	棁	U+68B2	梲	TW2
U+205F6	𠗶	U+6E8F	溏	TW2
U+3D14	㴔	U+6F5D	潝	TW2
U+8B8F	讏	U+8B86	讆	TW2
U+7A2D	稭	U+79F8	秸	TW2
U+8E5D	蹝	U+5C63	屣	TW2
U+8EA7	躧	U+5C63	屣	TW2
U+429C	䊜	U+7CF0	糰	TW2
U+8B81	讁	U+8B2B	謫	TW2
U+3A3C	㨼	U+6482	撂	TW2
U+24895	𤢕	U+6581	斁	TW2
U+65C8	旈	U+65D2	旒	TW2
U+2073C	𠜼	U+6390	掐	TW2
U+21219	𡈙	U+56EE	囮	TW2
U+27B28	𧬨	U+5666	噦	TW2
U+671E	朞	U+7A18	稘	TW2
U+9392	鎒	U+8028	耨	TW2
U+9F22	鼢	U+86A1	蚡	TW2
U+699D	榝	U+6A27	樧	TW2
U+7C83	粃	U+79D5	秕	TW2
U+205E5	𠗥	U+6E46	湆	TW2
U+6807	标	U+6A81	檁	TW2
U+8739	蜹	U+868B	蚋	TW2
U+51D3	凓	U+6EA7	溧	TW2
U+5327	匧	U+7BCB	篋	TW2
U+6407	搇	U+64B3	撳	TW2
U+51D2	凒	U+6EB0	溰	TW2
U+4BCC	䯌	U+5C3B	尻	TW2
U+803C	耼	U+8043	聃	TW2
U+8203	舃	U+8204	舄	TW2
U+86A6	蚦	U+86BA	蚺	TW2
U+5818	堘	U+584D	塍	TW2
U+82E2	苢	U+82E1	苡	TW2
U+8141	腁	U+80FC	胼	TW2
U+97DE	韞	U+7E15	縕	TW2
U+6778	杸	U+6BB3	殳	TW2
U+4021	䀡	U+8998	覘	TW2
U+4993	䦓	U+8998	覘	TW2
U+24D99	𤶙	U+75C4	痄	TW2
U+27313	𧌓	U+86D7	蛗	TW2
U+6D9A	涚	U+6D97	涗	TW2
U+771C	眜	U+771B	眛	TW2
U+5428	吨	U+554D	啍	TW2
U+34D6	㓖	U+6EED	滭	TW2
U+87EE	蟮	U+87FA	蟺	TW2
U+34F7	㓷	U+5293	劓	TW2
U+5B00	嬀	U+5AAF	媯	TW2
U+3AE4	㫤	U+6636	昶	TW2
U+231C0	𣇀	U+6661	晡	TW2
U+6A53	橓	U+8563	蕣	TW2
U+20CBF	𠲿	U+6B36	欶	TW2
U+4367	䍧	U+7242	牂	TW2
U+7B6F	筯	U+7BB8	箸	TW2
U+20623	𠘣	U+7042	灂	TW2
U+4D8A	䶊	U+8844	衄	TW2
U+8842	衂	U+8844	衄	TW2
U+9DE9	鷩	U+6C05	氅	TW2
U+655A	敚	U+6553	敓	TW2
U+87DA	蟚	U+87DB	蟛	TW2
U+4230	䈰	U+7B72	筲	TW2
U+22CC6	𢳆	U+646E	摮	TW2
U+51D7	凗	U+6F3C	漼	TW2
U+7D59	絙	U+7DEA	緪	TW2
U+7D5A	絚	U+7DEA	緪	TW2
U+7E06	縆	U+7DEA	緪	TW2
U+8E01	踁	U+811B	脛	TW2
U+2688C	𦢌	U+6BB0	殰	TW2
U+3B31	㬱	U+6701	朁	TW2
U+21EB3	𡺳	U+8C73	豳	TW2
U+37D7	㟗	U+8C73	豳	TW2
U+90A0	邠	U+8C73	豳	TW2
U+2060B	𠘋	U+6FCE	濎	TW2
U+22835	𢠵	U+60DD	惝	TW2
U+2521F	𥈟	U+778D	瞍	TW2
U+4B21	䬡	U+7FE5	翥	TW2
U+5182	冂	U+5770	坰	TW2
U+518B	冋	U+5770	坰	TW2
U+9998	馘	U+805D	聝	TW2
U+9591	閑	U+9593	間	KO1-1
U+9592	閒	U+9593	間	KO1-1
U+4F31	伱	U+4F60	你	TW1-1
U+59B3	妳	U+4F60	你	TW1-1
U+5B2D	嬭	U+4F60	你	TW1-1
U+60A8	您	U+4F60	你	TW1-1
U+7962	祢	U+4F60	你	TW1-1
U+88AE	袮	U+4F60	你	TW1-1
U+6425	搥	U+6376	捶	TW1-1
U+68F0	棰	U+6376	捶	TW1-1
U+690E	椎	U+6376	捶	TW1-1
U+69CC	槌	U+6376	捶	TW1-1
U+7BA0	箠	U+6376	捶	TW1-1
U+68F9	棹	U+6389	掉	TW1-1
U+6AC2	櫂	U+6389	掉	TW1-1
U+4F82	侂	U+6258	托	TW1-1
U+62D3	拓	U+6258	托	TW1-1
U+6428	搨	U+6258	托	TW1-1
U+646D	摭	U+6258	托	TW1-1
U+8A17	託	U+6258	托	TW1-1
U+5582	喂	U+9935	餵	TW1-1
U+9912	餒	U+9935	餵	TW1-1
U+9927	餧	U+9935	餵	TW1-1
U+202A7	𠊧	U+4E26	並	TW1-1
U+4F75	併	U+4E26	並	TW1-1
U+5002	倂	U+4E26	並	TW1-1
U+5E76	并	U+4E26	並	TW1-1
U+5E77	幷	U+4E26	並	TW1-1
U+7ADD	竝	U+4E26	並	TW1-1
U+6A3B	樻	U+5331	匱	TW1-1
U+6AC3	櫃	U+5331	匱	TW1-1
U+9400	鐀	U+5331	匱	TW1-1
U+993D	餽	U+5331	匱	TW1-1
U+994B	饋	U+5331	匱	TW1-1
U+78F4	磴	U+5D9D	嶝	TW1-1
U+8768	蝨	U+8671	虱	TW1-1
U+7C50	籐	U+85E4	藤	TW1-1
U+77D3	矓	U+6727	朧	TW1-1
U+5257	剗	U+5277	剷	TW1-1
U+93DF	鏟	U+5277	剷	TW1-1
U+3605	㘅	U+929C	銜	TW1-1
U+5563	啣	U+929C	銜	TW1-1
U+8858	衘	U+929C	銜	TW1-1
U+7483	璃	U+740D	琍	TW1-1
U+74C8	瓈	U+740D	琍	TW1-1
U+5480	咀	U+5634	嘴	TW1-1
U+89DC	觜	U+5634	嘴	TW1-1
U+8B9A	讚	U+8D0A	贊	TW1-1
U+8CDB	賛	U+8D0A	贊	TW1-1
U+9463	鑣	U+93E2	鏢	TW1-1
U+83F4	菴	U+5EB5	庵	TW1-1
U+8FAF	辯	U+8FA8	辨	TW1-1
U+91E6	釦	U+6263	扣	TW1-1
U+28E2C	𨸬	U+9673	陳	TW1-1
U+9663	陣	U+9673	陳	TW1-1
U+4EDF	仟	U+9621	阡	TW1-1
U+51C4	凄	U+60BD	悽	TW1-1
U+6DD2	淒	U+60BD	悽	TW1-1
U+68F1	棱	U+7A1C	稜	TW1-1
U+695E	楞	U+7A1C	稜	TW1-1
U+7506	甆	U+74F7	瓷	TW1-1
U+78C1	磁	U+74F7	瓷	TW1-1
U+8C8D	貍	U+72F8	狸	TW1-1
U+69A8	榨	U+643E	搾	TW1-1
U+9162	酢	U+643E	搾	TW1-1
U+91A1	醡	U+643E	搾	TW1-1
U+7248	版	U+677F	板	TW1-1
U+95A7	閧	U+54C4	哄	TW1-1
U+9B28	鬨	U+54C4	哄	TW1-1
U+554A	啊	U+963F	阿	TW1-1
U+3DC9	㷉	U+5C09	尉	TW1-1
U+71A8	熨	U+5C09	尉	TW1-1
U+71C4	燄	U+7130	焰	TW1-1
U+77A0	瞠	U+77AA	瞪	TW1-1
U+59E5	姥	U+59C6	姆	TW1-1
U+55DE	嗞	U+54A8	咨	TW1-1
U+8AEE	諮	U+54A8	咨	TW1-1
U+91F5	釵	U+53C9	叉	TW1-1
U+746F	瑯	U+7405	琅	TW1-1
U+56A5	嚥	U+54BD	咽	TW1-1
U+5637	嘷	U+55E5	嗥	TW1-1
U+5651	噑	U+55E5	嗥	TW1-1
U+568E	嚎	U+55E5	嗥	TW1-1
U+734B	獋	U+55E5	嗥	TW1-1
U+924B	鉋	U+5228	刨	TW1-1
U+9464	鑤	U+5228	刨	TW1-1
U+70CA	烊	U+716C	煬	TW1-1
U+641E	搞	U+652A	攪	TW1-1
U+585A	塚	U+51A2	冢	TW1-1
U+5052	偒	U+8569	蕩	TW1-1
U+76EA	盪	U+8569	蕩	TW1-1
U+862F	蘯	U+8569	蕩	TW1-1
U+903F	逿	U+8569	蕩	TW1-1
U+6FEC	濬	U+6D5A	浚	TW1-1
U+7D25	紥	U+624E	扎	TW1-1
U+7D2E	紮	U+624E	扎	TW1-1
U+6FF5	濵	U+6FF1	濱	TW1-1
U+7015	瀕	U+6FF1	濱	TW1-1
U+739F	玟	U+73AB	玫	TW1-1
U+8DD0	跐	U+8E29	踩	TW1-1
U+8DF4	跴	U+8E29	踩	TW1-1
U+8E39	踹	U+8E29	踩	TW1-1
U+8F13	輓	U+633D	挽	TW1-1
U+6452	摒	U+62FC	拼	TW1-1
U+2AA9D	𪪝	U+96CD	雍	TW1-1
U+5EF1	廱	U+96CD	雍	TW1-1
U+9095	邕	U+96CD	雍	TW1-1
U+96DD	雝	U+96CD	雍	TW1-1
U+9F66	齦	U+5543	啃	TW1-1
U+5C4D	屍	U+5C38	尸	TW1-1
U+207B0	𠞰	U+527F	剿	TW1-1
U+52E6	勦	U+527F	剿	TW1-1
U+9B77	魷	U+9C0D	鰍	TW1-1
U+9C0C	鰌	U+9C0D	鰍	TW1-1
U+5ACB	嫋	U+88CA	裊	TW1-1
U+5B1D	嬝	U+88CA	裊	TW1-1
U+892D	褭	U+88CA	裊	TW1-1
U+6C3E	氾	U+6CDB	泛	TW1-1
U+6C4E	汎	U+6CDB	泛	TW1-1
U+3DE0	㷠	U+7CA6	粦	TW1-1
U+71D0	燐	U+7CA6	粦	TW1-1
U+78F7	磷	U+7CA6	粦	TW1-1
U+5D10	崐	U+6606	昆	TW1-1
U+5D11	崑	U+6606	昆	TW1-1
U+3943	㥃	U+60B6	悶	TW1-1
U+61E3	懣	U+60B6	悶	TW1-1
U+4F37	伷	U+80C4	胄	TW1-1
U+5191	冑	U+80C4	胄	TW1-1
U+63BD	掽	U+8E2B	踫	TW1-1
U+78B0	碰	U+8E2B	踫	TW1-1
U+5436	吶	U+8A25	訥	TW1-1
U+7D91	綑	U+6346	捆	TW1-1
U+6147	慇	U+6BB7	殷	TW1-1
U+5F08	弈	U+5955	奕	TW1-1
U+9394	鎔	U+7194	熔	TW1-1
U+79D4	秔	U+7CB3	粳	TW1-1
U+7A09	稉	U+7CB3	粳	TW1-1
U+7A45	穅	U+7CB3	粳	TW1-1
U+7C87	粇	U+7CB3	粳	TW1-1
U+7CE0	糠	U+7CB3	粳	TW1-1
U+7950	祐	U+4F51	佑	TW1-1
U+5629	嘩	U+8B41	譁	TW1-1
U+64C4	擄	U+865C	虜	TW1-1
U+6DCB	淋	U+75F2	痲	TW1-1
U+75F3	痳	U+75F2	痲	TW1-1
U+9711	霑	U+6CBE	沾	TW1-1
U+460F	䘏	U+6064	恤	TW1-1
U+5379	卹	U+6064	恤	TW1-1
U+8CC9	賉	U+6064	恤	TW1-1
U+50F1	僱	U+96C7	雇	TW1-1
U+20D30	𠴰	U+54B1	咱	TW1-1
U+5003	倃	U+54B1	咱	TW1-1
U+507A	偺	U+54B1	咱	TW1-1
U+5592	喒	U+54B1	咱	TW1-1
U+661D	昝	U+54B1	咱	TW1-1
U+25500	𥔀	U+8A07	訇	TW2-1
U+6E39	渹	U+8A07	訇	TW2-1
U+61DF	懟	U+619D	憝	TW2-1
U+8B48	譈	U+619D	憝	TW2-1
U+64A2	撢	U+64A3	撣	TW2-1
U+7516	甖	U+7F4C	罌	TW2-1
U+7F43	罃	U+7F4C	罌	TW2-1
U+5F78	彸	U+4F00	伀	TW2-1
U+8653	虓	U+7307	猇	TW2-1
U+24A61	𤩡	U+7487	璇	TW2-1
U+74BF	璿	U+7487	璇	TW2-1
U+6EBD	溽	U+7E1F	縟	TW2-1
U+65DB	旛	U+5E61	幡	TW2-1
U+818B	膋	U+81AB	膫	TW2-1
U+66B1	暱	U+6635	昵	TW2-1
U+6645	晅	U+70DC	烜	TW2-1
U+69A7	榧	U+68D0	棐	TW2-1
U+7BEA	篪	U+7B8E	箎	TW2-1
U+853E	蔾	U+85DC	藜	TW2-1
U+83A9	莩	U+6B8D	殍	TW2-1
U+83BF	莿	U+673F	朿	TW2-1
U+7B8D	箍	U+7B9B	箛	TW2-1
U+78FD	磽	U+589D	墝	TW2-1
U+8922	褢	U+8931	褱	TW2-1
U+65FC	旼	U+65FB	旻	TW2-1
U+7BE6	篦	U+7B13	笓	TW2-1
U+51B1	冱	U+6C8D	沍	TW2-1
U+6CAA	沪	U+6C8D	沍	TW2-1
U+55C9	嗉	U+8186	膆	TW2-1
U+6718	朘	U+8127	脧	TW2-1
U+5E42	幂	U+51AA	冪	TW2-1
U+7F83	羃	U+51AA	冪	TW2-1
U+9F0F	鼏	U+51AA	冪	TW2-1
U+2ED83	𮶃	U+7E1A	縚	TW2-1
U+7D5B	絛	U+7E1A	縚	TW2-1
U+7E27	縧	U+7E1A	縚	TW2-1
U+7EE6	绦	U+7E1A	縚	TW2-1
U+8585	薅	U+8320	茠	TW2-1
U+6ACC	櫌	U+8030	耰	TW2-1
U+633C	挼	U+637C	捼	TW2-1
U+8A9A	誚	U+8B59	譙	TW2-1
U+7CBA	粺	U+7A17	稗	TW2-1
U+80D0	胐	U+670F	朏	TW2-1
U+6710	朐	U+80CA	胊	TW2-1
U+9D1D	鴝	U+80CA	胊	TW2-1
U+9E1C	鸜	U+80CA	胊	TW2-1
U+7649	癉	U+75B8	疸	TW2-1
U+7381	玁	U+736B	獫	TW2-1
U+8347	荇	U+8395	莕	TW2-1
U+7AB6	窶	U+5BE0	寠	TW2-1
U+8829	蠩	U+870D	蜍	TW2-1
U+854E	蕎	U+834D	荍	TW2-1
U+26548	𦕈	U+7707	眇	TW2-1
U+7DF2	緲	U+7707	眇	TW2-1
U+793F	礿	U+79B4	禴	TW2-1
U+6966	楦	U+6965	楥	TW2-1
U+6F30	漰	U+6DDC	淜	TW2-1
U+8935	褵	U+7E2D	縭	TW2-1
U+5E19	帙	U+889F	袟	TW2-1
U+88A0	袠	U+889F	袟	TW2-1
U+648D	撍	U+63DD	揝	TW2-1
U+6505	攅	U+63DD	揝	TW2-1
U+6522	攢	U+63DD	揝	TW2-1
U+51D8	凘	U+6F8C	澌	TW2-1
U+7D32	紲	U+7D4F	絏	TW2-1
U+7DE4	緤	U+7D4F	絏	TW2-1
U+845A	葚	U+6939	椹	TW2-1
U+6B39	欹	U+7317	猗	TW2-1
U+7616	瘖	U+5591	喑	TW2-1
U+895C	襜	U+895D	襝	TW2-1
U+2690E	𦤎	U+768B	皋	TW2-1
U+7690	皐	U+768B	皋	TW2-1
U+777E	睾	U+768B	皋	TW2-1
U+81EF	臯	U+768B	皋	TW2-1
U+5EAC	庬	U+5396	厖	TW2-1
U+8765	蝥	U+87CA	蟊	TW2-1
U+6FA3	澣	U+6D63	浣	TW2-1
U+254FF	𥓿	U+531C	匜	TW2-1
U+7823	砣	U+531C	匜	TW2-1
U+9248	鉈	U+531C	匜	TW2-1
U+6942	楂	U+69CE	槎	TW2-1
U+76ED	盭	U+76E9	盩	TW2-1
U+67C2	柂	U+675D	杝	TW2-1
U+634D	捍	U+625E	扞	TW2-1
U+87AE	螮	U+8743	蝃	TW2-1
U+8101	脁	U+6713	朓	TW2-1
U+5ECC	廌	U+8C78	豸	TW2-1
U+84A8	蒨	U+831C	茜	TW2-1
U+7BE0	篠	U+7B71	筱	TW2-1
U+8927	褧	U+7D45	絅	TW2-1
U+7E66	繦	U+7E48	繈	TW2-1
U+8941	襁	U+7E48	繈	TW2-1
U+509C	傜	U+5FAD	徭	TW2-1
U+5ADB	嫛	U+5AD5	嫕	TW2-1
U+61C1	懁	U+6081	悁	TW2-1
U+212B9	𡊹	U+5794	垔	TW2-1
U+5819	堙	U+5794	垔	TW2-1
U+967B	陻	U+5794	垔	TW2-1
U+50BD	傽	U+615E	慞	TW2-1
U+5CA8	岨	U+7820	砠	TW2-1
U+58CE	壎	U+5864	塤	TW2-1
U+81D5	臕	U+8198	膘	TW2-1
U+5807	堇	U+83EB	菫	TW2-1
U+84D6	蓖	U+8406	萆	TW2-1
U+6A9B	檛	U+7C3B	簻	TW2-1
U+8B50	譐	U+5642	噂	TW2-1
U+8A75	詵	U+4F81	侁	TW2-1
U+99EA	駪	U+4F81	侁	TW2-1
U+3ADA	㫚	U+66F6	曶	TW2-1
U+6612	昒	U+66F6	曶	TW2-1
U+61E5	懥	U+61EB	懫	TW2-1
U+698E	榎	U+6A9F	檟	TW2-1
U+554E	啎	U+5FE4	忤	TW2-1
U+8FD5	迕	U+5FE4	忤	TW2-1
U+8C7B	豻	U+72B4	犴	TW2-1
U+9E95	麕	U+9E87	麇	CJK
U+27FF4	𧿴	U+8DCA	跊	CJK
U+4D39	䴹	U+991C	餜	CJK
U+353E	㔾	U+5369	卩	CJK
U+20620	𠘠	U+7024	瀤	CJK
U+29BED	𩯭	U+9B13	鬓	CJK
U+201F1	𠇱	U+4F45	佅	CJK
U+2CBA4	𬮤	U+9616	阖	CJK
U+349E	㒞	U+5136	儶	CJK
U+451B	䔛	U+6ABE	檾	CJK
U+3B39	㬹	U+8E2D	踭	CJK
U+3F99	㾙	U+812A	脪	CJK
U+288A5	𨢥	U+490D	䤍	CJK
U+4800	䠀	U+8E5A	蹚	CJK
U+230B7	𣂷	U+65B3	斳	CJK
U+234CC	𣓌	U+69F9	槹	CJK
U+25945	𥥅	U+7AC9	竉	CJK
U+4194	䆔	U+7AC9	竉	CJK
U+38F6	㣶	U+9085	邅	CJK
U+2CACD	𬫍	U+928A	銊	CJK
U+2456A	𤕪	U+723F	爿	CJK
U+21483	𡒃	U+96A9	隩	CJK
U+205EF	𠗯	U+6E76	湶	CJK
U+41B3	䆳	U+9083	邃	CJK
U+2EBF7	𮯷	U+4EEA	仪	CJK
U+25C83	𥲃	U+7C06	簆	CJK
U+27D2F	𧴯	U+5B6D	孭	CJK
U+25055	𥁕	U+6637	昷	CJK
U+29C18	𩰘	U+9B2E	鬮	CJK
U+4C17	䰗	U+9B2E	鬮	CJK
U+344C	㑌	U+5C29	尩	CJK
U+25133	𥄳	U+7714	眔	CJK
U+4C45	䱅	U+9B87	鮇	CJK
U+2EDE0	𮷠	U+8FF3	迳	CJK
U+21148	𡅈	U+56B9	嚹	CJK
U+2A599	𪖙	U+9F41	齁	CJK
U+4039	䀹	U+9FC3	鿃	CJK
U+3B35	㬵	U+80F6	胶	CJK
U+25B7C	𥭼	U+7B93	箓	CJK
U+4968	䥨	U+9462	鑢	CJK
U+2E30B	𮌋	U+809E	肞	CJK
U+29460	𩑠	U+9819	頙	CJK
U+26F4A	𦽊	U+9A4A	驊	CJK
U+3487	㒇	U+511B	儛	CJK
U+3673	㙳	U+8F57	轗	CJK
U+28BBA	𨮺	U+9459	鑙	CJK
U+4A5E	䩞	U+97C2	韂	CJK
U+3431	㐱	U+9B12	鬒	CJK
U+28373	𨍳	U+8EFA	軺	CJK
U+4A18	䨘	U+9730	霰	CJK
U+225FF	𢗿	U+603D	怽	CJK
U+2ECE3	𮳣	U+70BC	炼	CJK
U+4A8A	䪊	U+9F93	龓	CJK
U+291DD	𩇝	U+6FEA	濪	CJK
U+26693	𦚓	U+80D3	胓	CJK
U+45B5	䖵	U+872B	蜫	CJK
U+2EC60	𮱠	U+5BEF	寯	CJK
U+3766	㝦	U+5BEF	寯	CJK
U+26ADC	𦫜	U+8D69	赩	CJK
U+43D3	䏓	U+670A	朊	CJK
U+24A01	𤨁	U+7468	瑨	CJK
U+4325	䌥	U+7E2F	縯	CJK
U+25458	𥑘	U+781E	砞	CJK
U+403F	䀿	U+6663	晣	CJK
U+20609	𠘉	U+6F8B	澋	CJK
U+2143F	𡐿	U+58B6	墶	CJK
U+2EC7B	𮱻	U+5F84	径	CJK
U+3B3A	㬺	U+5E50	幐	CJK
U+2EC63	𮱣	U+5C35	尵	CJK
U+2070E	𠜎	U+93FE	鏾	CJK
U+24D01	𤴁	U+7589	疉	CJK
U+48B4	䢴	U+9097	邗	CJK
U+4787	䞇	U+8D04	贄	CJK
U+24F5C	𤽜	U+768C	皌	CJK
U+2EE46	𮹆	U+9FAD	龭	CJK
U+20606	𠘆	U+6F79	潹	CJK
U+205FE	𠗾	U+6F3A	漺	CJK
U+2EDF6	𮷶	U+9497	钗	CJK
U+26CEF	𦳯	U+8481	蒁	CJK
U+3DFB	㷻	U+7173	煳	CJK
U+4CAD	䲭	U+9D1F	鴟	CJK
U+2562F	𥘯	U+7959	祙	CJK
U+23377	𣍷	U+813C	脼	CJK
U+4793	䞓	U+8D6C	赬	CJK
U+2EE24	𮸤	U+957A	镺	CJK
U+78E1	磡	U+5888	墈	CJK-1
U+6585	斅	U+6586	斆	CJK-1
U+9DBF	鶿	U+9DC0	鷀	CJK-1
U+9C29	鰩	U+9B5F	魟	CJK-1
U+9736	霶	U+96F1	雱	CJK-1
U+9D3A	鴺	U+9D5C	鵜	CJK-1
U+8F55	轕	U+8F35	輵	CJK-1
U+7D65	絥	U+97B4	鞴	CJK-1
U+9B2B	鬫	U+95DE	闞	CJK-1
U+9D03	鴃	U+9D59	鵙	CJK-1
U+9C09	鰉	U+9C51	鱑	CJK-1
U+9BF0	鯰	U+9B8E	鮎	CJK-1
U+9AE0	髠	U+9AE1	髡	CJK-1
U+5C23	尣	U+5C22	尢	CJK-1
U+8FB6	辶	U+8FB5	辵	CJK-1
U+9B59	魙	U+807B	聻	CJK-1
U+51DA	凚	U+6FBF	澿	CJK-1
U+2EE1B	𮸛	U+93A7	鎧	CJK-1
U+2EE1C	𮸜	U+93A7	鎧	CJK-1
U+94E0	铠	U+93A7	鎧	CJK-1
U+6463	摣	U+63F8	揸	CJK-1
U+80EE	胮	U+80A8	肨	CJK-1
U+8CEE	賮	U+8D10	贐	CJK-1
U+5F50	彐	U+5F51	彑	CJK-1
U+8903	褃	U+88C9	裉	CJK-1
U+8C74	豴	U+8E62	蹢	CJK-1
U+918A	醊	U+991F	餟	CJK-1
U+9780	鞀	U+9789	鞉	CJK-1
U+9F17	鼗	U+9789	鞉	CJK-1
U+97DD	韝	U+97B2	鞲	CJK-1
U+8CF7	賷	U+8CEB	賫	CJK-1
U+9F4E	齎	U+8CEB	賫	CJK-1
U+8E95	躕	U+8E70	蹰	CJK-1
U+2ECF3	𮳳	U+7127	焧	CJK-1
U+719C	熜	U+7127	焧	CJK-1
U+3C92	㲒	U+52FD	勽	CJK-1
U+83E2	菢	U+52FD	勽	CJK-1
U+9767	靧	U+982E	頮	CJK-1
U+8F46	轆	U+6A1A	樚	CJK-1
U+25D5A	𥵚	U+7AFB	竻	CJK-1
U+7C15	簕	U+7AFB	竻	CJK-1
U+9BD7	鯗	U+9B9D	鮝	CJK-1
U+6EBB	溻	U+891F	褟	CJK-1
U+9A18	騘	U+9A44	驄	CJK-1
U+25D89	𥶉	U+994C	饌	CJK-1
U+4275	䉵	U+994C	饌	CJK-1
U+7C51	籑	U+994C	饌	CJK-1
U+96A0	隠	U+9690	隐	CJK-1
U+8E9A	躚	U+8E6E	蹮	CJK-1
U+994A	饊	U+7CE4	糤	CJK-1
U+92B2	銲	U+91EC	釬	CJK-1
U+9AF9	髹	U+9AE4	髤	CJK-1
U+8E75	蹵	U+8E74	蹴	CJK-1
U+9DC3	鷃	U+9D33	鴳	CJK-1
U+9908	餈	U+7CCD	糍	CJK-1
U+8949	襉	U+8947	襇	CJK-1
U+9BF7	鯷	U+9BA7	鮧	CJK-1
U+9947	饇	U+98EB	飫	CJK-1
U+825C	艜	U+8226	舦	CJK-1
U+938F	鎏	U+93D0	鏐	CJK-1
U+8A7E	詾	U+8A29	訩	CJK-1
U+8F27	輧	U+8EFF	軿	CJK-1
U+5294	劔	U+528E	劎	CJK-1
U+650B	攋	U+63E6	揦	CJK-1
U+4974	䥴	U+942B	鐫	CJK-1
U+92D1	鋑	U+942B	鐫	CJK-1
U+9474	鑴	U+942B	鐫	CJK-1
U+9D7B	鵻	U+96BC	隼	CJK-1
U+9DBD	鶽	U+96BC	隼	CJK-1
U+9ABE	骾	U+9BC1	鯁	CJK-1
U+9D83	鶃	U+9D82	鶂	CJK-1
U+995D	饝	U+9943	饃	CJK-1
U+9292	銒	U+9203	鈃	CJK-1
U+58A4	墤	U+96A4	隤	CJK-1
U+8E60	蹠	U+8DD6	跖	CJK-1
U+8E9B	躛	U+8E97	躗	CJK-1
U+90C4	郄	U+90E4	郤	CJK-1
U+8D84	趄	U+8DD9	跙	CJK-1
U+61D4	懔	U+51DB	凛	CJK-1
U+670C	朌	U+80A6	肦	CJK-1
U+99A9	馩	U+999A	馚	CJK-1
U+95B9	閹	U+5266	剦	CJK-1
U+77D6	矖	U+77CB	矋	CJK-1
U+9B23	鬣	U+5DE4	巤	CJK-1
U+5523	唣	U+5515	唕	CJK-1
U+96B2	隲	U+9A2D	騭	CJK-1
U+9958	饘	U+98E6	飦	CJK-1
U+9F76	齶	U+816D	腭	CJK-1
U+7CE8	糨	U+7CE1	糡	CJK-1
U+8E8B	躋	U+96AE	隮	CJK-1
U+8827	蠧	U+8799	螙	CJK-1
U+97B9	鞹	U+979F	鞟	CJK-1
U+9721	霡	U+9722	霢	CJK-1
U+27144	𧅄	U+8637	蘷	CJK-1
U+8641	虁	U+8637	蘷	CJK-1
U+8A7D	詽	U+8A2E	訮	CJK-1
U+9DFF	鷿	U+9E0A	鸊	CJK-1
U+7CC7	糇	U+9931	餱	CJK-1
U+8ACA	諊	U+97AB	鞫	CJK-1
U+40C9	䃉	U+73C9	珉	CJK-1
U+7807	砇	U+73C9	珉	CJK-1
U+6535	攵	U+6534	攴	CJK-1
U+91BF	醿	U+91BE	醾	CJK-1
U+7BFA	篺	U+68D1	棑	CJK-1
U+8D86	趆	U+8D7F	赿	CJK-1
U+8DA6	趦	U+8D91	趑	CJK-1
U+9AFC	髼	U+9B05	鬅	CJK-1
U+6C2D	氭	U+6C21	氡	CJK-1
U+31F4C	𱽌	U+2CECB	𬻋	CJKE
U+2ED61	𮵡	U+4142	䅂	CJKE
U+2ED10	𮴐	U+3EBF	㺿	CJKE
U+2EDB9	𮶹	U+2C260	𬉠	CJKE
U+2EC3B	𮰻	U+36AF	㚯	CJKE
U+31F68	𱽨	U+26C25	𦰥	CJKE
U+280DF	𨃟	U+280DE	𨃞	CJKE
U+2A11F	𪄟	U+2A1E5	𪇥	CJKE
U+2EBFB	𮯻	U+201F9	𠇹	CJKE
U+2C13A	𬄺	U+237C3	𣟃	CJKE
U+24C12	𤰒	U+21D0C	𡴌	CJKE
U+266B9	𦚹	U+266B8	𦚸	CJKE
U+2219E	𢆞	U+412F	䄯	CJKE
U+25864	𥡤	U+25871	𥡱	CJKE
U+20457	𠑗	U+34A8	㒨	CJKE
U+29477	𩑷	U+29475	𩑵	CJKE
U+20E3A	𠸺	U+20C58	𠱘	CJKE
U+22AEE	𢫮	U+22B0E	𢬎	CJKE
U+26760	𦝠	U+23386	𣎆	CJKE
U+2A8F7	𪣷	U+2EC25	𮰥	CJKE
U+23CEB	𣳫	U+23D6D	𣵭	CJKE
U+29FF2	𩿲	U+29FE3	𩿣	CJKE
U+2EE22	𮸢	U+28B2B	𨬫	CJKE
U+2EE04	𮸄	U+2B4F0	𫓰	CJKE
U+2AA17	𪨗	U+2B3CB	𫏋	CJKE
U+2ED76	𮵶	U+2ED73	𮵳	CJKE
U+2BB1B	𫬛	U+2BAF2	𫫲	CJKE
U+4ACA	䫊	U+4AB9	䪹	CJKE
U+2ED06	𮴆	U+2ED07	𮴇	CJKE
U+4C4D	䱍	U+4C4E	䱎	CJKE
U+2EE17	𮸗	U+496A	䥪	CJKE
U+2EDE3	𮷣	U+44D5	䓕	CJKE
U+4D51	䵑	U+4D52	䵒	CJKE
U+2EC2B	𮰫	U+2EC2D	𮰭	CJKE
U+2ECE0	𮳠	U+2ECE1	𮳡	CJKE
U+29186	𩆆	U+4A36	䨶	CJKE
U+20727	𠜧	U+20730	𠜰	CJKE
U+350D	㔍	U+4977	䥷	CJKE
U+22DA3	𢶣	U+3A79	㩹	CJKE
U+20500	𠔀	U+3A79	㩹	CJKE
U+20C6C	𠱬	U+2055B	𠕛	CJKE
U+3B3B	㬻	U+4420	䐠	CJKE
U+2EDF5	𮷵	U+2B7F3	𫟳	CJKE
U+252DF	𥋟	U+4080	䂀	CJKE
U+2517E	𥅾	U+468E	䚎	CJKE
U+2305A	𣁚	U+2305F	𣁟	CJKE
U+3A28	㨨	U+3A45	㩅	CJKE
U+28249	𨉉	U+2821A	𨈚	CJKE
U+20F2E	𠼮	U+20C53	𠱓	CJKE
U+2ECDA	𮳚	U+3DA5	㶥	CJKE
U+25235	𥈵	U+2ED47	𮵇	CJKE
U+20B74	𠭴	U+3441	㑁	CJKE
U+251E4	𥇤	U+251D7	𥇗	CJKE
U+23DBD	𣶽	U+2EDA4	𮶤	CJKE
U+26805	𦠅	U+2339F	𣎟	CJKE
U+340B	㐋	U+340A	㐊	CJKE
U+26B6B	𦭫	U+26B60	𦭠	CJKE
U+277AA	𧞪	U+27640	𧙀	CJKE
U+21D0A	𡴊	U+20553	𠕓	CJKE
U+26F69	𦽩	U+26EA4	𦺤	CJKE
U+256C5	𥛅	U+4102	䄂	CJKE
U+2ED0B	𮴋	U+3EBB	㺻	CJKE
U+439B	䎛	U+3588	㖈	CJKE
U+238A7	𣢧	U+4DBE	䶾	CJKE
U+22671	𢙱	U+345D	㑝	CJKE
U+2ED0C	𮴌	U+2C39F	𬎟	CJKE
U+2ED39	𮴹	U+2C39F	𬎟	CJKE
U+2ED45	𮵅	U+4011	䀑	CJKE
U+2B35D	𫍝	U+2EDC5	𮷅	CJKE
U+277F1	𧟱	U+277F5	𧟵	CJKE
U+24C6E	𤱮	U+200C1	𠃁	CJKE
U+22E23	𢸣	U+22D91	𢶑	CJKE
U+2CA0B	𬨋	U+28304	𨌄	CJKE
U+2EDDA	𮷚	U+28304	𨌄	CJKE
U+2B736	𫜶	U+3B3F	㬿	CJKE
U+23353	𣍓	U+3845	㡅	CJKE
