namespace	entity	count
kr	&KR1098;	23039
kr	&KR0008;	18332
kr	&KR0034;	7234
kr	&KR0146;	2088
kr	&KR0238;	1423
kr	&KR0306;	1157
kr	&KR0309;	1142
kr	&KR0320;	1120
kr	&KR0070;	988
kr	&KR0263;	968
kr	&KR0067;	883
kr	&KR0377;	841
kr	&KR0006;	792
kr	&KR0103;	759
kr	&KR0013;	743
kr	&KR0066;	731
kr	&KR0671;	670
kr	&KR0615;	556
kr	&KR0003;	553
kr	&KR2692;	547
kr	&KR0002;	534
kr	&KR0107;	511
kr	&KR0558;	510
kr	&KR2910;	504
kr	&KR0550;	501
kr	&KR0088;	490
kr	&KR0548;	488
kr	&KR0704;	487
kr	&KR0566;	479
kr	&KR0708;	474
kr	&KR0561;	471
kr	&KR0554;	471
kr	&KR0552;	470
kr	&KR0596;	469
kr	&KR0584;	462
kr	&KR2360;	455
kr	&KR2395;	450
kr	&KR0556;	448
kr	&KR0052;	444
kr	&KR0570;	437
kr	&KR0621;	436
kr	&KR0642;	435
kr	&KR0574;	434
kr	&KR0576;	433
kr	&KR0235;	432
kr	&KR0617;	430
kr	&KR0149;	427
kr	&KR0593;	421
kr	&KR0069;	421
kr	&KR0591;	420
kr	&KR0648;	415
kr	&KR0118;	414
kr	&KR0605;	412
kr	&KR0630;	411
kr	&KR0588;	407
kr	&KR0616;	407
kr	&KR0581;	405
kr	&KR0624;	401
kr	&KR0608;	400
kr	&KR0679;	398
kr	&KR0659;	393
kr	&KR0579;	392
kr	&KR0348;	390
kr	&KR0627;	383
kr	&KR0100;	383
kr	&KR0628;	377
kr	&KR0636;	377
kr	&KR0609;	370
kr	&KR0043;	369
kr	&KR0595;	368
kr	&KR0585;	367
kr	&KR0645;	367
kr	&KR0655;	366
kr	&KR0629;	365
kr	&KR0105;	365
kr	&KR0031;	365
kr	&KR0668;	362
kr	&KR0647;	361
kr	&KR0189;	360
kr	&KR0640;	359
kr	&KR0667;	359
kr	&KR0658;	358
kr	&KR0796;	357
kr	&KR0632;	355
kr	&KR0058;	355
kr	&KR0564;	354
kr	&KR0038;	353
kr	&KR0706;	350
kr	&KR0097;	350
kr	&KR0678;	349
kr	&KR0670;	345
kr	&KR0696;	345
kr	&KR0676;	342
kr	&KR0662;	341
kr	&KR0674;	339
kr	&KR0693;	339
kr	&KR1136;	337
kr	&KR0694;	333
kr	&KR0673;	332
kr	&KR0666;	331
kr	&KR0695;	331
kr	&KR0697;	331
kr	&KR0657;	329
kr	&KR0126;	326
kr	&KR0690;	324
kr	&KR0735;	324
kr	&KR0079;	324
kr	&KR0194;	324
kr	&KR0686;	323
kr	&KR0687;	322
kr	&KR0074;	321
kr	&KR0191;	320
kr	&KR0281;	320
kr	&KR0094;	319
kr	&KR0722;	318
kr	&KR0075;	318
kr	&KR0714;	315
kr	&KR0158;	312
kr	&KR0068;	311
kr	&KR0719;	310
kr	&KR0795;	310
kr	&KR0875;	310
kr	&KR0844;	310
kr	&KR0738;	309
kr	&KR0702;	309
kr	&KR0251;	309
kr	&KR0736;	308
kr	&KR0689;	303
kr	&KR0688;	302
kr	&KR0685;	301
kr	&KR0092;	300
kr	&KR0691;	298
kr	&KR0681;	297
kr	&KR0224;	295
kr	&KR0749;	294
kr	&KR0112;	294
kr	&KR0740;	293
kr	&KR0935;	290
kr	&KR0726;	289
kr	&KR0297;	287
kr	&KR0729;	283
kr	&KR0707;	280
kr	&KR0803;	280
kr	&KR0797;	279
kr	&KR0699;	278
kr	&KR0710;	278
kr	&KR0712;	273
kr	&KR0765;	272
kr	&KR0782;	272
kr	&KR0742;	271
kr	&KR0724;	269
kr	&KR2647;	269
kr	&KR0770;	267
kr	&KR0764;	266
kr	&KR0680;	263
kr	&KR0763;	263
kr	&KR0776;	260
kr	&KR0751;	260
kr	&KR0860;	259
kr	&KR0793;	258
kr	&KR0759;	258
kr	&KR0183;	256
kr	&KR0282;	256
kr	&KR0871;	255
kr	&KR0755;	255
kr	&KR0757;	254
kr	&KR0750;	254
kr	&KR0789;	253
kr	&KR0854;	253
kr	&KR0739;	253
kr	&KR0109;	253
kr	&KR0857;	253
kr	&KR0675;	252
kr	&KR0072;	252
kr	&KR0080;	252
kr	&KR0778;	251
kr	&KR0914;	251
kr	&KR0779;	251
kr	&KR0766;	251
kr	&KR0845;	251
kr	&KR0786;	250
kr	&KR0794;	249
kr	&KR0982;	249
kr	&KR0785;	247
kr	&KR0181;	247
kr	&KR0792;	246
kr	&KR0862;	246
kr	&KR0813;	245
kr	&KR0777;	244
kr	&KR0856;	243
kr	&KR0812;	242
kr	&KR0198;	242
kr	&KR0802;	241
kr	&KR3511;	239
kr	&KR0790;	238
kr	&KR0827;	238
kr	&KR0830;	238
kr	&KR2792;	237
kr	&KR5360;	237
kr	&KR1000;	236
kr	&KR0093;	236
kr	&KR0887;	235
kr	&KR0851;	235
kr	&KR0825;	233
kr	&KR0804;	232
kr	&KR0772;	232
kr	&KR0505;	232
kr	&KR0161;	231
kr	&KR0832;	230
kr	&KR0839;	230
kr	&KR0838;	230
kr	&KR0816;	229
kr	&KR0280;	229
kr	&KR0758;	228
kr	&KR0787;	228
kr	&KR0833;	228
kr	&KR0848;	227
kr	&KR0743;	227
kr	&KR0809;	226
kr	&KR0784;	226
kr	&KR0303;	226
kr	&KR0769;	224
kr	&KR0293;	224
kr	&KR0266;	224
kr	&KR1586;	224
kr	&KR2909;	224
kr	&KR0783;	223
kr	&KR0863;	222
kr	&KR0836;	220
kr	&KR0841;	220
kr	&KR0219;	220
kr	&KR0908;	219
kr	&KR0799;	218
kr	&KR0801;	218
kr	&KR0811;	218
kr	&KR0819;	217
kr	&KR0715;	217
kr	&KR0889;	216
kr	&KR0885;	216
kr	&KR0917;	215
kr	&KR0808;	215
kr	&KR0849;	215
kr	&KR0878;	215
kr	&KR0873;	215
kr	&KR0859;	214
kr	&KR0992;	214
kr	&KR0026;	214
kr	&KR0901;	213
kr	&KR0165;	213
kr	&KR0867;	212
kr	&KR0837;	212
kr	&KR0864;	211
kr	&KR0110;	211
kr	&KR0279;	209
kr	&KR0850;	208
kr	&KR0869;	208
kr	&KR0818;	207
kr	&KR0941;	207
kr	&KR1234;	207
kr	&KR0852;	206
kr	&KR0807;	206
kr	&KR3307;	206
kr	&KR0829;	205
kr	&KR0861;	205
kr	&KR1528;	205
kr	&KR1664;	205
kr	&KR0977;	204
kr	&KR0974;	204
kr	&KR0891;	203
kr	&KR0888;	203
kr	&KR0882;	201
kr	&KR0938;	201
kr	&KR0899;	201
kr	&KR0916;	201
kr	&KR0954;	201
kr	&KR0870;	200
kr	&KR0308;	200
kr	&KR0868;	199
kr	&KR0927;	199
kr	&KR0178;	199
kr	&KR0874;	198
kr	&KR0897;	198
kr	&KR0865;	198
kr	&KR0925;	197
kr	&KR0881;	196
kr	&KR0289;	196
kr	&KR0907;	195
kr	&KR1044;	195
kr	&KR0847;	195
kr	&KR0328;	195
kr	&KR0877;	194
kr	&KR0909;	194
kr	&KR0363;	194
kr	&KR0876;	193
kr	&KR0922;	193
kr	&KR0890;	193
kr	&KR0810;	193
kr	&KR0975;	192
kr	&KR0136;	191
kr	&KR0894;	190
kr	&KR1029;	190
kr	&KR0973;	190
kr	&KR0915;	189
kr	&KR0866;	188
kr	&KR0919;	188
kr	&KR0942;	188
kr	&KR0902;	187
kr	&KR1247;	187
kr	&KR0214;	187
kr	&KR0022;	186
kr	&KR0312;	186
kr	&KR0879;	185
kr	&KR0788;	185
kr	&KR1191;	185
kr	&KR0037;	185
kr	&KR1004;	185
kr	&KR0929;	184
kr	&KR0968;	184
kr	&KR0253;	184
kr	&KR0945;	183
kr	&KR0957;	183
kr	&KR1315;	183
kr	&KR0886;	183
kr	&KR0062;	183
kr	&KR0946;	182
kr	&KR0911;	181
kr	&KR0933;	180
kr	&KR3406;	180
kr	&KR0949;	179
kr	&KR1075;	179
kr	&KR0222;	179
kr	&KR0233;	179
kr	&KR3033;	179
kr	&KR1281;	178
kr	&KR1015;	178
kr	&KR0978;	177
kr	&KR0327;	177
kr	&KR0148;	177
kr	&KR0267;	177
kr	&KR0905;	176
kr	&KR0950;	176
kr	&KR0904;	175
kr	&KR0963;	175
kr	&KR0958;	175
kr	&KR0182;	175
kr	&KR1016;	174
kr	&KR0893;	174
kr	&KR1319;	173
kr	&KR0906;	172
kr	&KR0971;	172
kr	&KR1847;	170
kr	&KR1132;	170
kr	&KR0117;	170
kr	&KR0393;	170
kr	&KR1006;	169
kr	&KR1051;	169
kr	&KR0264;	169
kr	&KR1002;	168
kr	&KR1041;	168
kr	&KR0918;	167
kr	&KR0898;	167
kr	&KR0912;	167
kr	&KR0014;	167
kr	&KR0988;	166
kr	&KR1434;	166
kr	&KR0239;	166
kr	&KR1031;	166
kr	&KR1020;	165
kr	&KR0995;	164
kr	&KR1036;	164
kr	&KR0979;	164
kr	&KR0858;	164
kr	&KR1032;	164
kr	&KR0984;	164
kr	&KR0500;	164
kr	&KR0964;	163
kr	&KR1047;	163
kr	&KR1061;	162
kr	&KR0994;	161
kr	&KR3579;	161
kr	&KR0934;	160
kr	&KR0115;	160
kr	&KR0955;	159
kr	&KR0985;	159
kr	&KR1012;	159
kr	&KR1254;	159
kr	&KR0987;	158
kr	&KR0951;	158
kr	&KR1007;	158
kr	&KR0211;	158
kr	&KR1042;	157
kr	&KR0247;	157
kr	&KR0347;	157
kr	&KR0972;	156
kr	&KR1410;	156
kr	&KR0004;	156
kr	&KR1039;	155
kr	&KR1097;	154
kr	&KR1248;	154
kr	&KR1120;	154
kr	&KR1354;	153
kr	&KR1066;	153
kr	&KR0993;	153
kr	&KR1045;	152
kr	&KR0999;	152
kr	&KR1070;	152
kr	&KR1276;	152
kr	&KR1064;	152
kr	&KR0284;	152
kr	&KR1038;	151
kr	&KR0939;	151
kr	&KR1014;	151
kr	&KR1390;	151
kr	&KR0243;	151
kr	&KR0127;	151
kr	&KR1065;	150
kr	&KR1005;	150
kr	&KR1265;	149
kr	&KR1053;	149
kr	&KR1095;	149
kr	&KR0215;	149
kr	&KR1078;	148
kr	&KR1021;	148
kr	&KR0930;	148
kr	&KR1123;	148
kr	&KR1017;	148
kr	&KR1048;	148
kr	&KR0457;	148
kr	&KR1163;	147
kr	&KR1011;	147
kr	&KR1220;	146
kr	&KR0997;	146
kr	&KR1137;	146
kr	&KR1010;	146
kr	&KR0129;	146
kr	&KR5359;	146
kr	&KR1019;	145
kr	&KR1448;	145
kr	&KR1055;	145
kr	&KR1069;	144
kr	&KR0970;	144
kr	&KR0420;	144
kr	&KR1033;	143
kr	&KR1298;	143
kr	&KR0910;	143
kr	&KR0903;	143
kr	&KR1018;	142
kr	&KR1734;	142
kr	&KR1143;	142
kr	&KR0274;	142
kr	&KR0252;	142
kr	&KR1082;	142
kr	&KR1457;	141
kr	&KR1351;	141
kr	&KR1052;	141
kr	&KR1114;	141
kr	&KR1122;	140
kr	&KR1081;	140
kr	&KR1025;	140
kr	&KR0116;	140
kr	&KR1024;	139
kr	&KR1060;	139
kr	&KR1085;	139
kr	&KR1083;	139
kr	&KR1219;	139
kr	&KR1008;	138
kr	&KR1073;	138
kr	&KR1043;	138
kr	&KR0292;	138
kr	&KR1129;	138
kr	&KR1062;	137
kr	&KR1570;	137
kr	&KR0961;	137
kr	&KR1832;	137
kr	&KR1138;	137
kr	&KR1013;	137
kr	&KR1195;	136
kr	&KR0996;	136
kr	&KR1127;	136
kr	&KR1217;	136
kr	&KR1026;	136
kr	&KR1110;	135
kr	&KR1177;	135
kr	&KR1403;	135
kr	&KR1071;	134
kr	&KR1086;	134
kr	&KR1365;	134
kr	&KR1595;	134
kr	&KR1046;	134
kr	&KR0374;	134
kr	&KR0351;	134
kr	&KR1171;	133
kr	&KR1139;	133
kr	&KR0965;	133
kr	&KR1140;	133
kr	&KR1266;	133
kr	&KR0430;	133
kr	&KR1559;	132
kr	&KR0932;	132
kr	&KR1155;	132
kr	&KR0140;	132
kr	&KR1076;	131
kr	&KR1834;	131
kr	&KR1763;	131
kr	&KR1887;	131
kr	&KR0449;	131
kr	&KR0213;	131
kr	&KR0369;	131
kr	&KR5365;	131
kr	&KR1102;	130
kr	&KR1089;	130
kr	&KR1159;	130
kr	&KR0106;	130
kr	&KR1109;	129
kr	&KR1393;	129
kr	&KR1151;	129
kr	&KR1150;	128
kr	&KR1353;	128
kr	&KR1205;	128
kr	&KR1088;	128
kr	&KR1057;	128
kr	&KR0960;	128
kr	&KR0990;	128
kr	&KR1237;	128
kr	&KR0966;	128
kr	&KR0176;	128
kr	&KR1223;	127
kr	&KR1030;	127
kr	&KR1184;	127
kr	&KR1208;	127
kr	&KR1235;	127
kr	&KR1173;	127
kr	&KR1270;	127
kr	&KR1280;	126
kr	&KR1105;	126
kr	&KR1362;	126
kr	&KR1148;	126
kr	&KR1885;	126
kr	&KR1128;	126
kr	&KR1180;	125
kr	&KR1161;	125
kr	&KR1160;	125
kr	&KR1445;	125
kr	&KR1077;	125
kr	&KR0017;	125
kr	&KR0138;	125
kr	&KR1092;	124
kr	&KR1207;	124
kr	&KR1222;	124
kr	&KR1264;	124
kr	&KR1169;	124
kr	&KR0122;	124
kr	&KR1124;	123
kr	&KR1179;	123
kr	&KR1326;	123
kr	&KR1101;	123
kr	&KR1116;	123
kr	&KR1168;	123
kr	&KR1665;	123
kr	&KR1414;	123
kr	&KR1395;	123
kr	&KR1430;	123
kr	&KR1176;	123
kr	&KR0482;	123
kr	&KR1454;	122
kr	&KR0431;	122
kr	&KR1141;	121
kr	&KR1090;	121
kr	&KR1104;	121
kr	&KR1133;	121
kr	&KR0201;	121
kr	&KR0210;	121
kr	&KR1534;	121
kr	&KR1464;	121
kr	&KR1103;	120
kr	&KR1050;	120
kr	&KR1398;	120
kr	&KR1214;	120
kr	&KR1185;	120
kr	&KR1100;	120
kr	&KR1678;	120
kr	&KR1204;	120
kr	&KR0016;	120
kr	&KR0355;	120
kr	&KR1152;	119
kr	&KR1290;	119
kr	&KR1058;	119
kr	&KR1314;	119
kr	&KR1293;	119
kr	&KR1190;	119
kr	&KR1209;	118
kr	&KR1360;	118
kr	&KR1063;	118
kr	&KR1113;	118
kr	&KR1126;	118
kr	&KR1181;	118
kr	&KR1243;	118
kr	&KR1194;	117
kr	&KR1142;	117
kr	&KR1084;	117
kr	&KR0015;	117
kr	&KR1193;	116
kr	&KR1212;	116
kr	&KR1352;	116
kr	&KR1131;	116
kr	&KR1415;	116
kr	&KR1165;	115
kr	&KR1027;	115
kr	&KR1135;	115
kr	&KR0099;	115
kr	&KR0225;	115
kr	&KR1242;	114
kr	&KR0132;	114
kr	&KR1134;	113
kr	&KR1108;	113
kr	&KR1224;	113
kr	&KR1153;	113
kr	&KR1261;	113
kr	&KR1394;	113
kr	&KR1166;	112
kr	&KR1158;	112
kr	&KR1233;	112
kr	&KR1211;	112
kr	&KR0467;	112
kr	&KR0059;	112
kr	&KR1149;	111
kr	&KR1566;	111
kr	&KR1106;	111
kr	&KR2138;	111
kr	&KR1455;	111
kr	&KR0767;	111
kr	&KR1245;	111
kr	&KR0196;	111
kr	&KR1035;	111
kr	&KR0356;	111
kr	&KR0206;	111
kr	&KR1202;	110
kr	&KR1382;	110
kr	&KR1213;	110
kr	&KR0343;	110
kr	&KR1268;	110
kr	&KR1677;	109
kr	&KR0521;	109
kr	&KR1753;	108
kr	&KR1174;	108
kr	&KR1416;	108
kr	&KR1228;	108
kr	&KR1170;	108
kr	&KR1094;	107
kr	&KR1423;	107
kr	&KR1154;	107
kr	&KR1271;	107
kr	&KR1227;	107
kr	&KR1278;	107
kr	&KR0286;	107
kr	&KR1201;	106
kr	&KR1259;	106
kr	&KR1221;	106
kr	&KR1263;	106
kr	&KR1585;	106
kr	&KR1344;	106
kr	&KR1282;	106
kr	&KR1754;	106
kr	&KR1239;	106
kr	&KR1556;	106
kr	&KR1246;	106
kr	&KR0186;	106
kr	&KR1253;	105
kr	&KR1512;	105
kr	&KR1249;	105
kr	&KR1689;	105
kr	&KR0491;	105
kr	&KR0250;	105
kr	&KR1391;	105
kr	&KR1386;	104
kr	&KR1497;	104
kr	&KR1279;	104
kr	&KR1255;	104
kr	&KR1562;	104
kr	&KR1359;	104
kr	&KR1199;	103
kr	&KR1241;	103
kr	&KR1187;	103
kr	&KR1340;	103
kr	&KR1311;	103
kr	&KR1197;	103
kr	&KR1125;	103
kr	&KR1433;	103
kr	&KR0302;	103
kr	&KR0260;	103
kr	&KR1145;	102
kr	&KR1798;	102
kr	&KR1383;	102
kr	&KR1397;	102
kr	&KR0151;	102
kr	&KR0287;	102
kr	&KR1599;	101
kr	&KR1295;	101
kr	&KR1230;	101
kr	&KR1795;	101
kr	&KR1175;	101
kr	&KR1921;	101
kr	&KR1710;	101
kr	&KR1339;	101
kr	&KR5355;	101
kr	&KR1272;	100
kr	&KR1206;	100
kr	&KR1256;	100
kr	&KR1594;	100
kr	&KR1659;	100
kr	&KR1372;	100
kr	&KR1287;	99
kr	&KR1307;	99
kr	&KR1210;	99
kr	&KR1200;	99
kr	&KR1284;	99
kr	&KR1273;	99
kr	&KR1374;	99
kr	&KR1297;	99
kr	&KR1231;	99
kr	&KR0931;	99
kr	&KR1636;	99
kr	&KR1446;	98
kr	&KR1258;	98
kr	&KR1318;	98
kr	&KR1525;	98
kr	&KR1514;	98
kr	&KR1411;	98
kr	&KR1698;	98
kr	&KR1283;	98
kr	&KR1321;	98
kr	&KR0180;	98
kr	&KR1349;	98
kr	&KR5356;	98
kr	&KR1250;	97
kr	&KR1275;	97
kr	&KR1296;	97
kr	&KR1647;	97
kr	&KR2114;	97
kr	&KR0212;	97
kr	&KR0173;	97
kr	&KR1432;	96
kr	&KR1236;	96
kr	&KR1313;	96
kr	&KR1545;	96
kr	&KR0283;	96
kr	&KR0203;	96
kr	&KR1342;	95
kr	&KR1286;	95
kr	&KR1626;	95
kr	&KR1627;	95
kr	&KR1299;	95
kr	&KR1431;	95
kr	&KR1229;	94
kr	&KR1257;	94
kr	&KR1818;	94
kr	&KR1167;	94
kr	&KR1748;	94
kr	&KR2001;	94
kr	&KR0319;	94
kr	&KR1196;	93
kr	&KR1244;	93
kr	&KR1526;	93
kr	&KR0071;	93
kr	&KR1715;	93
kr	&KR0476;	93
kr	&KR0587;	92
kr	&KR1369;	92
kr	&KR1274;	92
kr	&KR1267;	92
kr	&KR1335;	92
kr	&KR1732;	92
kr	&KR0259;	92
kr	&KR1720;	92
kr	&KR1564;	91
kr	&KR1364;	91
kr	&KR1970;	91
kr	&KR1367;	91
kr	&KR1975;	91
kr	&KR1894;	91
kr	&KR0340;	91
kr	&KR3386;	91
kr	&KR1178;	90
kr	&KR1826;	90
kr	&KR1356;	90
kr	&KR1511;	90
kr	&KR2299;	90
kr	&KR1377;	90
kr	&KR1288;	90
kr	&KR0111;	90
kr	&KR0390;	90
kr	&KR3484;	90
kr	&KR5354;	90
kr	&KR1538;	89
kr	&KR1465;	89
kr	&KR1700;	89
kr	&KR2423;	89
kr	&KR1520;	89
kr	&KR1308;	89
kr	&KR1225;	89
kr	&KR1301;	89
kr	&KR1478;	89
kr	&KR0425;	89
kr	&KR1805;	88
kr	&KR1717;	88
kr	&KR2326;	88
kr	&KR2122;	88
kr	&KR1269;	88
kr	&KR1569;	88
kr	&KR1606;	88
kr	&KR1417;	88
kr	&KR0544;	88
kr	&KR1579;	87
kr	&KR1304;	87
kr	&KR1320;	87
kr	&KR1291;	87
kr	&KR1428;	87
kr	&KR1238;	87
kr	&KR1330;	87
kr	&KR1598;	87
kr	&KR1749;	87
kr	&KR2302;	87
kr	&KR1376;	86
kr	&KR1387;	86
kr	&KR1329;	86
kr	&KR1613;	86
kr	&KR1469;	85
kr	&KR1485;	85
kr	&KR1302;	85
kr	&KR1355;	85
kr	&KR1357;	85
kr	&KR1424;	85
kr	&KR1463;	85
kr	&KR1338;	85
kr	&KR1767;	85
kr	&KR0428;	85
kr	&KR0417;	85
kr	&KR1408;	85
kr	&KR1328;	84
kr	&KR1336;	84
kr	&KR1389;	84
kr	&KR1215;	84
kr	&KR1396;	84
kr	&KR0209;	84
kr	&KR1375;	83
kr	&KR1348;	83
kr	&KR1381;	83
kr	&KR1610;	83
kr	&KR2020;	83
kr	&KR1405;	83
kr	&KR1498;	83
kr	&KR1341;	83
kr	&KR1439;	83
kr	&KR2050;	83
kr	&KR1995;	83
kr	&KR1952;	83
kr	&KR3151;	83
kr	&KR1762;	83
kr	&KR0461;	83
kr	&KR1494;	82
kr	&KR1646;	82
kr	&KR1733;	82
kr	&KR1373;	82
kr	&KR1648;	82
kr	&KR1546;	82
kr	&KR2021;	82
kr	&KR1370;	81
kr	&KR1548;	81
kr	&KR1516;	81
kr	&KR2147;	81
kr	&KR1401;	81
kr	&KR1380;	81
kr	&KR1361;	81
kr	&KR1857;	81
kr	&KR0018;	81
kr	&KR0185;	81
kr	&KR1874;	80
kr	&KR1495;	80
kr	&KR1475;	80
kr	&KR1979;	80
kr	&KR1896;	80
kr	&KR0154;	80
kr	&KR0745;	80
kr	&KR1333;	79
kr	&KR1714;	79
kr	&KR1385;	79
kr	&KR2759;	79
kr	&KR2223;	79
kr	&KR1450;	79
kr	&KR1666;	79
kr	&KR1371;	79
kr	&KR1327;	79
kr	&KR1853;	79
kr	&KR1496;	79
kr	&KR1419;	79
kr	&KR2079;	78
kr	&KR1350;	78
kr	&KR1506;	78
kr	&KR1775;	78
kr	&KR2093;	78
kr	&KR1406;	78
kr	&KR1653;	78
kr	&KR1527;	78
kr	&KR0601;	78
kr	&KR2279;	78
kr	&KR3942;	78
kr	&KR1363;	77
kr	&KR1294;	77
kr	&KR2328;	77
kr	&KR1513;	77
kr	&KR1931;	77
kr	&KR1490;	77
kr	&KR1285;	77
kr	&KR0228;	77
kr	&KR2100;	77
kr	&KR2301;	76
kr	&KR1489;	76
kr	&KR2212;	76
kr	&KR1437;	76
kr	&KR2190;	76
kr	&KR1637;	76
kr	&KR1436;	76
kr	&KR2617;	76
kr	&KR1821;	76
kr	&KR1523;	76
kr	&KR0208;	76
kr	&KR0322;	76
kr	&KR2497;	76
kr	&KR2140;	76
kr	&KR1550;	76
kr	&KR2640;	75
kr	&KR1412;	75
kr	&KR1518;	75
kr	&KR1611;	75
kr	&KR1460;	75
kr	&KR1343;	75
kr	&KR1451;	75
kr	&KR0424;	75
kr	&KR1910;	75
kr	&KR0268;	75
kr	&KR2392;	75
kr	&KR1441;	74
kr	&KR1820;	74
kr	&KR1668;	74
kr	&KR1399;	74
kr	&KR1571;	74
kr	&KR1639;	74
kr	&KR1456;	74
kr	&KR2101;	74
kr	&KR1505;	74
kr	&KR1686;	74
kr	&KR1479;	74
kr	&KR0147;	74
kr	&KR1696;	74
kr	&KR2577;	74
kr	&KR0555;	74
kr	&KR1867;	74
kr	&KR1216;	74
kr	&KR1738;	73
kr	&KR1856;	73
kr	&KR3004;	73
kr	&KR1444;	73
kr	&KR1539;	73
kr	&KR1303;	73
kr	&KR1634;	73
kr	&KR2027;	73
kr	&KR2119;	73
kr	&KR1597;	73
kr	&KR2331;	73
kr	&KR0432;	73
kr	&KR1607;	72
kr	&KR1476;	72
kr	&KR1776;	72
kr	&KR1492;	72
kr	&KR1491;	72
kr	&KR2046;	72
kr	&KR1522;	72
kr	&KR1453;	72
kr	&KR1565;	72
kr	&KR2466;	72
kr	&KR1750;	72
kr	&KR1346;	72
kr	&KR1711;	72
kr	&KR0197;	72
kr	&KR1823;	72
kr	&KR1409;	71
kr	&KR1503;	71
kr	&KR1529;	71
kr	&KR1655;	71
kr	&KR1531;	71
kr	&KR1473;	71
kr	&KR1994;	71
kr	&KR0531;	71
kr	&KR1413;	70
kr	&KR2433;	70
kr	&KR1596;	70
kr	&KR1691;	70
kr	&KR2292;	70
kr	&KR1324;	70
kr	&KR1499;	70
kr	&KR1619;	70
kr	&KR1480;	70
kr	&KR1440;	70
kr	&KR2193;	70
kr	&KR1683;	70
kr	&KR0411;	70
kr	&KR1402;	69
kr	&KR1421;	69
kr	&KR1493;	69
kr	&KR1471;	69
kr	&KR1467;	69
kr	&KR1709;	69
kr	&KR2128;	69
kr	&KR2305;	69
kr	&KR1872;	69
kr	&KR1427;	69
kr	&KR1590;	69
kr	&KR1541;	69
kr	&KR1980;	69
kr	&KR1846;	69
kr	&KR2486;	69
kr	&KR2104;	69
kr	&KR1552;	69
kr	&KR1484;	69
kr	&KR1702;	69
kr	&KR2575;	69
kr	&KR2051;	69
kr	&KR2221;	68
kr	&KR1747;	68
kr	&KR1508;	68
kr	&KR1442;	68
kr	&KR2639;	68
kr	&KR1574;	68
kr	&KR1472;	68
kr	&KR1576;	68
kr	&KR1547;	68
kr	&KR0258;	68
kr	&KR0049;	68
kr	&KR1572;	68
kr	&KR1331;	68
kr	&KR2346;	68
kr	&KR1830;	67
kr	&KR1609;	67
kr	&KR1663;	67
kr	&KR1967;	67
kr	&KR2202;	67
kr	&KR1483;	67
kr	&KR2342;	67
kr	&KR1575;	67
kr	&KR1849;	67
kr	&KR1553;	67
kr	&KR1551;	67
kr	&KR1459;	67
kr	&KR1604;	67
kr	&KR1845;	67
kr	&KR1509;	67
kr	&KR1791;	67
kr	&KR1843;	67
kr	&KR1915;	67
kr	&KR0009;	67
kr	&KR0737;	67
kr	&KR1855;	67
kr	&KR2971;	67
kr	&KR1640;	66
kr	&KR1620;	66
kr	&KR1661;	66
kr	&KR1486;	66
kr	&KR1458;	66
kr	&KR1633;	66
kr	&KR2967;	66
kr	&KR1418;	66
kr	&KR1721;	66
kr	&KR2117;	66
kr	&KR1507;	66
kr	&KR2214;	66
kr	&KR1443;	66
kr	&KR1722;	66
kr	&KR0237;	66
kr	&KR2344;	66
kr	&KR1676;	66
kr	&KR0353;	66
kr	&KR0354;	66
kr	&KR0508;	66
kr	&KR0539;	66
kr	&KR2002;	65
kr	&KR1869;	65
kr	&KR2186;	65
kr	&KR2188;	65
kr	&KR1817;	65
kr	&KR0323;	65
kr	&KR1615;	65
kr	&KR0096;	65
kr	&KR2060;	65
kr	&KR1755;	65
kr	&KR2676;	65
kr	&KR0444;	65
kr	&KR0192;	65
kr	&KR2132;	65
kr	&KR1452;	64
kr	&KR1667;	64
kr	&KR1608;	64
kr	&KR1500;	64
kr	&KR1543;	64
kr	&KR2153;	64
kr	&KR1625;	64
kr	&KR2103;	64
kr	&KR2058;	64
kr	&KR0245;	64
kr	&KR2270;	64
kr	&KR2780;	64
kr	&KR1708;	63
kr	&KR1752;	63
kr	&KR1474;	63
kr	&KR2259;	63
kr	&KR1555;	63
kr	&KR1592;	63
kr	&KR1650;	63
kr	&KR2151;	63
kr	&KR2391;	63
kr	&KR1568;	63
kr	&KR1870;	63
kr	&KR1530;	63
kr	&KR1871;	63
kr	&KR2618;	63
kr	&KR1819;	63
kr	&KR1652;	63
kr	&KR1822;	63
kr	&KR1829;	62
kr	&KR1697;	62
kr	&KR2023;	62
kr	&KR2323;	62
kr	&KR2543;	62
kr	&KR1996;	62
kr	&KR1766;	62
kr	&KR1741;	62
kr	&KR2062;	62
kr	&KR1929;	62
kr	&KR0078;	62
kr	&KR2255;	62
kr	&KR1540;	62
kr	&KR0241;	62
kr	&KR2303;	62
kr	&KR2358;	62
kr	&KR2627;	62
kr	&KR1624;	61
kr	&KR1662;	61
kr	&KR1978;	61
kr	&KR1334;	61
kr	&KR2071;	61
kr	&KR1536;	61
kr	&KR1600;	61
kr	&KR1769;	61
kr	&KR1567;	61
kr	&KR1824;	61
kr	&KR1765;	61
kr	&KR1991;	61
kr	&KR1891;	61
kr	&KR2056;	61
kr	&KR1468;	61
kr	&KR2418;	61
kr	&KR2313;	61
kr	&KR2042;	61
kr	&KR0487;	61
kr	&KR0606;	61
kr	&KR2389;	61
kr	&KR1577;	60
kr	&KR1658;	60
kr	&KR1621;	60
kr	&KR1943;	60
kr	&KR2237;	60
kr	&KR1542;	60
kr	&KR1515;	60
kr	&KR1851;	60
kr	&KR1591;	60
kr	&KR1672;	60
kr	&KR1645;	60
kr	&KR1854;	60
kr	&KR2620;	60
kr	&KR2171;	60
kr	&KR0442;	60
kr	&KR0395;	60
kr	&KR1701;	60
kr	&KR2335;	59
kr	&KR1581;	59
kr	&KR1898;	59
kr	&KR1873;	59
kr	&KR1688;	59
kr	&KR1504;	59
kr	&KR1712;	59
kr	&KR1993;	59
kr	&KR1582;	59
kr	&KR2750;	59
kr	&KR2080;	59
kr	&KR1578;	59
kr	&KR0221;	59
kr	&KR2012;	59
kr	&KR2304;	59
kr	&KR1651;	58
kr	&KR1561;	58
kr	&KR1912;	58
kr	&KR1642;	58
kr	&KR2089;	58
kr	&KR1860;	58
kr	&KR1699;	58
kr	&KR1892;	58
kr	&KR1804;	58
kr	&KR2059;	58
kr	&KR1825;	58
kr	&KR1673;	58
kr	&KR1705;	58
kr	&KR1946;	58
kr	&KR0254;	58
kr	&KR1760;	58
kr	&KR2133;	58
kr	&KR1848;	58
kr	&KR1573;	57
kr	&KR1955;	57
kr	&KR1949;	57
kr	&KR1684;	57
kr	&KR2159;	57
kr	&KR2874;	57
kr	&KR1643;	57
kr	&KR2111;	57
kr	&KR1593;	57
kr	&KR1914;	57
kr	&KR1919;	57
kr	&KR0157;	57
kr	&KR0273;	57
kr	&KR1840;	57
kr	&KR1813;	57
kr	&KR1654;	56
kr	&KR2700;	56
kr	&KR2085;	56
kr	&KR1764;	56
kr	&KR2209;	56
kr	&KR2290;	56
kr	&KR2356;	56
kr	&KR1587;	56
kr	&KR1649;	56
kr	&KR1589;	56
kr	&KR1757;	56
kr	&KR1379;	56
kr	&KR1707;	56
kr	&KR1930;	56
kr	&KR2549;	56
kr	&KR1671;	56
kr	&KR2596;	56
kr	&KR2572;	56
kr	&KR0119;	56
kr	&KR2613;	56
kr	&KR1583;	56
kr	&KR1657;	56
kr	&KR1811;	56
kr	&KR1694;	56
kr	&KR0597;	56
kr	&KR1937;	55
kr	&KR1670;	55
kr	&KR2426;	55
kr	&KR1932;	55
kr	&KR2666;	55
kr	&KR1544;	55
kr	&KR2034;	55
kr	&KR1974;	55
kr	&KR2086;	55
kr	&KR2087;	55
kr	&KR0301;	55
kr	&KR0382;	55
kr	&KR2061;	54
kr	&KR1616;	54
kr	&KR1774;	54
kr	&KR2595;	54
kr	&KR1537;	54
kr	&KR1725;	54
kr	&KR2504;	54
kr	&KR1730;	54
kr	&KR1638;	54
kr	&KR2271;	54
kr	&KR1742;	54
kr	&KR2241;	54
kr	&KR1680;	54
kr	&KR1756;	54
kr	&KR2526;	54
kr	&KR2359;	54
kr	&KR1704;	54
kr	&KR1999;	54
kr	&KR1429;	54
kr	&KR2284;	54
kr	&KR2733;	54
kr	&KR1772;	54
kr	&KR2315;	54
kr	&KR0341;	54
kr	&KR0240;	54
kr	&KR0456;	54
kr	&KR2767;	54
kr	&KR2429;	54
kr	&KR1580;	53
kr	&KR1911;	53
kr	&KR2233;	53
kr	&KR1779;	53
kr	&KR1789;	53
kr	&KR2162;	53
kr	&KR3082;	53
kr	&KR2548;	53
kr	&KR1723;	53
kr	&KR1751;	53
kr	&KR1740;	53
kr	&KR2180;	53
kr	&KR1690;	53
kr	&KR2172;	53
kr	&KR2484;	53
kr	&KR1800;	53
kr	&KR1713;	53
kr	&KR1790;	53
kr	&KR1629;	53
kr	&KR1803;	53
kr	&KR2960;	53
kr	&KR1882;	53
kr	&KR1833;	53
kr	&KR0024;	53
kr	&KR0345;	53
kr	&KR0451;	53
kr	&KR1519;	53
kr	&KR1693;	53
kr	&KR2275;	53
kr	&KR1972;	53
kr	&KR2035;	53
kr	&KR0518;	53
kr	&KR0278;	53
kr	&KR0087;	53
kr	&KR2074;	53
kr	&KR2896;	53
kr	&KR1792;	53
kr	&KR2773;	53
kr	&KR2226;	52
kr	&KR1809;	52
kr	&KR2028;	52
kr	&KR3283;	52
kr	&KR1679;	52
kr	&KR1780;	52
kr	&KR2471;	52
kr	&KR1938;	52
kr	&KR1997;	52
kr	&KR2330;	52
kr	&KR1729;	52
kr	&KR2007;	52
kr	&KR1850;	52
kr	&KR1681;	52
kr	&KR0373;	52
kr	&KR2707;	52
kr	&KR3024;	51
kr	&KR1934;	51
kr	&KR2638;	51
kr	&KR2257;	51
kr	&KR3564;	51
kr	&KR1719;	51
kr	&KR1727;	51
kr	&KR1366;	51
kr	&KR1836;	51
kr	&KR1703;	51
kr	&KR1877;	51
kr	&KR1554;	51
kr	&KR1973;	51
kr	&KR1778;	51
kr	&KR1784;	51
kr	&KR1674;	51
kr	&KR2167;	51
kr	&KR1814;	51
kr	&KR1852;	51
kr	&KR0559;	51
kr	&KR2644;	51
kr	&KR1524;	50
kr	&KR2298;	50
kr	&KR2726;	50
kr	&KR1420;	50
kr	&KR1724;	50
kr	&KR1743;	50
kr	&KR1744;	50
kr	&KR1989;	50
kr	&KR2601;	50
kr	&KR2329;	50
kr	&KR1886;	50
kr	&KR1956;	50
kr	&KR2341;	50
kr	&KR3315;	50
kr	&KR2646;	50
kr	&KR1864;	50
kr	&KR0762;	50
kr	&KR0421;	50
kr	&KR1837;	50
kr	&KR3441;	50
kr	&KR1692;	49
kr	&KR2053;	49
kr	&KR1835;	49
kr	&KR1726;	49
kr	&KR1959;	49
kr	&KR2102;	49
kr	&KR1812;	49
kr	&KR2579;	49
kr	&KR2113;	49
kr	&KR2525;	49
kr	&KR2753;	49
kr	&KR1807;	49
kr	&KR1788;	49
kr	&KR2688;	49
kr	&KR1976;	49
kr	&KR0426;	49
kr	&KR2048;	49
kr	&KR1783;	49
kr	&KR2075;	49
kr	&KR0056;	49
kr	&KR2491;	49
kr	&KR2030;	48
kr	&KR1773;	48
kr	&KR2240;	48
kr	&KR1948;	48
kr	&KR2463;	48
kr	&KR1838;	48
kr	&KR1728;	48
kr	&KR3000;	48
kr	&KR1786;	48
kr	&KR3425;	48
kr	&KR1706;	48
kr	&KR1828;	48
kr	&KR1998;	48
kr	&KR2057;	48
kr	&KR0310;	48
kr	&KR2054;	48
kr	&KR1950;	48
kr	&KR0536;	48
kr	&KR0290;	48
kr	&KR3135;	48
kr	&KR2801;	48
kr	&KR2106;	48
kr	&KR4458;	48
kr	&KR1858;	47
kr	&KR1631;	47
kr	&KR1971;	47
kr	&KR2077;	47
kr	&KR2008;	47
kr	&KR1945;	47
kr	&KR3029;	47
kr	&KR1802;	47
kr	&KR2149;	47
kr	&KR2544;	47
kr	&KR1909;	47
kr	&KR1736;	47
kr	&KR2799;	47
kr	&KR2588;	47
kr	&KR1963;	47
kr	&KR1777;	47
kr	&KR2166;	47
kr	&KR2124;	47
kr	&KR1488;	47
kr	&KR2487;	47
kr	&KR1630;	47
kr	&KR1917;	47
kr	&KR2281;	47
kr	&KR2332;	47
kr	&KR2076;	47
kr	&KR2541;	47
kr	&KR2783;	47
kr	&KR0130;	47
kr	&KR0600;	47
kr	&KR0535;	47
kr	&KR2906;	47
kr	&KR2232;	47
kr	&KR2468;	46
kr	&KR1793;	46
kr	&KR2024;	46
kr	&KR2370;	46
kr	&KR2415;	46
kr	&KR2178;	46
kr	&KR2730;	46
kr	&KR1916;	46
kr	&KR2207;	46
kr	&KR1897;	46
kr	&KR1985;	46
kr	&KR1893;	46
kr	&KR2168;	46
kr	&KR2943;	46
kr	&KR1941;	46
kr	&KR2709;	46
kr	&KR2825;	46
kr	&KR1859;	46
kr	&KR1641;	46
kr	&KR2211;	46
kr	&KR0055;	46
kr	&KR2919;	46
kr	&KR1735;	46
kr	&KR2195;	46
kr	&KR2184;	46
kr	&KR2072;	46
kr	&KR0065;	46
kr	&KR1920;	46
kr	&KR1883;	45
kr	&KR1889;	45
kr	&KR1739;	45
kr	&KR2375;	45
kr	&KR2004;	45
kr	&KR2559;	45
kr	&KR1954;	45
kr	&KR2187;	45
kr	&KR3085;	45
kr	&KR2527;	45
kr	&KR2139;	45
kr	&KR1888;	45
kr	&KR1810;	45
kr	&KR1935;	45
kr	&KR2170;	45
kr	&KR2272;	45
kr	&KR2515;	45
kr	&KR1895;	45
kr	&KR1960;	45
kr	&KR2621;	45
kr	&KR2090;	45
kr	&KR2795;	45
kr	&KR1990;	45
kr	&KR2779;	45
kr	&KR1904;	45
kr	&KR2364;	45
kr	&KR0603;	45
kr	&KR0460;	45
kr	&KR0462;	45
kr	&KR0330;	45
kr	&KR0479;	45
kr	&KR1899;	45
kr	&KR2592;	45
kr	&KR3138;	45
kr	&KR2545;	45
kr	&KR2267;	45
kr	&KR2546;	45
kr	&KR5319;	45
kr	&KR2145;	44
kr	&KR2222;	44
kr	&KR1770;	44
kr	&KR1951;	44
kr	&KR1815;	44
kr	&KR2112;	44
kr	&KR1806;	44
kr	&KR2081;	44
kr	&KR1953;	44
kr	&KR1902;	44
kr	&KR2738;	44
kr	&KR2025;	44
kr	&KR2776;	44
kr	&KR2258;	44
kr	&KR2191;	44
kr	&KR0703;	44
kr	&KR2156;	44
kr	&KR1908;	44
kr	&KR1907;	44
kr	&KR1969;	44
kr	&KR2505;	44
kr	&KR3039;	44
kr	&KR2935;	44
kr	&KR2835;	44
kr	&KR2454;	44
kr	&KR0177;	44
kr	&KR2542;	44
kr	&KR2129;	44
kr	&KR2615;	44
kr	&KR2891;	44
kr	&KR1799;	43
kr	&KR2589;	43
kr	&KR2109;	43
kr	&KR2049;	43
kr	&KR1961;	43
kr	&KR2600;	43
kr	&KR1865;	43
kr	&KR1842;	43
kr	&KR2740;	43
kr	&KR2785;	43
kr	&KR1958;	43
kr	&KR1862;	43
kr	&KR0232;	43
kr	&KR1933;	43
kr	&KR2355;	43
kr	&KR0604;	43
kr	&KR0187;	43
kr	&KR0294;	43
kr	&KR2550;	43
kr	&KR2435;	42
kr	&KR2047;	42
kr	&KR2446;	42
kr	&KR1861;	42
kr	&KR2608;	42
kr	&KR2570;	42
kr	&KR1957;	42
kr	&KR3025;	42
kr	&KR2134;	42
kr	&KR3404;	42
kr	&KR2120;	42
kr	&KR2247;	42
kr	&KR2408;	42
kr	&KR2594;	42
kr	&KR1863;	42
kr	&KR2185;	42
kr	&KR2824;	42
kr	&KR2182;	42
kr	&KR0607;	42
kr	&KR0346;	42
kr	&KR0156;	42
kr	&KR2354;	42
kr	&KR2511;	42
kr	&KR2015;	42
kr	&KR2822;	41
kr	&KR3081;	41
kr	&KR2210;	41
kr	&KR2401;	41
kr	&KR2447;	41
kr	&KR2148;	41
kr	&KR2413;	41
kr	&KR1880;	41
kr	&KR2452;	41
kr	&KR2528;	41
kr	&KR2261;	41
kr	&KR1876;	41
kr	&KR2286;	41
kr	&KR2136;	41
kr	&KR1927;	41
kr	&KR1944;	41
kr	&KR2883;	41
kr	&KR2604;	41
kr	&KR2787;	41
kr	&KR1984;	41
kr	&KR2181;	41
kr	&KR2031;	41
kr	&KR2552;	41
kr	&KR2317;	41
kr	&KR2519;	41
kr	&KR0391;	41
kr	&KR1669;	41
kr	&KR2009;	41
kr	&KR2873;	41
kr	&KR0231;	41
kr	&KR0339;	41
kr	&KR0474;	41
kr	&KR0732;	41
kr	&KR0583;	41
kr	&KR3331;	41
kr	&KR2107;	41
kr	&KR2273;	41
kr	&KR2213;	40
kr	&KR2246;	40
kr	&KR2242;	40
kr	&KR2844;	40
kr	&KR2850;	40
kr	&KR3385;	40
kr	&KR2066;	40
kr	&KR2318;	40
kr	&KR2005;	40
kr	&KR2382;	40
kr	&KR2019;	40
kr	&KR2547;	40
kr	&KR2449;	40
kr	&KR2040;	40
kr	&KR2238;	40
kr	&KR1905;	40
kr	&KR2522;	40
kr	&KR1977;	40
kr	&KR2443;	40
kr	&KR2714;	40
kr	&KR2073;	40
kr	&KR2345;	40
kr	&KR2250;	40
kr	&KR1761;	40
kr	&KR1771;	40
kr	&KR2476;	40
kr	&KR2448;	40
kr	&KR3172;	40
kr	&KR2784;	40
kr	&KR2673;	40
kr	&KR2245;	40
kr	&KR0437;	40
kr	&KR0529;	40
kr	&KR0620;	40
kr	&KR0638;	40
kr	&KR2131;	40
kr	&KR2390;	40
kr	&KR2006;	40
kr	&KR3982;	40
kr	&KR2037;	39
kr	&KR2598;	39
kr	&KR2319;	39
kr	&KR2157;	39
kr	&KR1987;	39
kr	&KR1964;	39
kr	&KR1875;	39
kr	&KR1839;	39
kr	&KR1966;	39
kr	&KR2490;	39
kr	&KR1922;	39
kr	&KR1981;	39
kr	&KR1884;	39
kr	&KR1940;	39
kr	&KR2045;	39
kr	&KR2651;	39
kr	&KR2146;	39
kr	&KR2287;	39
kr	&KR2899;	39
kr	&KR1986;	39
kr	&KR1881;	39
kr	&KR2194;	39
kr	&KR2699;	39
kr	&KR0084;	39
kr	&KR0104;	39
kr	&KR0152;	39
kr	&KR1913;	39
kr	&KR2941;	39
kr	&KR2215;	39
kr	&KR2957;	39
kr	&KR2633;	39
kr	&KR2121;	39
kr	&KR2269;	39
kr	&KR0682;	39
kr	&KR0275;	39
kr	&KR3397;	39
kr	&KR3269;	39
kr	&KR2532;	39
kr	&KR2493;	39
kr	&KR2518;	38
kr	&KR2386;	38
kr	&KR1942;	38
kr	&KR2436;	38
kr	&KR2230;	38
kr	&KR2044;	38
kr	&KR2099;	38
kr	&KR2018;	38
kr	&KR3031;	38
kr	&KR2192;	38
kr	&KR2253;	38
kr	&KR2043;	38
kr	&KR2003;	38
kr	&KR2228;	38
kr	&KR1746;	38
kr	&KR1781;	38
kr	&KR2439;	38
kr	&KR2695;	38
kr	&KR2357;	38
kr	&KR2915;	38
kr	&KR2849;	38
kr	&KR2782;	38
kr	&KR1923;	38
kr	&KR2078;	38
kr	&KR2325;	38
kr	&KR2728;	38
kr	&KR2665;	38
kr	&KR0162;	38
kr	&KR0613;	38
kr	&KR0199;	38
kr	&KR0389;	38
kr	&KR0352;	38
kr	&KR2249;	38
kr	&KR0276;	38
kr	&KR2377;	38
kr	&KR2992;	38
kr	&KR2482;	38
kr	&KR2634;	38
kr	&KR3391;	38
kr	&KR3064;	38
kr	&KR2508;	38
kr	&KR2175;	38
kr	&KR0387;	38
kr	&KR0384;	38
kr	&KR2135;	38
kr	&KR3566;	38
kr	&KR2902;	37
kr	&KR2016;	37
kr	&KR2125;	37
kr	&KR1868;	37
kr	&KR2108;	37
kr	&KR2467;	37
kr	&KR2115;	37
kr	&KR2069;	37
kr	&KR1685;	37
kr	&KR2293;	37
kr	&KR1939;	37
kr	&KR2907;	37
kr	&KR2671;	37
kr	&KR2283;	37
kr	&KR2324;	37
kr	&KR2177;	37
kr	&KR2265;	37
kr	&KR0331;	37
kr	&KR2489;	37
kr	&KR2282;	37
kr	&KR0523;	37
kr	&KR0453;	37
kr	&KR0654;	37
kr	&KR3170;	37
kr	&KR2098;	37
kr	&KR4006;	37
kr	&KR2201;	37
kr	&KR4172;	37
kr	&KR2398;	36
kr	&KR2239;	36
kr	&KR2434;	36
kr	&KR2394;	36
kr	&KR3105;	36
kr	&KR2105;	36
kr	&KR2204;	36
kr	&KR1992;	36
kr	&KR2017;	36
kr	&KR2605;	36
kr	&KR2097;	36
kr	&KR2084;	36
kr	&KR2997;	36
kr	&KR2216;	36
kr	&KR2625;	36
kr	&KR2428;	36
kr	&KR0317;	36
kr	&KR2063;	36
kr	&KR2150;	36
kr	&KR2127;	36
kr	&KR2000;	36
kr	&KR2176;	36
kr	&KR2410;	36
kr	&KR2878;	36
kr	&KR0234;	36
kr	&KR0611;	36
kr	&KR0324;	36
kr	&KR2918;	36
kr	&KR2612;	36
kr	&KR3379;	36
kr	&KR2939;	36
kr	&KR3267;	36
kr	&KR5357;	36
kr	&KR1962;	35
kr	&KR2143;	35
kr	&KR1782;	35
kr	&KR2465;	35
kr	&KR2205;	35
kr	&KR1936;	35
kr	&KR2095;	35
kr	&KR2036;	35
kr	&KR2400;	35
kr	&KR2130;	35
kr	&KR2217;	35
kr	&KR2502;	35
kr	&KR1801;	35
kr	&KR1878;	35
kr	&KR2029;	35
kr	&KR1925;	35
kr	&KR2173;	35
kr	&KR2343;	35
kr	&KR2094;	35
kr	&KR0204;	35
kr	&KR0365;	35
kr	&KR0360;	35
kr	&KR0406;	35
kr	&KR0771;	35
kr	&KR2055;	35
kr	&KR2169;	35
kr	&KR2901;	35
kr	&KR2414;	35
kr	&KR0216;	35
kr	&KR0573;	35
kr	&KR3405;	35
kr	&KR2126;	35
kr	&KR1968;	34
kr	&KR2092;	34
kr	&KR3122;	34
kr	&KR2729;	34
kr	&KR2155;	34
kr	&KR2494;	34
kr	&KR2845;	34
kr	&KR2687;	34
kr	&KR2430;	34
kr	&KR1947;	34
kr	&KR2082;	34
kr	&KR2416;	34
kr	&KR2065;	34
kr	&KR2417;	34
kr	&KR2116;	34
kr	&KR2280;	34
kr	&KR2014;	34
kr	&KR2670;	34
kr	&KR0649;	34
kr	&KR2052;	34
kr	&KR2623;	34
kr	&KR2859;	34
kr	&KR2432;	34
kr	&KR0463;	34
kr	&KR0503;	34
kr	&KR0532;	34
kr	&KR0716;	34
kr	&KR2296;	34
kr	&KR3417;	34
kr	&KR2197;	34
kr	&KR2297;	33
kr	&KR3222;	33
kr	&KR2473;	33
kr	&KR2118;	33
kr	&KR2091;	33
kr	&KR2285;	33
kr	&KR2990;	33
kr	&KR2369;	33
kr	&KR2645;	33
kr	&KR2485;	33
kr	&KR2174;	33
kr	&KR2010;	33
kr	&KR2599;	33
kr	&KR2445;	33
kr	&KR2142;	33
kr	&KR2038;	33
kr	&KR2224;	33
kr	&KR2506;	33
kr	&KR2994;	33
kr	&KR2096;	33
kr	&KR2793;	33
kr	&KR2763;	33
kr	&KR3134;	33
kr	&KR2972;	33
kr	&KR2160;	33
kr	&KR2311;	33
kr	&KR0359;	33
kr	&KR0120;	33
kr	&KR0295;	33
kr	&KR2556;	33
kr	&KR2154;	33
kr	&KR3013;	33
kr	&KR2263;	33
kr	&KR2758;	33
kr	&KR2165;	33
kr	&KR3162;	33
kr	&KR3369;	33
kr	&KR3072;	33
kr	&KR2602;	33
kr	&KR3173;	33
kr	&KR3568;	33
kr	&KR0471;	33
kr	&KR0338;	33
kr	&KR0415;	33
kr	&KR2622;	33
kr	&KR2693;	33
kr	&KR2539;	33
kr	&KR2123;	32
kr	&KR2969;	32
kr	&KR2540;	32
kr	&KR2958;	32
kr	&KR2558;	32
kr	&KR3084;	32
kr	&KR2225;	32
kr	&KR2013;	32
kr	&KR3483;	32
kr	&KR3429;	32
kr	&KR2227;	32
kr	&KR2438;	32
kr	&KR2574;	32
kr	&KR2667;	32
kr	&KR2916;	32
kr	&KR2800;	32
kr	&KR3068;	32
kr	&KR2231;	32
kr	&KR0076;	32
kr	&KR2794;	32
kr	&KR2424;	32
kr	&KR3065;	32
kr	&KR2624;	32
kr	&KR3165;	32
kr	&KR3823;	32
kr	&KR0139;	32
kr	&KR3253;	32
kr	&KR0336;	32
kr	&KR3217;	32
kr	&KR2781;	32
kr	&KR2963;	32
kr	&KR2840;	32
kr	&KR4134;	32
kr	&KR2235;	31
kr	&KR2751;	31
kr	&KR2590;	31
kr	&KR2256;	31
kr	&KR2464;	31
kr	&KR2516;	31
kr	&KR2289;	31
kr	&KR2456;	31
kr	&KR2903;	31
kr	&KR2650;	31
kr	&KR2365;	31
kr	&KR2278;	31
kr	&KR2711;	31
kr	&KR2405;	31
kr	&KR2678;	31
kr	&KR2179;	31
kr	&KR2836;	31
kr	&KR2218;	31
kr	&KR2362;	31
kr	&KR0728;	31
kr	&KR0325;	31
kr	&KR0578;	31
kr	&KR2164;	31
kr	&KR2823;	31
kr	&KR2774;	31
kr	&KR2912;	31
kr	&KR2510;	31
kr	&KR3187;	31
kr	&KR1001;	31
kr	&KR0124;	31
kr	&KR0435;	31
kr	&KR0184;	31
kr	&KR0633;	31
kr	&KR0403;	31
kr	&KR0159;	31
kr	&KR0299;	31
kr	&KR3510;	31
kr	&KR2582;	31
kr	&KR2503;	31
kr	&KR3577;	31
kr	&KR3027;	31
kr	&KR2407;	30
kr	&KR3175;	30
kr	&KR2337;	30
kr	&KR2691;	30
kr	&KR2900;	30
kr	&KR2843;	30
kr	&KR2206;	30
kr	&KR3152;	30
kr	&KR3088;	30
kr	&KR2397;	30
kr	&KR2409;	30
kr	&KR2083;	30
kr	&KR3055;	30
kr	&KR2366;	30
kr	&KR3258;	30
kr	&KR2569;	30
kr	&KR2649;	30
kr	&KR2976;	30
kr	&KR2606;	30
kr	&KR2340;	30
kr	&KR3097;	30
kr	&KR2995;	30
kr	&KR2980;	30
kr	&KR3271;	30
kr	&KR0723;	30
kr	&KR0466;	30
kr	&KR2937;	30
kr	&KR3060;	30
kr	&KR3171;	30
kr	&KR2064;	30
kr	&KR2533;	30
kr	&KR3393;	30
kr	&KR2327;	30
kr	&KR2196;	30
kr	&KR2321;	30
kr	&KR2431;	29
kr	&KR2234;	29
kr	&KR2616;	29
kr	&KR2684;	29
kr	&KR2254;	29
kr	&KR2560;	29
kr	&KR1918;	29
kr	&KR2334;	29
kr	&KR2219;	29
kr	&KR2710;	29
kr	&KR2310;	29
kr	&KR3073;	29
kr	&KR3206;	29
kr	&KR2266;	29
kr	&KR2363;	29
kr	&KR2500;	29
kr	&KR2361;	29
kr	&KR2374;	29
kr	&KR1337;	29
kr	&KR0171;	29
kr	&KR2338;	29
kr	&KR2531;	29
kr	&KR2208;	29
kr	&KR2529;	29
kr	&KR3282;	29
kr	&KR3435;	29
kr	&KR2158;	29
kr	&KR0522;	29
kr	&KR0488;	29
kr	&KR0443;	29
kr	&KR0494;	29
kr	&KR2200;	29
kr	&KR3203;	29
kr	&KR3547;	29
kr	&KR2488;	29
kr	&KR2948;	29
kr	&KR3335;	29
kr	&KR1906;	29
kr	&KR3995;	29
kr	&KR2427;	29
kr	&KR2629;	28
kr	&KR2399;	28
kr	&KR2316;	28
kr	&KR2914;	28
kr	&KR2554;	28
kr	&KR2512;	28
kr	&KR2022;	28
kr	&KR2757;	28
kr	&KR2847;	28
kr	&KR2141;	28
kr	&KR2856;	28
kr	&KR3140;	28
kr	&KR2461;	28
kr	&KR2198;	28
kr	&KR2422;	28
kr	&KR2451;	28
kr	&KR2425;	28
kr	&KR2760;	28
kr	&KR2347;	28
kr	&KR2306;	28
kr	&KR0300;	28
kr	&KR2163;	28
kr	&KR2039;	28
kr	&KR3059;	28
kr	&KR3517;	28
kr	&KR0826;	28
kr	&KR0490;	28
kr	&KR0220;	28
kr	&KR0823;	28
kr	&KR0746;	28
kr	&KR3114;	28
kr	&KR2790;	28
kr	&KR3813;	28
kr	&KR2291;	27
kr	&KR2396;	27
kr	&KR3416;	27
kr	&KR2421;	27
kr	&KR2419;	27
kr	&KR2350;	27
kr	&KR3044;	27
kr	&KR3040;	27
kr	&KR2685;	27
kr	&KR2252;	27
kr	&KR2041;	27
kr	&KR2696;	27
kr	&KR3019;	27
kr	&KR3480;	27
kr	&KR2968;	27
kr	&KR2384;	27
kr	&KR2440;	27
kr	&KR3410;	27
kr	&KR2614;	27
kr	&KR0756;	27
kr	&KR0701;	27
kr	&KR3818;	27
kr	&KR3183;	27
kr	&KR2894;	27
kr	&KR0439;	27
kr	&KR0364;	27
kr	&KR0492;	27
kr	&KR0150;	27
kr	&KR0375;	27
kr	&KR0307;	27
kr	&KR3681;	27
kr	&KR3107;	27
kr	&KR2437;	27
kr	&KR2381;	27
kr	&KR3201;	27
kr	&KR2420;	27
kr	&KR2731;	27
kr	&KR3569;	27
kr	&KR2735;	27
kr	&KR2379;	27
kr	&KR3104;	26
kr	&KR3281;	26
kr	&KR2648;	26
kr	&KR2376;	26
kr	&KR2732;	26
kr	&KR2953;	26
kr	&KR3867;	26
kr	&KR2895;	26
kr	&KR2406;	26
kr	&KR2911;	26
kr	&KR1797;	26
kr	&KR2964;	26
kr	&KR3144;	26
kr	&KR2690;	26
kr	&KR2276;	26
kr	&KR3497;	26
kr	&KR2786;	26
kr	&KR3573;	26
kr	&KR3688;	26
kr	&KR3159;	26
kr	&KR2333;	26
kr	&KR0073;	26
kr	&KR0313;	26
kr	&KR0227;	26
kr	&KR2457;	26
kr	&KR2517;	26
kr	&KR3349;	26
kr	&KR3180;	26
kr	&KR2652;	26
kr	&KR3032;	26
kr	&KR3207;	26
kr	&KR0577;	26
kr	&KR0485;	26
kr	&KR0718;	26
kr	&KR0507;	26
kr	&KR0445;	26
kr	&KR2352;	26
kr	&KR3313;	26
kr	&KR2603;	26
kr	&KR2551;	26
kr	&KR2469;	26
kr	&KR3295;	26
kr	&KR2578;	25
kr	&KR2411;	25
kr	&KR2860;	25
kr	&KR2591;	25
kr	&KR4007;	25
kr	&KR3089;	25
kr	&KR2669;	25
kr	&KR3182;	25
kr	&KR2462;	25
kr	&KR2611;	25
kr	&KR2586;	25
kr	&KR2739;	25
kr	&KR3622;	25
kr	&KR2492;	25
kr	&KR2380;	25
kr	&KR2388;	25
kr	&KR2777;	25
kr	&KR2248;	25
kr	&KR2268;	25
kr	&KR2472;	25
kr	&KR2450;	25
kr	&KR3442;	25
kr	&KR3260;	25
kr	&KR2534;	25
kr	&KR0454;	25
kr	&KR0527;	25
kr	&KR2886;	25
kr	&KR2236;	25
kr	&KR2573;	25
kr	&KR3496;	25
kr	&KR3062;	25
kr	&KR2697;	25
kr	&KR3402;	25
kr	&KR2689;	25
kr	&KR3332;	25
kr	&KR0296;	25
kr	&KR0458;	25
kr	&KR0656;	25
kr	&KR0533;	25
kr	&KR3557;	25
kr	&KR3403;	25
kr	&KR3443;	25
kr	&KR2498;	25
kr	&KR3263;	25
kr	&KR2495;	25
kr	&KR3649;	25
kr	&KR5276;	25
kr	&KR2322;	24
kr	&KR2538;	24
kr	&KR3046;	24
kr	&KR2243;	24
kr	&KR2520;	24
kr	&KR2351;	24
kr	&KR3437;	24
kr	&KR3387;	24
kr	&KR2348;	24
kr	&KR2312;	24
kr	&KR3355;	24
kr	&KR2011;	24
kr	&KR3037;	24
kr	&KR2523;	24
kr	&KR3204;	24
kr	&KR2727;	24
kr	&KR3223;	24
kr	&KR2642;	24
kr	&KR3141;	24
kr	&KR3121;	24
kr	&KR2936;	24
kr	&KR3328;	24
kr	&KR2921;	24
kr	&KR2597;	24
kr	&KR2521;	24
kr	&KR3310;	24
kr	&KR3057;	24
kr	&KR2580;	24
kr	&KR2593;	24
kr	&KR2870;	24
kr	&KR3161;	24
kr	&KR2264;	24
kr	&KR3215;	24
kr	&KR2203;	24
kr	&KR0967;	24
kr	&KR0366;	24
kr	&KR2475;	24
kr	&KR3228;	24
kr	&KR2855;	24
kr	&KR2294;	24
kr	&KR2320;	24
kr	&KR2524;	24
kr	&KR2453;	24
kr	&KR3791;	24
kr	&KR3045;	24
kr	&KR2802;	24
kr	&KR3528;	24
kr	&KR0314;	24
kr	&KR0717;	24
kr	&KR0400;	24
kr	&KR0409;	24
kr	&KR0429;	24
kr	&KR0631;	24
kr	&KR0543;	24
kr	&KR0498;	24
kr	&KR0515;	24
kr	&KR0405;	24
kr	&KR0272;	24
kr	&KR3614;	24
kr	&KR3444;	24
kr	&KR2349;	24
kr	&KR2961;	24
kr	&KR3286;	24
kr	&KR3727;	24
kr	&KR2537;	24
kr	&KR5330;	24
kr	&KR3305;	23
kr	&KR2766;	23
kr	&KR2852;	23
kr	&KR2791;	23
kr	&KR3492;	23
kr	&KR3472;	23
kr	&KR2412;	23
kr	&KR2913;	23
kr	&KR2404;	23
kr	&KR2581;	23
kr	&KR2876;	23
kr	&KR2610;	23
kr	&KR2460;	23
kr	&KR2805;	23
kr	&KR2444;	23
kr	&KR4071;	23
kr	&KR2754;	23
kr	&KR0350;	23
kr	&KR0334;	23
kr	&KR0725;	23
kr	&KR2879;	23
kr	&KR2455;	23
kr	&KR2068;	23
kr	&KR3208;	23
kr	&KR3069;	23
kr	&KR3623;	23
kr	&KR2496;	23
kr	&KR0926;	23
kr	&KR0661;	23
kr	&KR0145;	23
kr	&KR0408;	23
kr	&KR0291;	23
kr	&KR3757;	23
kr	&KR3752;	23
kr	&KR3415;	23
kr	&KR2686;	23
kr	&KR2846;	23
kr	&KR3394;	23
kr	&KR3163;	23
kr	&KR2535;	23
kr	&KR2955;	23
kr	&KR2536;	23
kr	&KR2483;	22
kr	&KR2557;	22
kr	&KR3713;	22
kr	&KR2385;	22
kr	&KR2680;	22
kr	&KR2583;	22
kr	&KR3015;	22
kr	&KR2571;	22
kr	&KR2144;	22
kr	&KR2734;	22
kr	&KR2643;	22
kr	&KR2565;	22
kr	&KR2712;	22
kr	&KR2857;	22
kr	&KR2924;	22
kr	&KR3164;	22
kr	&KR3418;	22
kr	&KR2674;	22
kr	&KR2837;	22
kr	&KR0727;	22
kr	&KR0271;	22
kr	&KR0986;	22
kr	&KR2609;	22
kr	&KR3022;	22
kr	&KR3847;	22
kr	&KR3268;	22
kr	&KR3167;	22
kr	&KR3618;	22
kr	&KR3837;	22
kr	&KR3302;	22
kr	&KR3100;	22
kr	&KR2584;	22
kr	&KR0407;	22
kr	&KR3494;	22
kr	&KR0402;	22
kr	&KR0371;	22
kr	&KR3617;	22
kr	&KR0872;	22
kr	&KR0499;	22
kr	&KR3871;	22
kr	&KR3399;	22
kr	&KR2881;	22
kr	&KR3041;	22
kr	&KR2635;	22
kr	&KR3146;	22
kr	&KR2626;	22
kr	&KR3299;	22
kr	&KR2897;	22
kr	&KR3398;	22
kr	&KR2962;	22
kr	&KR2788;	22
kr	&KR3373;	22
kr	&KR2585;	22
kr	&KR3658;	22
kr	&KR3660;	22
kr	&KR2717;	21
kr	&KR3083;	21
kr	&KR2804;	21
kr	&KR2368;	21
kr	&KR2756;	21
kr	&KR2681;	21
kr	&KR2694;	21
kr	&KR3591;	21
kr	&KR2300;	21
kr	&KR2893;	21
kr	&KR2742;	21
kr	&KR2555;	21
kr	&KR2721;	21
kr	&KR2630;	21
kr	&KR2499;	21
kr	&KR2789;	21
kr	&KR3466;	21
kr	&KR3087;	21
kr	&KR3972;	21
kr	&KR2797;	21
kr	&KR2981;	21
kr	&KR3113;	21
kr	&KR1117;	21
kr	&KR0619;	21
kr	&KR0502;	21
kr	&KR0586;	21
kr	&KR0030;	21
kr	&KR3609;	21
kr	&KR3216;	21
kr	&KR3438;	21
kr	&KR3440;	21
kr	&KR3461;	21
kr	&KR3610;	21
kr	&KR3372;	21
kr	&KR3101;	21
kr	&KR3689;	21
kr	&KR4248;	21
kr	&KR5266;	21
kr	&KR5260;	21
kr	&KR3562;	20
kr	&KR3571;	20
kr	&KR2831;	20
kr	&KR4115;	20
kr	&KR2821;	20
kr	&KR2478;	20
kr	&KR2636;	20
kr	&KR2637;	20
kr	&KR3323;	20
kr	&KR3389;	20
kr	&KR3368;	20
kr	&KR3348;	20
kr	&KR3192;	20
kr	&KR2619;	20
kr	&KR3481;	20
kr	&KR3375;	20
kr	&KR2796;	20
kr	&KR2367;	20
kr	&KR0634;	20
kr	&KR0781;	20
kr	&KR3596;	20
kr	&KR4012;	20
kr	&KR3522;	20
kr	&KR2682;	20
kr	&KR2775;	20
kr	&KR2854;	20
kr	&KR3749;	20
kr	&KR2848;	20
kr	&KR3758;	20
kr	&KR3449;	20
kr	&KR2841;	20
kr	&KR3396;	20
kr	&KR1034;	20
kr	&KR3128;	19
kr	&KR2851;	19
kr	&KR3589;	19
kr	&KR2477;	19
kr	&KR3061;	19
kr	&KR3300;	19
kr	&KR2513;	19
kr	&KR3970;	19
kr	&KR3708;	19
kr	&KR2607;	19
kr	&KR3583;	19
kr	&KR3814;	19
kr	&KR2708;	19
kr	&KR3296;	19
kr	&KR2993;	19
kr	&KR3177;	19
kr	&KR3021;	19
kr	&KR2152;	19
kr	&KR2737;	19
kr	&KR0821;	19
kr	&KR0520;	19
kr	&KR2723;	19
kr	&KR3257;	19
kr	&KR2568;	19
kr	&KR2628;	19
kr	&KR3561;	19
kr	&KR4014;	19
kr	&KR2698;	19
kr	&KR2904;	19
kr	&KR3250;	19
kr	&KR0452;	19
kr	&KR0612;	19
kr	&KR0465;	19
kr	&KR0342;	19
kr	&KR0288;	19
kr	&KR0512;	19
kr	&KR3693;	19
kr	&KR0349;	19
kr	&KR3748;	19
kr	&KR3745;	19
kr	&KR2938;	19
kr	&KR3505;	19
kr	&KR2567;	19
kr	&KR2769;	19
kr	&KR2979;	19
kr	&KR3017;	19
kr	&KR3471;	19
kr	&KR3168;	19
kr	&KR2026;	19
kr	&KR3796;	19
kr	&KR2736;	19
kr	&KR3694;	19
kr	&KR5271;	19
kr	&KR2765;	19
kr	&KR2862;	18
kr	&KR3353;	18
kr	&KR3053;	18
kr	&KR3298;	18
kr	&KR3209;	18
kr	&KR2838;	18
kr	&KR2672;	18
kr	&KR2772;	18
kr	&KR2798;	18
kr	&KR2917;	18
kr	&KR3815;	18
kr	&KR2761;	18
kr	&KR2827;	18
kr	&KR2771;	18
kr	&KR2553;	18
kr	&KR3028;	18
kr	&KR3137;	18
kr	&KR2664;	18
kr	&KR2654;	18
kr	&KR3347;	18
kr	&KR3819;	18
kr	&KR3503;	18
kr	&KR3448;	18
kr	&KR2819;	18
kr	&KR2863;	18
kr	&KR0525;	18
kr	&KR0123;	18
kr	&KR0814;	18
kr	&KR3256;	18
kr	&KR3018;	18
kr	&KR2762;	18
kr	&KR3003;	18
kr	&KR3580;	18
kr	&KR3523;	18
kr	&KR3434;	18
kr	&KR3436;	18
kr	&KR3382;	18
kr	&KR3421;	18
kr	&KR3145;	18
kr	&KR2274;	18
kr	&KR3147;	18
kr	&KR3841;	18
kr	&KR3384;	18
kr	&KR0568;	18
kr	&KR0952;	18
kr	&KR0133;	18
kr	&KR0464;	18
kr	&KR2718;	18
kr	&KR0436;	18
kr	&KR3446;	18
kr	&KR3722;	18
kr	&KR2946;	18
kr	&KR2833;	18
kr	&KR3870;	18
kr	&KR3766;	18
kr	&KR3482;	18
kr	&KR2828;	18
kr	&KR2834;	18
kr	&KR5272;	18
kr	&KR2507;	17
kr	&KR3169;	17
kr	&KR3002;	17
kr	&KR3108;	17
kr	&KR3582;	17
kr	&KR2722;	17
kr	&KR2778;	17
kr	&KR2888;	17
kr	&KR2826;	17
kr	&KR3311;	17
kr	&KR2839;	17
kr	&KR2755;	17
kr	&KR3184;	17
kr	&KR3366;	17
kr	&KR3075;	17
kr	&KR3074;	17
kr	&KR3312;	17
kr	&KR3316;	17
kr	&KR2716;	17
kr	&KR2842;	17
kr	&KR3106;	17
kr	&KR2683;	17
kr	&KR2509;	17
kr	&KR3957;	17
kr	&KR3230;	17
kr	&KR2908;	17
kr	&KR0244;	17
kr	&KR0188;	17
kr	&KR0170;	17
kr	&KR0560;	17
kr	&KR0538;	17
kr	&KR3620;	17
kr	&KR2892;	17
kr	&KR2641;	17
kr	&KR3507;	17
kr	&KR3317;	17
kr	&KR3977;	17
kr	&KR3763;	17
kr	&KR2768;	17
kr	&KR3036;	17
kr	&KR3261;	17
kr	&KR0824;	17
kr	&KR0054;	17
kr	&KR0316;	17
kr	&KR0113;	17
kr	&KR2663;	17
kr	&KR3515;	17
kr	&KR3712;	17
kr	&KR2923;	17
kr	&KR2885;	17
kr	&KR3476;	17
kr	&KR3941;	17
kr	&KR3478;	17
kr	&KR3747;	17
kr	&KR3686;	17
kr	&KR2999;	17
kr	&KR3800;	17
kr	&KR2889;	17
kr	&KR3588;	17
kr	&KR3567;	17
kr	&KR5265;	17
kr	&KR2887;	17
kr	&KR2905;	16
kr	&KR2944;	16
kr	&KR2959;	16
kr	&KR3680;	16
kr	&KR3380;	16
kr	&KR3011;	16
kr	&KR3805;	16
kr	&KR2576;	16
kr	&KR2720;	16
kr	&KR2830;	16
kr	&KR2724;	16
kr	&KR2818;	16
kr	&KR2932;	16
kr	&KR3056;	16
kr	&KR3054;	16
kr	&KR3095;	16
kr	&KR3157;	16
kr	&KR2947;	16
kr	&KR4101;	16
kr	&KR3477;	16
kr	&KR2890;	16
kr	&KR3502;	16
kr	&KR2869;	16
kr	&KR2970;	16
kr	&KR3344;	16
kr	&KR2998;	16
kr	&KR2978;	16
kr	&KR0315;	16
kr	&KR2715;	16
kr	&KR0635;	16
kr	&KR0108;	16
kr	&KR0650;	16
kr	&KR0388;	16
kr	&KR3395;	16
kr	&KR2668;	16
kr	&KR2880;	16
kr	&KR2898;	16
kr	&KR2741;	16
kr	&KR3042;	16
kr	&KR3809;	16
kr	&KR2679;	16
kr	&KR0262;	16
kr	&KR0516;	16
kr	&KR0928;	16
kr	&KR0484;	16
kr	&KR0589;	16
kr	&KR0976;	16
kr	&KR0086;	16
kr	&KR0549;	16
kr	&KR2951;	16
kr	&KR3881;	16
kr	&KR2952;	16
kr	&KR2033;	16
kr	&KR3306;	16
kr	&KR3721;	16
kr	&KR3946;	16
kr	&KR5274;	16
kr	&KR2933;	15
kr	&KR3820;	15
kr	&KR3400;	15
kr	&KR3648;	15
kr	&KR2719;	15
kr	&KR3109;	15
kr	&KR2954;	15
kr	&KR3124;	15
kr	&KR3852;	15
kr	&KR2871;	15
kr	&KR3530;	15
kr	&KR4091;	15
kr	&KR2949;	15
kr	&KR3155;	15
kr	&KR3426;	15
kr	&KR2996;	15
kr	&KR3339;	15
kr	&KR3008;	15
kr	&KR0791;	15
kr	&KR2922;	15
kr	&KR3504;	15
kr	&KR3066;	15
kr	&KR2991;	15
kr	&KR2713;	15
kr	&KR1903;	15
kr	&KR2988;	15
kr	&KR3009;	15
kr	&KR2956;	15
kr	&KR3005;	15
kr	&KR2752;	15
kr	&KR3978;	15
kr	&KR2977;	15
kr	&KR3877;	15
kr	&KR2877;	15
kr	&KR3735;	15
kr	&KR1164;	15
kr	&KR0311;	15
kr	&KR0472;	15
kr	&KR0542;	15
kr	&KR0412;	15
kr	&KR0255;	15
kr	&KR3377;	15
kr	&KR4339;	15
kr	&KR3111;	15
kr	&KR3554;	15
kr	&KR3560;	15
kr	&KR3043;	15
kr	&KR3548;	15
kr	&KR3012;	15
kr	&KR3026;	15
kr	&KR3080;	15
kr	&KR5282;	15
kr	&KR3010;	15
kr	&KR5303;	15
kr	&KR4086;	15
kr	&KR2820;	14
kr	&KR3252;	14
kr	&KR3067;	14
kr	&KR3324;	14
kr	&KR3412;	14
kr	&KR3160;	14
kr	&KR3063;	14
kr	&KR2864;	14
kr	&KR3149;	14
kr	&KR3673;	14
kr	&KR3007;	14
kr	&KR3034;	14
kr	&KR3304;	14
kr	&KR3419;	14
kr	&KR3251;	14
kr	&KR2950;	14
kr	&KR3585;	14
kr	&KR3153;	14
kr	&KR2925;	14
kr	&KR3220;	14
kr	&KR3094;	14
kr	&KR3409;	14
kr	&KR2832;	14
kr	&KR2882;	14
kr	&KR3816;	14
kr	&KR3827;	14
kr	&KR3427;	14
kr	&KR2975;	14
kr	&KR0526;	14
kr	&KR0378;	14
kr	&KR0493;	14
kr	&KR0672;	14
kr	&KR3103;	14
kr	&KR2884;	14
kr	&KR2934;	14
kr	&KR2806;	14
kr	&KR2829;	14
kr	&KR3241;	14
kr	&KR3619;	14
kr	&KR0983;	14
kr	&KR0398;	14
kr	&KR0580;	14
kr	&KR0329;	14
kr	&KR0202;	14
kr	&KR0509;	14
kr	&KR0344;	14
kr	&KR0835;	14
kr	&KR3212;	14
kr	&KR0385;	14
kr	&KR0381;	14
kr	&KR0137;	14
kr	&KR3742;	14
kr	&KR3844;	14
kr	&KR3655;	14
kr	&KR3725;	14
kr	&KR3726;	14
kr	&KR3343;	14
kr	&KR2632;	14
kr	&KR3958;	14
kr	&KR4241;	14
kr	&KR2770;	14
kr	&KR4114;	14
kr	&KR3351;	14
kr	&KR5264;	14
kr	&KR5278;	14
kr	&KR3259;	14
kr	&KR2920;	13
kr	&KR3119;	13
kr	&KR3116;	13
kr	&KR3824;	13
kr	&KR3092;	13
kr	&KR3563;	13
kr	&KR2872;	13
kr	&KR2974;	13
kr	&KR3321;	13
kr	&KR2675;	13
kr	&KR2989;	13
kr	&KR3079;	13
kr	&KR3016;	13
kr	&KR3233;	13
kr	&KR3565;	13
kr	&KR3479;	13
kr	&KR3117;	13
kr	&KR4299;	13
kr	&KR2725;	13
kr	&KR2966;	13
kr	&KR3211;	13
kr	&KR3248;	13
kr	&KR2653;	13
kr	&KR3150;	13
kr	&KR0045;	13
kr	&KR0599;	13
kr	&KR0270;	13
kr	&KR0943;	13
kr	&KR3325;	13
kr	&KR2965;	13
kr	&KR3110;	13
kr	&KR3174;	13
kr	&KR3006;	13
kr	&KR3408;	13
kr	&KR3711;	13
kr	&KR3142;	13
kr	&KR3825;	13
kr	&KR0563;	13
kr	&KR1059;	13
kr	&KR0557;	13
kr	&KR0025;	13
kr	&KR0822;	13
kr	&KR0639;	13
kr	&KR3850;	13
kr	&KR0537;	13
kr	&KR3810;	13
kr	&KR0399;	13
kr	&KR0361;	13
kr	&KR3884;	13
kr	&KR3210;	13
kr	&KR3129;	13
kr	&KR3657;	13
kr	&KR3303;	13
kr	&KR4329;	13
kr	&KR3874;	13
kr	&KR3521;	13
kr	&KR3661;	13
kr	&KR3098;	13
kr	&KR3186;	13
kr	&KR3264;	13
kr	&KR3115;	13
kr	&KR3451;	13
kr	&KR3030;	13
kr	&KR3112;	13
kr	&KR3078;	13
kr	&KR3696;	13
kr	&KR3428;	13
kr	&KR3945;	13
kr	&KR3953;	13
kr	&KR4282;	13
kr	&KR5320;	13
kr	&KR4256;	13
kr	&KR3520;	13
kr	&KR5314;	13
kr	&KR5270;	13
kr	&KR2587;	12
kr	&KR3176;	12
kr	&KR3289;	12
kr	&KR3287;	12
kr	&KR3866;	12
kr	&KR3221;	12
kr	&KR3202;	12
kr	&KR3927;	12
kr	&KR3354;	12
kr	&KR4130;	12
kr	&KR2853;	12
kr	&KR3139;	12
kr	&KR3014;	12
kr	&KR3123;	12
kr	&KR3038;	12
kr	&KR3191;	12
kr	&KR3470;	12
kr	&KR3131;	12
kr	&KR3199;	12
kr	&KR3227;	12
kr	&KR3266;	12
kr	&KR3001;	12
kr	&KR3329;	12
kr	&KR3076;	12
kr	&KR3828;	12
kr	&KR3334;	12
kr	&KR3058;	12
kr	&KR3093;	12
kr	&KR3189;	12
kr	&KR3326;	12
kr	&KR2973;	12
kr	&KR0541;	12
kr	&KR0840;	12
kr	&KR0249;	12
kr	&KR0091;	12
kr	&KR3077;	12
kr	&KR3219;	12
kr	&KR3232;	12
kr	&KR2817;	12
kr	&KR3746;	12
kr	&KR3346;	12
kr	&KR3951;	12
kr	&KR2940;	12
kr	&KR3413;	12
kr	&KR4323;	12
kr	&KR4011;	12
kr	&KR3611;	12
kr	&KR3433;	12
kr	&KR3234;	12
kr	&KR2861;	12
kr	&KR1535;	12
kr	&KR0438;	12
kr	&KR0135;	12
kr	&KR1188;	12
kr	&KR0470;	12
kr	&KR3803;	12
kr	&KR3214;	12
kr	&KR2875;	12
kr	&KR3285;	12
kr	&KR4117;	12
kr	&KR2183;	12
kr	&KR3020;	12
kr	&KR3553;	12
kr	&KR3132;	12
kr	&KR3314;	12
kr	&KR4000;	12
kr	&KR3301;	12
kr	&KR3341;	12
kr	&KR3188;	12
kr	&KR3576;	12
kr	&KR4140;	12
kr	&KR3190;	12
kr	&KR5309;	12
kr	&KR3868;	12
kr	&KR5284;	12
kr	&KR5328;	12
kr	&KR3740;	12
kr	&KR3200;	11
kr	&KR3218;	11
kr	&KR3336;	11
kr	&KR3495;	11
kr	&KR3327;	11
kr	&KR3156;	11
kr	&KR3535;	11
kr	&KR4077;	11
kr	&KR3275;	11
kr	&KR3274;	11
kr	&KR3524;	11
kr	&KR3698;	11
kr	&KR3262;	11
kr	&KR3330;	11
kr	&KR3242;	11
kr	&KR3407;	11
kr	&KR3290;	11
kr	&KR3284;	11
kr	&KR3071;	11
kr	&KR4099;	11
kr	&KR3955;	11
kr	&KR3125;	11
kr	&KR4098;	11
kr	&KR0959;	11
kr	&KR0057;	11
kr	&KR3276;	11
kr	&KR1759;	11
kr	&KR0422;	11
kr	&KR3229;	11
kr	&KR2942;	11
kr	&KR3181;	11
kr	&KR3990;	11
kr	&KR3196;	11
kr	&KR3473;	11
kr	&KR3239;	11
kr	&KR3309;	11
kr	&KR4093;	11
kr	&KR4122;	11
kr	&KR3659;	11
kr	&KR3414;	11
kr	&KR3166;	11
kr	&KR3992;	11
kr	&KR0337;	11
kr	&KR0404;	11
kr	&KR0480;	11
kr	&KR3133;	11
kr	&KR0546;	11
kr	&KR0610;	11
kr	&KR0164;	11
kr	&KR0141;	11
kr	&KR3475;	11
kr	&KR3743;	11
kr	&KR4507;	11
kr	&KR2470;	11
kr	&KR3070;	11
kr	&KR4529;	11
kr	&KR3118;	11
kr	&KR3185;	11
kr	&KR4325;	11
kr	&KR3270;	11
kr	&KR3278;	11
kr	&KR4094;	11
kr	&KR3279;	11
kr	&KR3277;	11
kr	&KR3273;	11
kr	&KR5256;	11
kr	&KR3849;	11
kr	&KR5336;	11
kr	&KR3213;	10
kr	&KR3224;	10
kr	&KR3294;	10
kr	&KR3612;	10
kr	&KR3136;	10
kr	&KR3587;	10
kr	&KR3424;	10
kr	&KR3226;	10
kr	&KR3035;	10
kr	&KR3231;	10
kr	&KR3737;	10
kr	&KR3360;	10
kr	&KR3856;	10
kr	&KR3724;	10
kr	&KR3090;	10
kr	&KR3488;	10
kr	&KR3198;	10
kr	&KR3127;	10
kr	&KR3237;	10
kr	&KR3692;	10
kr	&KR0590;	10
kr	&KR1292;	10
kr	&KR0469;	10
kr	&KR0669;	10
kr	&KR0760;	10
kr	&KR3194;	10
kr	&KR3333;	10
kr	&KR3834;	10
kr	&KR3527;	10
kr	&KR3342;	10
kr	&KR4310;	10
kr	&KR3445;	10
kr	&KR3731;	10
kr	&KR3741;	10
kr	&KR0446;	10
kr	&KR0285;	10
kr	&KR1312;	10
kr	&KR0413;	10
kr	&KR0623;	10
kr	&KR0748;	10
kr	&KR0504;	10
kr	&KR0741;	10
kr	&KR0921;	10
kr	&KR3751;	10
kr	&KR3280;	10
kr	&KR3996;	10
kr	&KR3086;	10
kr	&KR3937;	10
kr	&KR3193;	10
kr	&KR3581;	10
kr	&KR3361;	10
kr	&KR3364;	10
kr	&KR3501;	10
kr	&KR3831;	10
kr	&KR3350;	10
kr	&KR3340;	10
kr	&KR4105;	10
kr	&KR4001;	10
kr	&KR5281;	10
kr	&KR3365;	10
kr	&KR3363;	10
kr	&KR5337;	10
kr	&KR5294;	10
kr	&KR4082;	10
kr	&KR5407;	10
kr	&KR3362;	10
kr	&KR3249;	9
kr	&KR3453;	9
kr	&KR3822;	9
kr	&KR3102;	9
kr	&KR3719;	9
kr	&KR3154;	9
kr	&KR3143;	9
kr	&KR3665;	9
kr	&KR3474;	9
kr	&KR3390;	9
kr	&KR3292;	9
kr	&KR3225;	9
kr	&KR3516;	9
kr	&KR3487;	9
kr	&KR3821;	9
kr	&KR3179;	9
kr	&KR3374;	9
kr	&KR3197;	9
kr	&KR3265;	9
kr	&KR3370;	9
kr	&KR3457;	9
kr	&KR3533;	9
kr	&KR3236;	9
kr	&KR3096;	9
kr	&KR1404;	9
kr	&KR0172;	9
kr	&KR1240;	9
kr	&KR0565;	9
kr	&KR1487;	9
kr	&KR0614;	9
kr	&KR4152;	9
kr	&KR3352;	9
kr	&KR3357;	9
kr	&KR3714;	9
kr	&KR3671;	9
kr	&KR3430;	9
kr	&KR3130;	9
kr	&KR3855;	9
kr	&KR3594;	9
kr	&KR4491;	9
kr	&KR3383;	9
kr	&KR3322;	9
kr	&KR4078;	9
kr	&KR0892;	9
kr	&KR0817;	9
kr	&KR0711;	9
kr	&KR1111;	9
kr	&KR0805;	9
kr	&KR0368;	9
kr	&KR0496;	9
kr	&KR0379;	9
kr	&KR0455;	9
kr	&KR0834;	9
kr	&KR0513;	9
kr	&KR0940;	9
kr	&KR0357;	9
kr	&KR3158;	9
kr	&KR0367;	9
kr	&KR2945;	9
kr	&KR3872;	9
kr	&KR3455;	9
kr	&KR3966;	9
kr	&KR3291;	9
kr	&KR4074;	9
kr	&KR3590;	9
kr	&KR3592;	9
kr	&KR3308;	9
kr	&KR4286;	9
kr	&KR3754;	9
kr	&KR3338;	9
kr	&KR4277;	9
kr	&KR4489;	9
kr	&KR3367;	9
kr	&KR4002;	9
kr	&KR3830;	9
kr	&KR4271;	9
kr	&KR3454;	9
kr	&KR4088;	9
kr	&KR5322;	9
kr	&KR5285;	9
kr	&KR5338;	9
kr	&KR5277;	9
kr	&KR3586;	9
kr	&KR5259;	9
kr	&KR3459;	9
kr	&KR3423;	8
kr	&KR3465;	8
kr	&KR3538;	8
kr	&KR3356;	8
kr	&KR3602;	8
kr	&KR3288;	8
kr	&KR3148;	8
kr	&KR3468;	8
kr	&KR3704;	8
kr	&KR3254;	8
kr	&KR3935;	8
kr	&KR3509;	8
kr	&KR3732;	8
kr	&KR3536;	8
kr	&KR3980;	8
kr	&KR3388;	8
kr	&KR3556;	8
kr	&KR3498;	8
kr	&KR3518;	8
kr	&KR3526;	8
kr	&KR3460;	8
kr	&KR3243;	8
kr	&KR3859;	8
kr	&KR3529;	8
kr	&KR3531;	8
kr	&KR3598;	8
kr	&KR0956;	8
kr	&KR0060;	8
kr	&KR0562;	8
kr	&KR0098;	8
kr	&KR0571;	8
kr	&KR3450;	8
kr	&KR3489;	8
kr	&KR3486;	8
kr	&KR4288;	8
kr	&KR4464;	8
kr	&KR4311;	8
kr	&KR4125;	8
kr	&KR3616;	8
kr	&KR3463;	8
kr	&KR3432;	8
kr	&KR3534;	8
kr	&KR3318;	8
kr	&KR0592;	8
kr	&KR0569;	8
kr	&KR1482;	8
kr	&KR0495;	8
kr	&KR3888;	8
kr	&KR1831;	8
kr	&KR0553;	8
kr	&KR1130;	8
kr	&KR1310;	8
kr	&KR3205;	8
kr	&KR1309;	8
kr	&KR0705;	8
kr	&KR3247;	8
kr	&KR3099;	8
kr	&KR3245;	8
kr	&KR3537;	8
kr	&KR3401;	8
kr	&KR3467;	8
kr	&KR3613;	8
kr	&KR3829;	8
kr	&KR3499;	8
kr	&KR3651;	8
kr	&KR3378;	8
kr	&KR4320;	8
kr	&KR3969;	8
kr	&KR3519;	8
kr	&KR3532;	8
kr	&KR4010;	8
kr	&KR3662;	8
kr	&KR3469;	8
kr	&KR3924;	8
kr	&KR4473;	8
kr	&KR3542;	8
kr	&KR3975;	8
kr	&KR4284;	8
kr	&KR3928;	8
kr	&KR5331;	8
kr	&KR3544;	8
kr	&KR3543;	8
kr	&KR5334;	8
kr	&KR5312;	8
kr	&KR5315;	8
kr	&KR5268;	8
kr	&KR4527;	8
kr	&KR5329;	8
kr	&KR5339;	8
kr	&KR5361;	8
kr	&KR4297;	7
kr	&KR3578;	7
kr	&KR3595;	7
kr	&KR3297;	7
kr	&KR3599;	7
kr	&KR3358;	7
kr	&KR3848;	7
kr	&KR3422;	7
kr	&KR3631;	7
kr	&KR3943;	7
kr	&KR3608;	7
kr	&KR3464;	7
kr	&KR3976;	7
kr	&KR3638;	7
kr	&KR3376;	7
kr	&KR3634;	7
kr	&KR3635;	7
kr	&KR3644;	7
kr	&KR3255;	7
kr	&KR3705;	7
kr	&KR1635;	7
kr	&KR1306;	7
kr	&KR0698;	7
kr	&KR3629;	7
kr	&KR0134;	7
kr	&KR0517;	7
kr	&KR3637;	7
kr	&KR3584;	7
kr	&KR3319;	7
kr	&KR0416;	7
kr	&KR0713;	7
kr	&KR3555;	7
kr	&KR3493;	7
kr	&KR3359;	7
kr	&KR3575;	7
kr	&KR3961;	7
kr	&KR3643;	7
kr	&KR3720;	7
kr	&KR3715;	7
kr	&KR3601;	7
kr	&KR3600;	7
kr	&KR4120;	7
kr	&KR3381;	7
kr	&KR3756;	7
kr	&KR3240;	7
kr	&KR3983;	7
kr	&KR3999;	7
kr	&KR3997;	7
kr	&KR3485;	7
kr	&KR0269;	7
kr	&KR0684;	7
kr	&KR0700;	7
kr	&KR1532;	7
kr	&KR1218;	7
kr	&KR2032;	7
kr	&KR0761;	7
kr	&KR0998;	7
kr	&KR4301;	7
kr	&KR0205;	7
kr	&KR0962;	7
kr	&KR2088;	7
kr	&KR0989;	7
kr	&KR0800;	7
kr	&KR2260;	7
kr	&KR3666;	7
kr	&KR3235;	7
kr	&KR3506;	7
kr	&KR3244;	7
kr	&KR3246;	7
kr	&KR3716;	7
kr	&KR3490;	7
kr	&KR3551;	7
kr	&KR3512;	7
kr	&KR4245;	7
kr	&KR3640;	7
kr	&KR3023;	7
kr	&KR3525;	7
kr	&KR3624;	7
kr	&KR4486;	7
kr	&KR0924;	7
kr	&KR3636;	7
kr	&KR3639;	7
kr	&KR3621;	7
kr	&KR3625;	7
kr	&KR4170;	7
kr	&KR3656;	7
kr	&KR3411;	7
kr	&KR3597;	7
kr	&KR3558;	7
kr	&KR3491;	7
kr	&KR3886;	7
kr	&KR3641;	7
kr	&KR3628;	7
kr	&KR3630;	7
kr	&KR5349;	7
kr	&KR5311;	7
kr	&KR3633;	7
kr	&KR3627;	7
kr	&KR3645;	7
kr	&KR3642;	7
kr	&KR5291;	7
kr	&KR5345;	7
kr	&KR3736;	7
kr	&KR5263;	7
kr	&KR5275;	7
kr	&KR4475;	7
kr	&KR5343;	7
kr	&KR5358;	7
kr	&KR5363;	7
kr	&KR5364;	7
kr	&KR3508;	6
kr	&KR4164;	6
kr	&KR4155;	6
kr	&KR3767;	6
kr	&KR3775;	6
kr	&KR3679;	6
kr	&KR3964;	6
kr	&KR3607;	6
kr	&KR3786;	6
kr	&KR3761;	6
kr	&KR3447;	6
kr	&KR3685;	6
kr	&KR3846;	6
kr	&KR3663;	6
kr	&KR3729;	6
kr	&KR3572;	6
kr	&KR3780;	6
kr	&KR3675;	6
kr	&KR3778;	6
kr	&KR3930;	6
kr	&KR4252;	6
kr	&KR3774;	6
kr	&KR3539;	6
kr	&KR3734;	6
kr	&KR4147;	6
kr	&KR3759;	6
kr	&KR3769;	6
kr	&KR3500;	6
kr	&KR0143;	6
kr	&KR0414;	6
kr	&KR3770;	6
kr	&KR3552;	6
kr	&KR3842;	6
kr	&KR3783;	6
kr	&KR3840;	6
kr	&KR3762;	6
kr	&KR3682;	6
kr	&KR3420;	6
kr	&KR3782;	6
kr	&KR3452;	6
kr	&KR3238;	6
kr	&KR3960;	6
kr	&KR4335;	6
kr	&KR3839;	6
kr	&KR1628;	6
kr	&KR1226;	6
kr	&KR1118;	6
kr	&KR0773;	6
kr	&KR0101;	6
kr	&KR3320;	6
kr	&KR1023;	6
kr	&KR1162;	6
kr	&KR0843;	6
kr	&KR3195;	6
kr	&KR0820;	6
kr	&KR0298;	6
kr	&KR3667;	6
kr	&KR1549;	6
kr	&KR1289;	6
kr	&KR0029;	6
kr	&KR1345;	6
kr	&KR0815;	6
kr	&KR1003;	6
kr	&KR0418;	6
kr	&KR0077;	6
kr	&KR0734;	6
kr	&KR4319;	6
kr	&KR3540;	6
kr	&KR3784;	6
kr	&KR3944;	6
kr	&KR3795;	6
kr	&KR3967;	6
kr	&KR3926;	6
kr	&KR4478;	6
kr	&KR3765;	6
kr	&KR3781;	6
kr	&KR4009;	6
kr	&KR3750;	6
kr	&KR4145;	6
kr	&KR3702;	6
kr	&KR3971;	6
kr	&KR3701;	6
kr	&KR3392;	6
kr	&KR3632;	6
kr	&KR3717;	6
kr	&KR3790;	6
kr	&KR3788;	6
kr	&KR3337;	6
kr	&KR4279;	6
kr	&KR3709;	6
kr	&KR3772;	6
kr	&KR3691;	6
kr	&KR3654;	6
kr	&KR4102;	6
kr	&KR3832;	6
kr	&KR3574;	6
kr	&KR3697;	6
kr	&KR3744;	6
kr	&KR3664;	6
kr	&KR3703;	6
kr	&KR3687;	6
kr	&KR3826;	6
kr	&KR5255;	6
kr	&KR3771;	6
kr	&KR3787;	6
kr	&KR5406;	6
kr	&KR5298;	6
kr	&KR5297;	6
kr	&KR5258;	6
kr	&KR5344;	6
kr	&KR5362;	6
kr	&KR3806;	5
kr	&KR3802;	5
kr	&KR3876;	5
kr	&KR3646;	5
kr	&KR3915;	5
kr	&KR3755;	5
kr	&KR3760;	5
kr	&KR3799;	5
kr	&KR3700;	5
kr	&KR3911;	5
kr	&KR3733;	5
kr	&KR4306;	5
kr	&KR3793;	5
kr	&KR4247;	5
kr	&KR3653;	5
kr	&KR3550;	5
kr	&KR3896;	5
kr	&KR3889;	5
kr	&KR3890;	5
kr	&KR3857;	5
kr	&KR3875;	5
kr	&KR4238;	5
kr	&KR3670;	5
kr	&KR3718;	5
kr	&KR3833;	5
kr	&KR3929;	5
kr	&KR4159;	5
kr	&KR3723;	5
kr	&KR3699;	5
kr	&KR3804;	5
kr	&KR3936;	5
kr	&KR3853;	5
kr	&KR3739;	5
kr	&KR3615;	5
kr	&KR3887;	5
kr	&KR3895;	5
kr	&KR3939;	5
kr	&KR3730;	5
kr	&KR3764;	5
kr	&KR3898;	5
kr	&KR3626;	5
kr	&KR3807;	5
kr	&KR3916;	5
kr	&KR4111;	5
kr	&KR0163;	5
kr	&KR1028;	5
kr	&KR3808;	5
kr	&KR0768;	5
kr	&KR0394;	5
kr	&KR0481;	5
kr	&KR3570;	5
kr	&KR3843;	5
kr	&KR3865;	5
kr	&KR3753;	5
kr	&KR3949;	5
kr	&KR3672;	5
kr	&KR4308;	5
kr	&KR3811;	5
kr	&KR4079;	5
kr	&KR3885;	5
kr	&KR3345;	5
kr	&KR3883;	5
kr	&KR3676;	5
kr	&KR3812;	5
kr	&KR3925;	5
kr	&KR0637;	5
kr	&KR3514;	5
kr	&KR3439;	5
kr	&KR1232;	5
kr	&KR0923;	5
kr	&KR0190;	5
kr	&KR1787;	5
kr	&KR1422;	5
kr	&KR0664;	5
kr	&KR0362;	5
kr	&KR0744;	5
kr	&KR0626;	5
kr	&KR0510;	5
kr	&KR0380;	5
kr	&KR0497;	5
kr	&KR1563;	5
kr	&KR0082;	5
kr	&KR0506;	5
kr	&KR1718;	5
kr	&KR3604;	5
kr	&KR3858;	5
kr	&KR3907;	5
kr	&KR3882;	5
kr	&KR3879;	5
kr	&KR4080;	5
kr	&KR4465;	5
kr	&KR3851;	5
kr	&KR3677;	5
kr	&KR3652;	5
kr	&KR3901;	5
kr	&KR3683;	5
kr	&KR3880;	5
kr	&KR3918;	5
kr	&KR3903;	5
kr	&KR3909;	5
kr	&KR3878;	5
kr	&KR4280;	5
kr	&KR3817;	5
kr	&KR3798;	5
kr	&KR3912;	5
kr	&KR3904;	5
kr	&KR3905;	5
kr	&KR3894;	5
kr	&KR3900;	5
kr	&KR3593;	5
kr	&KR3932;	5
kr	&KR3873;	5
kr	&KR3923;	5
kr	&KR3906;	5
kr	&KR3794;	5
kr	&KR4476;	5
kr	&KR3948;	5
kr	&KR5370;	5
kr	&KR3917;	5
kr	&KR3920;	5
kr	&KR3893;	5
kr	&KR4437;	5
kr	&KR3891;	5
kr	&KR3921;	5
kr	&KR3902;	5
kr	&KR3922;	5
kr	&KR3897;	5
kr	&KR5332;	5
kr	&KR5269;	5
kr	&KR5308;	5
kr	&KR5313;	5
kr	&KR5262;	5
kr	&KR5280;	5
kr	&KR5326;	5
kr	&KR5325;	5
kr	&KR5304;	5
kr	&KR5341;	5
kr	&KR3838;	4
kr	&KR3650;	4
kr	&KR4326;	4
kr	&KR4004;	4
kr	&KR4139;	4
kr	&KR4020;	4
kr	&KR4037;	4
kr	&KR4050;	4
kr	&KR4087;	4
kr	&KR4026;	4
kr	&KR3707;	4
kr	&KR4033;	4
kr	&KR4113;	4
kr	&KR3647;	4
kr	&KR3738;	4
kr	&KR4060;	4
kr	&KR3854;	4
kr	&KR3835;	4
kr	&KR3836;	4
kr	&KR3956;	4
kr	&KR4119;	4
kr	&KR4016;	4
kr	&KR3797;	4
kr	&KR3695;	4
kr	&KR3919;	4
kr	&KR4118;	4
kr	&KR3998;	4
kr	&KR3950;	4
kr	&KR4057;	4
kr	&KR4480;	4
kr	&KR4063;	4
kr	&KR3934;	4
kr	&KR4131;	4
kr	&KR3546;	4
kr	&KR2339;	4
kr	&KR1533;	4
kr	&KR1521;	4
kr	&KR0953;	4
kr	&KR4036;	4
kr	&KR0981;	4
kr	&KR0660;	4
kr	&KR0468;	4
kr	&KR3981;	4
kr	&KR3974;	4
kr	&KR3869;	4
kr	&KR3862;	4
kr	&KR4008;	4
kr	&KR3678;	4
kr	&KR3979;	4
kr	&KR4003;	4
kr	&KR0483;	4
kr	&KR1072;	4
kr	&KR1189;	4
kr	&KR0618;	4
kr	&KR1392;	4
kr	&KR0625;	4
kr	&KR1156;	4
kr	&KR4275;	4
kr	&KR3864;	4
kr	&KR0663;	4
kr	&KR2220;	4
kr	&KR0936;	4
kr	&KR1157;	4
kr	&KR0397;	4
kr	&KR2070;	4
kr	&KR1054;	4
kr	&KR0775;	4
kr	&KR0114;	4
kr	&KR1601;	4
kr	&KR0896;	4
kr	&KR3513;	4
kr	&KR0920;	4
kr	&KR0392;	4
kr	&KR2110;	4
kr	&KR0021;	4
kr	&KR0450;	4
kr	&KR2387;	4
kr	&KR3954;	4
kr	&KR1827;	4
kr	&KR4327;	4
kr	&KR4062;	4
kr	&KR4034;	4
kr	&KR3863;	4
kr	&KR3431;	4
kr	&KR4019;	4
kr	&KR3605;	4
kr	&KR4153;	4
kr	&KR4333;	4
kr	&KR3559;	4
kr	&KR4266;	4
kr	&KR4106;	4
kr	&KR4290;	4
kr	&KR3462;	4
kr	&KR3914;	4
kr	&KR4171;	4
kr	&KR3991;	4
kr	&KR4025;	4
kr	&KR3789;	4
kr	&KR4040;	4
kr	&KR3952;	4
kr	&KR4021;	4
kr	&KR4023;	4
kr	&KR4039;	4
kr	&KR4031;	4
kr	&KR4017;	4
kr	&KR4048;	4
kr	&KR3801;	4
kr	&KR4055;	4
kr	&KR4015;	4
kr	&KR4249;	4
kr	&KR4457;	4
kr	&KR3965;	4
kr	&KR3913;	4
kr	&KR3728;	4
kr	&KR3994;	4
kr	&KR4028;	4
kr	&KR3986;	4
kr	&KR1614;	4
kr	&KR1926;	4
kr	&KR4049;	4
kr	&KR4069;	4
kr	&KR4126;	4
kr	&KR4005;	4
kr	&KR3959;	4
kr	&KR4058;	4
kr	&KR4305;	4
kr	&KR3690;	4
kr	&KR3947;	4
kr	&KR5367;	4
kr	&KR4066;	4
kr	&KR4024;	4
kr	&KR4045;	4
kr	&KR4056;	4
kr	&KR4038;	4
kr	&KR4068;	4
kr	&KR4041;	4
kr	&KR4052;	4
kr	&KR4022;	4
kr	&KR4030;	4
kr	&KR4064;	4
kr	&KR4070;	4
kr	&KR4067;	4
kr	&KR3899;	4
kr	&KR4047;	4
kr	&KR4044;	4
kr	&KR4043;	4
kr	&KR4053;	4
kr	&KR5387;	4
kr	&KR5300;	4
kr	&KR5333;	4
kr	&KR5323;	4
kr	&KR5310;	4
kr	&KR5321;	4
kr	&KR4046;	4
kr	&KR4042;	4
kr	&KR4054;	4
kr	&KR5368;	4
kr	&KR4065;	4
kr	&KR4032;	4
kr	&KR4035;	4
kr	&KR3993;	4
kr	&KR3989;	4
kr	&KR4073;	3
kr	&KR4300;	3
kr	&KR4211;	3
kr	&KR4110;	3
kr	&KR4201;	3
kr	&KR4199;	3
kr	&KR4108;	3
kr	&KR4085;	3
kr	&KR3938;	3
kr	&KR4227;	3
kr	&KR4187;	3
kr	&KR4075;	3
kr	&KR4128;	3
kr	&KR3668;	3
kr	&KR4253;	3
kr	&KR3910;	3
kr	&KR4150;	3
kr	&KR4210;	3
kr	&KR3908;	3
kr	&KR3860;	3
kr	&KR4097;	3
kr	&KR4218;	3
kr	&KR4175;	3
kr	&KR4138;	3
kr	&KR4018;	3
kr	&KR4124;	3
kr	&KR4173;	3
kr	&KR4182;	3
kr	&KR4215;	3
kr	&KR4202;	3
kr	&KR4144;	3
kr	&KR4090;	3
kr	&KR4200;	3
kr	&KR4193;	3
kr	&KR4209;	3
kr	&KR4216;	3
kr	&KR0083;	3
kr	&KR0855;	3
kr	&KR0433;	3
kr	&KR0575;	3
kr	&KR4185;	3
kr	&KR0602;	3
kr	&KR4208;	3
kr	&KR1192;	3
kr	&KR1146;	3
kr	&KR0230;	3
kr	&KR4084;	3
kr	&KR1716;	3
kr	&KR4051;	3
kr	&KR3973;	3
kr	&KR4136;	3
kr	&KR4135;	3
kr	&KR4168;	3
kr	&KR4151;	3
kr	&KR3968;	3
kr	&KR4313;	3
kr	&KR3940;	3
kr	&KR4127;	3
kr	&KR4307;	3
kr	&KR4123;	3
kr	&KR4137;	3
kr	&KR4292;	3
kr	&KR4167;	3
kr	&KR4116;	3
kr	&KR1080;	3
kr	&KR3933;	3
kr	&KR1384;	3
kr	&KR2501;	3
kr	&KR1378;	3
kr	&KR1099;	3
kr	&KR0534;	3
kr	&KR1603;	3
kr	&KR1466;	3
kr	&KR0752;	3
kr	&KR1388;	3
kr	&KR1470;	3
kr	&KR2314;	3
kr	&KR1558;	3
kr	&KR2288;	3
kr	&KR1358;	3
kr	&KR1323;	3
kr	&KR1091;	3
kr	&KR0501;	3
kr	&KR1115;	3
kr	&KR0304;	3
kr	&KR0828;	3
kr	&KR0895;	3
kr	&KR3985;	3
kr	&KR1438;	3
kr	&KR1618;	3
kr	&KR0376;	3
kr	&KR1040;	3
kr	&KR0806;	3
kr	&KR1022;	3
kr	&KR1737;	3
kr	&KR3845;	3
kr	&KR3988;	3
kr	&KR4217;	3
kr	&KR3603;	3
kr	&KR4225;	3
kr	&KR4237;	3
kr	&KR4244;	3
kr	&KR4195;	3
kr	&KR4428;	3
kr	&KR4121;	3
kr	&KR4112;	3
kr	&KR4142;	3
kr	&KR4161;	3
kr	&KR3792;	3
kr	&KR4178;	3
kr	&KR4129;	3
kr	&KR4141;	3
kr	&KR4483;	3
kr	&KR4338;	3
kr	&KR4236;	3
kr	&KR4181;	3
kr	&KR4132;	3
kr	&KR4177;	3
kr	&KR4163;	3
kr	&KR4072;	3
kr	&KR4157;	3
kr	&KR3458;	3
kr	&KR4205;	3
kr	&KR4194;	3
kr	&KR4207;	3
kr	&KR4029;	3
kr	&KR4176;	3
kr	&KR4222;	3
kr	&KR3272;	3
kr	&KR4226;	3
kr	&KR4188;	3
kr	&KR4198;	3
kr	&KR4165;	3
kr	&KR4149;	3
kr	&KR4148;	3
kr	&KR4166;	3
kr	&KR4162;	3
kr	&KR4160;	3
kr	&KR4191;	3
kr	&KR3931;	3
kr	&KR4234;	3
kr	&KR4223;	3
kr	&KR4197;	3
kr	&KR4100;	3
kr	&KR0641;	3
kr	&KR0410;	3
kr	&KR4224;	3
kr	&KR4190;	3
kr	&KR4186;	3
kr	&KR4235;	3
kr	&KR4107;	3
kr	&KR4133;	3
kr	&KR4488;	3
kr	&KR4250;	3
kr	&KR3892;	3
kr	&KR4158;	3
kr	&KR4276;	3
kr	&KR4461;	3
kr	&KR4092;	3
kr	&KR5340;	3
kr	&KR5375;	3
kr	&KR4174;	3
kr	&KR4192;	3
kr	&KR4257;	3
kr	&KR3541;	3
kr	&KR4184;	3
kr	&KR4183;	3
kr	&KR4203;	3
kr	&KR4228;	3
kr	&KR4221;	3
kr	&KR4179;	3
kr	&KR4206;	3
kr	&KR5346;	3
kr	&KR5379;	3
kr	&KR5348;	3
kr	&KR5335;	3
kr	&KR5317;	3
kr	&KR5318;	3
kr	&KR5293;	3
kr	&KR4268;	3
kr	&KR5296;	3
kr	&KR5369;	3
kr	&KR5378;	3
kr	&KR5267;	3
kr	&KR4214;	3
kr	&KR5327;	3
kr	&KR4233;	3
kr	&KR4219;	3
kr	&KR4230;	3
kr	&KR4232;	3
kr	&KR4220;	3
kr	&KR5273;	3
kr	&KR4169;	3
kr	&KR4096;	3
kr	&KR4229;	3
kr	&KR4156;	3
kr	&KR4154;	3
kr	&KR4146;	3
kr	&KR4377;	2
kr	&KR4406;	2
kr	&KR4109;	2
kr	&KR4251;	2
kr	&KR3120;	2
kr	&KR4242;	2
kr	&KR4283;	2
kr	&KR4417;	2
kr	&KR4344;	2
kr	&KR4294;	2
kr	&KR4367;	2
kr	&KR4451;	2
kr	&KR4379;	2
kr	&KR4401;	2
kr	&KR4346;	2
kr	&KR4089;	2
kr	&KR4281;	2
kr	&KR3674;	2
kr	&KR4296;	2
kr	&KR4378;	2
kr	&KR4419;	2
kr	&KR4393;	2
kr	&KR4409;	2
kr	&KR1305;	2
kr	&KR4368;	2
kr	&KR1332;	2
kr	&KR1316;	2
kr	&KR1481;	2
kr	&KR4274;	2
kr	&KR4392;	2
kr	&KR4348;	2
kr	&KR4239;	2
kr	&KR3962;	2
kr	&KR4293;	2
kr	&KR4309;	2
kr	&KR4295;	2
kr	&KR4470;	2
kr	&KR4104;	2
kr	&KR4318;	2
kr	&KR4246;	2
kr	&KR4287;	2
kr	&KR1560;	2
kr	&KR2229;	2
kr	&KR0598;	2
kr	&KR0063;	2
kr	&KR1682;	2
kr	&KR0033;	2
kr	&KR0913;	2
kr	&KR2631;	2
kr	&KR1623;	2
kr	&KR1074;	2
kr	&KR2067;	2
kr	&KR0383;	2
kr	&KR1425;	2
kr	&KR1347;	2
kr	&KR1107;	2
kr	&KR0459;	2
kr	&KR1461;	2
kr	&KR1182;	2
kr	&KR1808;	2
kr	&KR4081;	2
kr	&KR0883;	2
kr	&KR0530;	2
kr	&KR1502;	2
kr	&KR1186;	2
kr	&KR0842;	2
kr	&KR0085;	2
kr	&KR0257;	2
kr	&KR1924;	2
kr	&KR3178;	2
kr	&KR2393;	2
kr	&KR1119;	2
kr	&KR0195;	2
kr	&KR0218;	2
kr	&KR1203;	2
kr	&KR0731;	2
kr	&KR0582;	2
kr	&KR0900;	2
kr	&KR1056;	2
kr	&KR1447;	2
kr	&KR1841;	2
kr	&KR2309;	2
kr	&KR0709;	2
kr	&KR1656;	2
kr	&KR4384;	2
kr	&KR4396;	2
kr	&KR3776;	2
kr	&KR4180;	2
kr	&KR4356;	2
kr	&KR4255;	2
kr	&KR4303;	2
kr	&KR4322;	2
kr	&KR4376;	2
kr	&KR4391;	2
kr	&KR4278;	2
kr	&KR4260;	2
kr	&KR4462;	2
kr	&KR4403;	2
kr	&KR4361;	2
kr	&KR4370;	2
kr	&KR4369;	2
kr	&KR4316;	2
kr	&KR4359;	2
kr	&KR4317;	2
kr	&KR4337;	2
kr	&KR4204;	2
kr	&KR4389;	2
kr	&KR4421;	2
kr	&KR4395;	2
kr	&KR4013;	2
kr	&KR4243;	2
kr	&KR4342;	2
kr	&KR3549;	2
kr	&KR4324;	2
kr	&KR4328;	2
kr	&KR3984;	2
kr	&KR4314;	2
kr	&KR3293;	2
kr	&KR4412;	2
kr	&KR4331;	2
kr	&KR3684;	2
kr	&KR4373;	2
kr	&KR4027;	2
kr	&KR4059;	2
kr	&KR4273;	2
kr	&KR4468;	2
kr	&KR4349;	2
kr	&KR4410;	2
kr	&KR4431;	2
kr	&KR4343;	2
kr	&KR4265;	2
kr	&KR4383;	2
kr	&KR4263;	2
kr	&KR4254;	2
kr	&KR4302;	2
kr	&KR4394;	2
kr	&KR4103;	2
kr	&KR4143;	2
kr	&KR4522;	2
kr	&KR3777;	2
kr	&KR4321;	2
kr	&KR1816;	2
kr	&KR4304;	2
kr	&KR4388;	2
kr	&KR4418;	2
kr	&KR4352;	2
kr	&KR4095;	2
kr	&KR4402;	2
kr	&KR4375;	2
kr	&KR4354;	2
kr	&KR4332;	2
kr	&KR4285;	2
kr	&KR4460;	2
kr	&KR4360;	2
kr	&KR3773;	2
kr	&KR5401;	2
kr	&KR4385;	2
kr	&KR4350;	2
kr	&KR4380;	2
kr	&KR4422;	2
kr	&KR3768;	2
kr	&KR4397;	2
kr	&KR4405;	2
kr	&KR4371;	2
kr	&KR4413;	2
kr	&KR4415;	2
kr	&KR4372;	2
kr	&KR4341;	2
kr	&KR4340;	2
kr	&KR4365;	2
kr	&KR4386;	2
kr	&KR4453;	2
kr	&KR5287;	2
kr	&KR5381;	2
kr	&KR4481;	2
kr	&KR5347;	2
kr	&KR5382;	2
kr	&KR5393;	2
kr	&KR5400;	2
kr	&KR5295;	2
kr	&KR2295;	2
kr	&KR5404;	2
kr	&KR5376;	2
kr	&KR5397;	2
kr	&KR5324;	2
kr	&KR4357;	2
kr	&KR4420;	2
kr	&KR4404;	2
kr	&KR4345;	2
kr	&KR4362;	2
kr	&KR4390;	2
kr	&KR4374;	2
kr	&KR4411;	2
kr	&KR4355;	2
kr	&KR5302;	2
kr	&KR4531;	2
kr	&KR4494;	2
kr	&KR5374;	2
kr	&KR5372;	2
kr	&KR4347;	2
kr	&KR4364;	2
kr	&KR4400;	2
kr	&KR4381;	2
kr	&KR4416;	2
kr	&KR4240;	2
kr	&KR4407;	2
kr	&KR4510;	2
kr	&KR4264;	2
kr	&KR4408;	2
kr	&KR4358;	2
kr	&KR4387;	2
kr	&KR4414;	2
kr	&KR4617;	1
kr	&KR4441;	1
kr	&KR4258;	1
kr	&KR4561;	1
kr	&KR4472;	1
kr	&KR4495;	1
kr	&KR4530;	1
kr	&KR4562;	1
kr	&KR4212;	1
kr	&KR4567;	1
kr	&KR4607;	1
kr	&KR4586;	1
kr	&KR4512;	1
kr	&KR4675;	1
kr	&KR4627;	1
kr	&KR4572;	1
kr	&KR4423;	1
kr	&KR4520;	1
kr	&KR4588;	1
kr	&KR4663;	1
kr	&KR4448;	1
kr	&KR4508;	1
kr	&KR4499;	1
kr	&KR4583;	1
kr	&KR4591;	1
kr	&KR4435;	1
kr	&KR4511;	1
kr	&KR4456;	1
kr	&KR4454;	1
kr	&KR4608;	1
kr	&KR4579;	1
kr	&KR4666;	1
kr	&KR4667;	1
kr	&KR1602;	1
kr	&KR0010;	1
kr	&KR1087;	1
kr	&KR0047;	1
kr	&KR1079;	1
kr	&KR0048;	1
kr	&KR0937;	1
kr	&KR0427;	1
kr	&KR0167;	1
kr	&KR4683;	1
kr	&KR4647;	1
kr	&KR4524;	1
kr	&KR4500;	1
kr	&KR4498;	1
kr	&KR4267;	1
kr	&KR4674;	1
kr	&KR4492;	1
kr	&KR4490;	1
kr	&KR4493;	1
kr	&KR4505;	1
kr	&KR4443;	1
kr	&KR4436;	1
kr	&KR3669;	1
kr	&KR0125;	1
kr	&KR0651;	1
kr	&KR1794;	1
kr	&KR2858;	1
kr	&KR1407;	1
kr	&KR1049;	1
kr	&KR1252;	1
kr	&KR1037;	1
kr	&KR0733;	1
kr	&KR1866;	1
kr	&KR0991;	1
kr	&KR0545;	1
kr	&KR0831;	1
kr	&KR2655;	1
kr	&KR2474;	1
kr	&KR2199;	1
kr	&KR1462;	1
kr	&KR0547;	1
kr	&KR1622;	1
kr	&KR0846;	1
kr	&KR0305;	1
kr	&KR1172;	1
kr	&KR2371;	1
kr	&KR1009;	1
kr	&KR1890;	1
kr	&KR1687;	1
kr	&KR0969;	1
kr	&KR1449;	1
kr	&KR0333;	1
kr	&KR0524;	1
kr	&KR0160;	1
kr	&KR0884;	1
kr	&KR1632;	1
kr	&KR1557;	1
kr	&KR0519;	1
kr	&KR4262;	1
kr	&KR2244;	1
kr	&KR1277;	1
kr	&KR0001;	1
kr	&KR2251;	1
kr	&KR4298;	1
kr	&KR2564;	1
kr	&KR1477;	1
kr	&KR1112;	1
kr	&KR0683;	1
kr	&KR1300;	1
kr	&KR4569;	1
kr	&KR4535;	1
kr	&KR4565;	1
kr	&KR4668;	1
kr	&KR4289;	1
kr	&KR4557;	1
kr	&KR4596;	1
kr	&KR4589;	1
kr	&KR3706;	1
kr	&KR4516;	1
kr	&KR4482;	1
kr	&KR4643;	1
kr	&KR4669;	1
kr	&KR4672;	1
kr	&KR4658;	1
kr	&KR4642;	1
kr	&KR4618;	1
kr	&KR4261;	1
kr	&KR4291;	1
kr	&KR4440;	1
kr	&KR4644;	1
kr	&KR4552;	1
kr	&KR4609;	1
kr	&KR4614;	1
kr	&KR4576;	1
kr	&KR4563;	1
kr	&KR4541;	1
kr	&KR4603;	1
kr	&KR1660;	1
kr	&KR4515;	1
kr	&KR4660;	1
kr	&KR4645;	1
kr	&KR4543;	1
kr	&KR4547;	1
kr	&KR4556;	1
kr	&KR4655;	1
kr	&KR4580;	1
kr	&KR4548;	1
kr	&KR4578;	1
kr	&KR4612;	1
kr	&KR4538;	1
kr	&KR4575;	1
kr	&KR4429;	1
kr	&KR4479;	1
kr	&KR4526;	1
kr	&KR4076;	1
kr	&KR5366;	1
kr	&KR4452;	1
kr	&KR4442;	1
kr	&KR4502;	1
kr	&KR4697;	1
kr	&KR4196;	1
kr	&KR4525;	1
kr	&KR4434;	1
kr	&KR4599;	1
kr	&KR4678;	1
kr	&KR4625;	1
kr	&KR4560;	1
kr	&KR4477;	1
kr	&KR4523;	1
kr	&KR4427;	1
kr	&KR4450;	1
kr	&KR4698;	1
kr	&KR4640;	1
kr	&KR4513;	1
kr	&KR4424;	1
kr	&KR4577;	1
kr	&KR4439;	1
kr	&KR4620;	1
kr	&KR4636;	1
kr	&KR4598;	1
kr	&KR4693;	1
kr	&KR4696;	1
kr	&KR4602;	1
kr	&KR4444;	1
kr	&KR4312;	1
kr	&KR4432;	1
kr	&KR4449;	1
kr	&KR4485;	1
kr	&KR4446;	1
kr	&KR4459;	1
kr	&KR3861;	1
kr	&KR4270;	1
kr	&KR4615;	1
kr	&KR4484;	1
kr	&KR4259;	1
kr	&KR4641;	1
kr	&KR4574;	1
kr	&KR4582;	1
kr	&KR4558;	1
kr	&KR4601;	1
kr	&KR4336;	1
kr	&KR4553;	1
kr	&KR4648;	1
kr	&KR4623;	1
kr	&KR4471;	1
kr	&KR4463;	1
kr	&KR4467;	1
kr	&KR4466;	1
kr	&KR4474;	1
kr	&KR5405;	1
kr	&KR5342;	1
kr	&KR4581;	1
kr	&KR4701;	1
kr	&KR4605;	1
kr	&KR5395;	1
kr	&KR4635;	1
kr	&KR4610;	1
kr	&KR4536;	1
kr	&KR4537;	1
kr	&KR4532;	1
kr	&KR4633;	1
kr	&KR4653;	1
kr	&KR4366;	1
kr	&KR4611;	1
kr	&KR4566;	1
kr	&KR4606;	1
kr	&KR4554;	1
kr	&KR4597;	1
kr	&KR4680;	1
kr	&KR4677;	1
kr	&KR4604;	1
kr	&KR4584;	1
kr	&KR4594;	1
kr	&KR4699;	1
kr	&KR4639;	1
kr	&KR4689;	1
kr	&KR4637;	1
kr	&KR4551;	1
kr	&KR4545;	1
kr	&KR4628;	1
kr	&KR4571;	1
kr	&KR4700;	1
kr	&KR4573;	1
kr	&KR4661;	1
kr	&KR4189;	1
kr	&KR5371;	1
kr	&KR5398;	1
kr	&KR5403;	1
kr	&KR5402;	1
kr	&KR5389;	1
kr	&KR5305;	1
kr	&KR5392;	1
kr	&KR5390;	1
kr	&KR5399;	1
kr	&KR5283;	1
kr	&KR5279;	1
kr	&KR5377;	1
kr	&KR5380;	1
kr	&KR5388;	1
kr	&KR5373;	1
kr	&KR5396;	1
kr	&KR4540;	1
kr	&KR4593;	1
kr	&KR4564;	1
kr	&KR4398;	1
kr	&KR4619;	1
kr	&KR4587;	1
kr	&KR4631;	1
kr	&KR4687;	1
kr	&KR4613;	1
kr	&KR4546;	1
kr	&KR4595;	1
kr	&KR4652;	1
kr	&KR4671;	1
kr	&KR4638;	1
kr	&KR4649;	1
kr	&KR4682;	1
kr	&KR5383;	1
kr	&KR5351;	1
kr	&KR5350;	1
kr	&KR4555;	1
kr	&KR4616;	1
kr	&KR4534;	1
kr	&KR4585;	1
kr	&KR4568;	1
kr	&KR4570;	1
kr	&KR4691;	1
kr	&KR4559;	1
kr	&KR4539;	1
kr	&KR4676;	1
kr	&KR4272;	1
kr	&KR4634;	1
kr	&KR4679;	1
kr	&KR4695;	1
kr	&KR4702;	1
kr	&KR4688;	1
kr	&KR4621;	1
kr	&KR5261;	1
kr	&KR5391;	1
kr	&KR5292;	1
kr	&KR5394;	1
kr	&KR4590;	1
kr	&KR4656;	1
kr	&KR4670;	1
kr	&KR4626;	1
kr	&KR4528;	1
kr	&KR4521;	1
kr	&KR4654;	1
kr	&KR4544;	1
kr	&KR4657;	1
kr	&KR4506;	1
kr	&KR4673;	1
kr	&KR4662;	1
kr	&KR4624;	1
kr	&KR4518;	1
kr	&KR4622;	1
kr	&KR4592;	1
kr	&KR4550;	1
kr	&KR4632;	1
kr	&KR4692;	1
kr	&KR4684;	1
kr	&KR4694;	1
kr	&KR4650;	1
kr	&KR4686;	1
kr	&KR4651;	1
kr	&KR4659;	1
kr	&KR4629;	1
kr	&KR4514;	1
kr	&KR4469;	1
kr	&KR4455;	1
kr	&KR4430;	1
kr	&KR4438;	1
kr	&KR4504;	1
kr	&KR4542;	1
kr	&KR4501;	1
kr	&KR5408;	1
kr	&KR5409;	1
kr	&KR4330;	1
kr	&KR5410;	1
kr	&KR5411;	1
kr	&KR5384;	1
kr	&KR5386;	1
kr	&KR5385;	1
kr	&KR5353;	1
kr	&KR4681;	1
kr	&KR4517;	1
kr	&KR4509;	1
ch-pua	&CH-0F055D;	2
ch-pua	&CH-0F21D7;	2
ch-pua	&CH-0F21D8;	2
ch-pua	&CH-0F055E;	1
ch-pua	&CH-0F21BF;	1
ch-pua	&CH-0F22DC;	1
ch-pua	&CH-0F22DE;	1
ch-pua	&CH-0F22DD;	1
ch-pua	&CH-0F22DF;	1
ch-pua	&CH-0F22FA;	1
ch-pua	&CH-0F21CB;	1
ch-pua	&CH-0F21CF;	1
ch-pua	&CH-0F21D0;	1
ch-pua	&CH-0F21D1;	1
ch-pua	&CH-0F21D2;	1
ch-pua	&CH-0F21D3;	1
ch-pua	&CH-0F21D4;	1
ch-pua	&CH-0F21D5;	1
ch-pua	&CH-0F21D6;	1
ch-pua	&CH-0F1C66;	1
ch-pua	&CH-0F21D9;	1
ch-pua	&CH-0F21DA;	1
