cp_major	char_major	count_major	cp_minor	char_minor	count_minor	ratio_major_over_minor	types
U+65BC	於	4724818	U+4E8E	于	1466342	3.222	kSemanticVariant,kSimplifiedVariant,kTraditionalVariant
U+4E91	云	2407318	U+96F2	雲	851211	2.828	kSimplifiedVariant,kTraditionalVariant
U+5F8C	後	2155932	U+540E	后	309353	6.969	kSimplifiedVariant,kTraditionalVariant
U+5B50	子	4600297	U+53EA	只	239618	19.198	kSemanticVariant
U+516D	六	1739476	U+9678	陸	229284	7.587	kSpecializedSemanticVariant
U+9918	餘	912088	U+4F59	余	228752	3.987	kSimplifiedVariant,kTraditionalVariant
U+4E88	予	268325	U+4F59	余	228752	1.173	kSemanticVariant
U+4E26	並	381390	U+5E76	并	213031	1.790	kSemanticVariant,kSimplifiedVariant,kTraditionalVariant
U+5C07	將	1148111	U+5C06	将	212259	5.409	kSimplifiedVariant,kSpecializedSemanticVariant,kTraditionalVariant
U+91CC	里	989487	U+88CF	裏	196368	5.039	kSimplifiedVariant,kTraditionalVariant
U+9F4A	齊	656786	U+9F4B	齋	182902	3.591	kSpecializedSemanticVariant
U+820D	舍	300775	U+6368	捨	171087	1.758	kSimplifiedVariant,kSpecializedSemanticVariant,kTraditionalVariant
U+4E7E	乾	375465	U+5E72	干	170712	2.199	kSimplifiedVariant,kTraditionalVariant
U+624D	才	306677	U+8CA1	財	164954	1.859	kSpecializedSemanticVariant
U+6CE8	注	552230	U+8A3B	註	163675	3.374	kSimplifiedVariant,kTraditionalVariant
U+5750	坐	437938	U+5EA7	座	161051	2.719	kSpecializedSemanticVariant
U+9593	間	898910	U+9592	閒	155870	5.767	kSpecializedSemanticVariant
U+5F80	往	458238	U+5F83	徃	132280	3.464	kSemanticVariant,kSpecializedSemanticVariant
U+6298	折	182039	U+7FFC	翼	120667	1.509	kSpecializedSemanticVariant
U+95DC	關	186721	U+5BE1	寡	110475	1.690	kSemanticVariant
U+5F81	征	175194	U+5FB5	徵	110039	1.592	kSimplifiedVariant,kTraditionalVariant
U+7C21	簡	231809	U+8015	耕	101482	2.284	kSemanticVariant
U+5CF0	峰	102714	U+5CEF	峯	100102	1.026	kSemanticVariant
U+901F	速	119540	U+8FF9	迹	99878	1.197	kSpecializedSemanticVariant
U+56DE	回	192249	U+8FF4	迴	98744	1.947	kSimplifiedVariant,kTraditionalVariant
U+8C6B	豫	109735	U+9810	預	98191	1.118	kSemanticVariant
U+7159	煙	106372	U+70DF	烟	95854	1.110	kSemanticVariant,kSimplifiedVariant,kTraditionalVariant
U+56DB	四	2785227	U+8086	肆	93876	29.669	kSemanticVariant,kSpecializedSemanticVariant
U+51B5	况	121890	U+6CC1	況	93384	1.305	kSemanticVariant,kSimplifiedVariant,kTraditionalVariant
U+901F	速	119540	U+8DE1	跡	89785	1.331	kSpecializedSemanticVariant
U+8FF9	迹	99878	U+8DE1	跡	89785	1.112	kSemanticVariant,kSimplifiedVariant,kTraditionalVariant
U+81FA	臺	304802	U+53F0	台	86079	3.541	kSemanticVariant,kSimplifiedVariant,kTraditionalVariant
U+5F9E	從	1321982	U+4ECE	从	85555	15.452	kSemanticVariant,kSimplifiedVariant,kSpecializedSemanticVariant,kTraditionalVariant
U+8C37	谷	194470	U+7A40	穀	83409	2.332	kSimplifiedVariant,kTraditionalVariant
U+8FA8	辨	191097	U+8FAF	辯	82405	2.319	kSemanticVariant
U+5FA1	御	471800	U+79A6	禦	81522	5.787	kSimplifiedVariant,kTraditionalVariant
U+6C88	沈	163298	U+6C89	沉	81440	2.005	kSemanticVariant,kSpecializedSemanticVariant
U+91C7	采	122323	U+63A1	採	76791	1.593	kSimplifiedVariant,kTraditionalVariant
U+65C1	旁	98293	U+508D	傍	74260	1.324	kSpecializedSemanticVariant
U+53EA	只	239618	U+7947	祇	73403	3.264	kSpecializedSemanticVariant
U+5341	十	4578888	U+62FE	拾	72611	63.061	kSpecializedSemanticVariant
U+5236	制	552860	U+88FD	製	71442	7.739	kSimplifiedVariant,kTraditionalVariant
U+7159	煙	106372	U+5B8C	完	68727	1.548	kSemanticVariant
U+70DF	烟	95854	U+5B8C	完	68727	1.395	kSemanticVariant
U+501F	借	97379	U+85C9	藉	67168	1.450	kSimplifiedVariant,kTraditionalVariant
U+53C3	參	277136	U+53C5	叅	65333	4.242	kSemanticVariant,kSpecializedSemanticVariant
U+5E76	并	213031	U+4F75	併	64505	3.303	kSimplifiedVariant,kTraditionalVariant
U+5C07	將	1148111	U+7586	疆	63758	18.007	kSpecializedSemanticVariant
U+51C6	准	65726	U+6E96	準	63213	1.040	kSemanticVariant,kSimplifiedVariant,kTraditionalVariant
U+830D	茍	66602	U+82DF	苟	61825	1.077	kSemanticVariant
U+9673	陳	651089	U+9663	陣	60705	10.725	kSpecializedSemanticVariant
U+4E94	五	2669735	U+4F0D	伍	60509	44.121	kSpecializedSemanticVariant
U+6C92	沒	99923	U+6CA1	没	60088	1.663	kSimplifiedVariant,kSpecializedSemanticVariant,kTraditionalVariant
U+4E8C	二	4463849	U+8CB3	貳	58609	76.163	kSemanticVariant,kSpecializedSemanticVariant
U+8591	薑	57924	U+59DC	姜	57018	1.016	kSimplifiedVariant,kTraditionalVariant
U+8303	范	129559	U+7BC4	範	56947	2.275	kSimplifiedVariant,kTraditionalVariant
U+57DF	域	77806	U+8B7D	譽	56258	1.383	kSpecializedSemanticVariant
U+624D	才	306677	U+7E94	纔	55615	5.514	kSimplifiedVariant,kSpecializedSemanticVariant,kTraditionalVariant
U+5E72	干	170712	U+5E79	幹	55436	3.079	kSimplifiedVariant,kTraditionalVariant
U+9451	鑑	68856	U+9452	鑒	55134	1.249	kSemanticVariant
U+79D8	秘	61332	U+7955	祕	53732	1.141	kSemanticVariant
U+6B4E	歎	145682	U+5606	嘆	52164	2.793	kSemanticVariant
U+5F26	弦	58726	U+7D43	絃	49733	1.181	kSemanticVariant
U+9951	饑	65111	U+98E2	飢	48744	1.336	kSemanticVariant
U+5E7E	幾	262443	U+51E0	几	48265	5.438	kSimplifiedVariant,kSpecializedSemanticVariant,kTraditionalVariant
U+7B54	答	320768	U+8345	荅	47378	6.770	kSemanticVariant
U+5F3A	强	135443	U+5F4A	彊	47362	2.860	kSemanticVariant,kSpecializedSemanticVariant
U+5F37	強	74039	U+5F4A	彊	47362	1.563	kSemanticVariant,kSpecializedSemanticVariant
U+5FD7	志	836851	U+8A8C	誌	46320	18.067	kSimplifiedVariant,kTraditionalVariant
U+52C5	勅	68430	U+6555	敕	45804	1.494	kSemanticVariant,kSpecializedSemanticVariant
U+677F	板	48043	U+7248	版	45374	1.059	kSemanticVariant
U+89E3	解	663252	U+89E7	觧	42862	15.474	kSemanticVariant,kSpecializedSemanticVariant
U+6BD8	毘	49434	U+6BD7	毗	41859	1.181	kSemanticVariant
U+4E26	並	381390	U+7ADD	竝	39995	9.536	kSemanticVariant
U+5E76	并	213031	U+7ADD	竝	39995	5.326	kSemanticVariant
U+8F9F	辟	121903	U+95E2	闢	39054	3.121	kSimplifiedVariant,kTraditionalVariant
U+9684	隄	39056	U+5824	堤	38467	1.015	kSemanticVariant
U+8000	耀	50414	U+66DC	曜	38350	1.315	kSemanticVariant
U+59E6	姦	68975	U+5978	奸	37959	1.817	kSimplifiedVariant,kTraditionalVariant
U+9D08	鴈	51498	U+96C1	雁	37895	1.359	kSemanticVariant
U+7B87	箇	128608	U+500B	個	35891	3.583	kSemanticVariant,kSpecializedSemanticVariant
U+4E11	丑	104466	U+919C	醜	34920	2.992	kSimplifiedVariant,kTraditionalVariant
U+4E00	一	6961417	U+58F9	壹	34916	199.376	kSemanticVariant,kSpecializedSemanticVariant
U+52C5	勅	68430	U+52D1	勑	34612	1.977	kSemanticVariant,kSpecializedSemanticVariant
U+8457	著	528786	U+7740	着	34568	15.297	kSemanticVariant,kSimplifiedVariant,kSpecializedSemanticVariant,kTraditionalVariant
U+8E30	踰	69389	U+903E	逾	34067	2.037	kSemanticVariant
U+83F4	菴	59685	U+5EB5	庵	33999	1.755	kSemanticVariant
U+6FEC	濬	36108	U+6D5A	浚	33243	1.086	kSemanticVariant
U+6DE1	淡	52193	U+6FB9	澹	32446	1.609	kSemanticVariant,kSpecializedSemanticVariant
U+965C	陜	62456	U+72F9	狹	32344	1.931	kSemanticVariant
U+80F8	胸	44819	U+5308	匈	32290	1.388	kSemanticVariant
U+7C97	粗	37633	U+9EA4	麤	31850	1.182	kSemanticVariant
U+5834	場	78991	U+5872	塲	31793	2.485	kSemanticVariant,kSpecializedSemanticVariant
U+67CF	柏	36927	U+6822	栢	31748	1.163	kSemanticVariant
U+536F	卯	65917	U+5918	夘	31718	2.078	kSpecializedSemanticVariant
U+572D	圭	59247	U+73EA	珪	31265	1.895	kSemanticVariant
U+5F91	徑	125142	U+52C1	勁	30586	4.091	kSpecializedSemanticVariant
U+7E5E	繞	58874	U+9076	遶	29166	2.019	kSemanticVariant
U+53EA	只	239618	U+96BB	隻	29137	8.224	kSimplifiedVariant,kTraditionalVariant
U+5408	合	868064	U+95A4	閤	28461	30.500	kSimplifiedVariant,kTraditionalVariant
U+71D2	燒	103353	U+7C2B	簫	28137	3.673	kSemanticVariant
U+96CD	雍	138534	U+9095	邕	27994	4.949	kSemanticVariant
U+9B4F	魏	342671	U+5DCD	巍	27838	12.309	kSemanticVariant
U+7246	牆	36768	U+58BB	墻	27824	1.321	kSemanticVariant
U+5339	匹	75924	U+758B	疋	26578	2.857	kSemanticVariant
U+7950	祐	110936	U+4F51	佑	26558	4.177	kSemanticVariant
U+901F	速	119540	U+8E5F	蹟	26453	4.519	kSpecializedSemanticVariant
U+8FF9	迹	99878	U+8E5F	蹟	26453	3.776	kSemanticVariant
U+8DE1	跡	89785	U+8E5F	蹟	26453	3.394	kSemanticVariant
U+96E8	雨	508711	U+99AD	馭	26155	19.450	kSpecializedSemanticVariant
U+5FA1	御	471800	U+99AD	馭	26155	18.039	kSemanticVariant,kSpecializedSemanticVariant
U+6302	挂	27330	U+639B	掛	25744	1.062	kSemanticVariant,kSimplifiedVariant,kTraditionalVariant
U+5411	向	489760	U+56AE	嚮	24761	19.779	kSimplifiedVariant,kTraditionalVariant
U+8AC7	談	102614	U+8B5A	譚	24502	4.188	kSemanticVariant
U+920E	鈎	32372	U+9264	鉤	24378	1.328	kSemanticVariant
U+8003	考	321041	U+6537	攷	24231	13.249	kSemanticVariant
U+9041	遁	41774	U+906F	遯	24066	1.736	kSemanticVariant
U+8655	處	1176071	U+458F	䖏	24042	48.917	kSemanticVariant,kSpecializedSemanticVariant
U+6CC4	泄	37554	U+6D29	洩	23986	1.566	kSemanticVariant
U+7F72	署	87672	U+7A4E	穎	23065	3.801	kSpecializedSemanticVariant
U+7D50	結	374189	U+63ED	揭	23061	16.226	kSpecializedSemanticVariant
U+7E6B	繫	144600	U+7CFB	系	23037	6.277	kSimplifiedVariant,kTraditionalVariant
U+4FC2	係	89118	U+7CFB	系	23037	3.868	kSimplifiedVariant,kTraditionalVariant
U+994B	饋	25460	U+5331	匱	22422	1.135	kSemanticVariant
U+5018	倘	23155	U+513B	儻	22286	1.039	kSemanticVariant
U+6CDB	泛	53142	U+6C4E	汎	21781	2.440	kSemanticVariant
U+6734	朴	38287	U+6A38	樸	21727	1.762	kSemanticVariant,kSimplifiedVariant,kTraditionalVariant
U+5BE6	實	941471	U+5BD4	寔	21577	43.633	kSemanticVariant
U+68F2	棲	56525	U+6816	栖	21150	2.673	kSemanticVariant,kSimplifiedVariant,kTraditionalVariant
U+6DEB	淫	56299	U+5A6C	婬	21046	2.675	kSemanticVariant
U+84B8	蒸	41478	U+70DD	烝	21020	1.973	kSemanticVariant
U+7720	眠	67734	U+7DE1	緡	20887	3.243	kSpecializedSemanticVariant
U+4EC7	仇	36112	U+8B8E	讎	20883	1.729	kSemanticVariant,kSpecializedSemanticVariant
U+6696	暖	37751	U+7156	煖	20711	1.823	kSemanticVariant,kSpecializedSemanticVariant
U+8AE1	諡	66902	U+8B1A	謚	20330	3.291	kSemanticVariant
U+7B97	算	48978	U+7B6D	筭	19994	2.450	kSemanticVariant
U+695E	楞	29253	U+7A1C	稜	19406	1.507	kSemanticVariant
U+4EC7	仇	36112	U+8B90	讐	19081	1.893	kSemanticVariant,kSpecializedSemanticVariant
U+91DD	針	25481	U+7BB4	箴	19058	1.337	kSemanticVariant
U+9149	酉	101552	U+914B	酋	18982	5.350	kSpecializedSemanticVariant
U+9B31	鬱	59794	U+90C1	郁	18469	3.238	kSimplifiedVariant,kTraditionalVariant
U+57FA	基	75237	U+62EF	拯	18409	4.087	kSpecializedSemanticVariant
U+8349	草	502465	U+8278	艸	18375	27.345	kSemanticVariant
U+5353	卓	72060	U+68F9	棹	18244	3.950	kSpecializedSemanticVariant
U+8A60	詠	84842	U+548F	咏	18243	4.651	kSemanticVariant,kSimplifiedVariant,kTraditionalVariant
U+91DD	針	25481	U+937C	鍼	18167	1.403	kSemanticVariant
U+7BB4	箴	19058	U+937C	鍼	18167	1.049	kSemanticVariant
U+5C38	尸	115560	U+5C4D	屍	18096	6.386	kSemanticVariant,kSimplifiedVariant,kTraditionalVariant
U+7F6E	置	459496	U+5BD8	寘	18044	25.465	kSemanticVariant
U+902E	逮	59321	U+8FE8	迨	17710	3.350	kSemanticVariant,kSpecializedSemanticVariant
U+7FA1	羡	26585	U+7FA8	羨	17593	1.511	kSemanticVariant
U+8499	蒙	115670	U+6FDB	濛	17577	6.581	kSimplifiedVariant,kTraditionalVariant
U+5DD6	巖	135855	U+5CA9	岩	17496	7.765	kSemanticVariant
U+5E78	幸	224234	U+5016	倖	17472	12.834	kSemanticVariant
U+6566	敦	66320	U+60C7	惇	17460	3.798	kSemanticVariant
U+5377	卷	604437	U+6372	捲	17282	34.975	kSimplifiedVariant,kTraditionalVariant
U+610D	愍	34835	U+61AB	憫	17277	2.016	kSemanticVariant
U+7051	灑	38490	U+6D12	洒	17107	2.250	kSemanticVariant,kSimplifiedVariant,kTraditionalVariant
U+6C59	汙	23292	U+6C61	污	16941	1.375	kSemanticVariant
U+526A	剪	27173	U+7FE6	翦	16760	1.621	kSemanticVariant
U+6298	折	182039	U+647A	摺	16693	10.905	kSimplifiedVariant,kTraditionalVariant
U+5B83	它	23580	U+4F57	佗	16333	1.444	kSemanticVariant
U+6127	愧	75182	U+5ABF	媿	16306	4.611	kSemanticVariant
U+671F	期	250481	U+901E	逞	15927	15.727	kSpecializedSemanticVariant
U+4E43	乃	1356979	U+8FFA	迺	15876	85.474	kSemanticVariant
U+5948	奈	60972	U+67F0	柰	15754	3.870	kSemanticVariant
U+671D	朝	950233	U+6641	晁	15671	60.636	kSemanticVariant,kSpecializedSemanticVariant
U+6258	托	44484	U+62D3	拓	15468	2.876	kSemanticVariant,kSpecializedSemanticVariant
U+6383	掃	56134	U+57FD	埽	15268	3.677	kSemanticVariant
U+68F9	棹	18244	U+6389	掉	15236	1.197	kSpecializedSemanticVariant
U+7D2F	累	169718	U+7E8D	纍	14860	11.421	kSimplifiedVariant,kTraditionalVariant
U+4F86	來	1664960	U+8012	耒	14652	113.634	kSpecializedSemanticVariant
U+7E96	纖	15278	U+780C	砌	14645	1.043	kSemanticVariant
U+54A8	咨	48940	U+8AEE	諮	14540	3.366	kSemanticVariant
U+4E5D	九	1288829	U+7396	玖	14512	88.811	kSemanticVariant
U+4ED9	仙	302874	U+50CA	僊	14351	21.105	kSemanticVariant,kSpecializedSemanticVariant
U+6B61	歡	129395	U+61FD	懽	14199	9.113	kSemanticVariant
U+6B23	欣	59428	U+5FFB	忻	13950	4.260	kSemanticVariant
U+9928	館	102735	U+8218	舘	13868	7.408	kSemanticVariant
U+516B	八	1284970	U+634C	捌	13804	93.087	kSemanticVariant,kSpecializedSemanticVariant
U+6E67	湧	24053	U+6D8C	涌	13720	1.753	kSemanticVariant
U+53C9	叉	32510	U+91F5	釵	13589	2.392	kSpecializedSemanticVariant
U+676F	杯	48077	U+76C3	盃	13512	3.558	kSemanticVariant
U+65D7	旗	166665	U+65C2	旂	13476	12.368	kSemanticVariant
U+5999	妙	334471	U+7385	玅	13310	25.129	kSemanticVariant
U+91CC	里	989487	U+88E1	裡	13255	74.650	kSimplifiedVariant,kTraditionalVariant
U+88CF	裏	196368	U+88E1	裡	13255	14.815	kSemanticVariant,kSpecializedSemanticVariant
U+5F04	弄	49893	U+7627	瘧	13242	3.768	kSpecializedSemanticVariant
U+500B	個	35891	U+4E2A	个	13187	2.722	kSemanticVariant,kSimplifiedVariant,kSpecializedSemanticVariant,kTraditionalVariant
U+54B8	咸	209912	U+9E79	鹹	12985	16.166	kSimplifiedVariant,kTraditionalVariant
U+92EA	鋪	30016	U+8216	舖	12715	2.361	kSemanticVariant,kSpecializedSemanticVariant
U+7B8B	箋	45560	U+724B	牋	12696	3.589	kSemanticVariant
U+61C9	應	1092442	U+786C	硬	12340	88.529	kSpecializedSemanticVariant
U+5BE8	寨	44415	U+7826	砦	12290	3.614	kSemanticVariant
U+6417	搗	25441	U+64E3	擣	12112	2.100	kSemanticVariant
U+6731	朱	332829	U+7843	硃	12007	27.720	kSimplifiedVariant,kTraditionalVariant
U+5F6C	彬	21028	U+658C	斌	11922	1.764	kSemanticVariant
U+96D5	雕	36826	U+5F6B	彫	11880	3.100	kSemanticVariant
U+90A0	邠	12625	U+8C73	豳	11836	1.067	kSemanticVariant
U+7DBF	綿	54658	U+7DDC	緜	11818	4.625	kSemanticVariant
U+6B32	欲	1164006	U+617E	慾	11711	99.394	kSemanticVariant
U+7317	猗	17208	U+6B39	欹	11481	1.499	kSemanticVariant
U+689D	條	166292	U+7CF6	糶	11478	14.488	kSemanticVariant
U+8CAC	責	153591	U+62C6	拆	11429	13.439	kSpecializedSemanticVariant
U+5649	噉	13043	U+5556	啖	11405	1.144	kSemanticVariant
U+6B2C	欬	11647	U+54B3	咳	11239	1.036	kSemanticVariant,kSpecializedSemanticVariant
U+50D5	僕	126825	U+4EC6	仆	11203	11.321	kSimplifiedVariant,kTraditionalVariant
U+633D	挽	29558	U+6387	掇	11189	2.642	kSpecializedSemanticVariant
U+87F2	蟲	84662	U+866B	虫	11103	7.625	kSemanticVariant,kSimplifiedVariant,kTraditionalVariant
U+6587	文	2313726	U+7A69	穩	10986	210.607	kSpecializedSemanticVariant
U+8569	蕩	86680	U+76EA	盪	10963	7.907	kSemanticVariant
U+7282	犂	11069	U+7281	犁	10815	1.023	kSemanticVariant
U+8109	脉	76978	U+8847	衇	10694	7.198	kSemanticVariant,kSpecializedSemanticVariant
U+8108	脈	40591	U+8847	衇	10694	3.796	kSemanticVariant,kSpecializedSemanticVariant
U+6D1E	洞	203316	U+5CD2	峒	10565	19.244	kSemanticVariant
U+6B77	歷	51848	U+66C6	曆	10399	4.986	kSemanticVariant
U+8207	與	2318259	U+4E0E	与	10398	222.952	kSemanticVariant,kSimplifiedVariant,kTraditionalVariant
U+80B2	育	71589	U+6BD3	毓	10335	6.927	kSemanticVariant
U+8A87	誇	23646	U+5938	夸	10335	2.288	kSemanticVariant,kSimplifiedVariant,kTraditionalVariant
U+707D	災	105248	U+83D1	菑	10052	10.470	kSemanticVariant
U+67CF	柏	36927	U+5B5B	孛	10049	3.675	kSpecializedSemanticVariant
U+6822	栢	31748	U+5B5B	孛	10049	3.159	kSpecializedSemanticVariant
U+65A4	斤	65585	U+89D4	觔	9895	6.628	kSemanticVariant
U+7CA7	粧	15348	U+599D	妝	9763	1.572	kSemanticVariant
U+6817	栗	32980	U+6144	慄	9734	3.388	kSimplifiedVariant,kTraditionalVariant
U+514B	克	257219	U+524B	剋	9703	26.509	kSimplifiedVariant,kTraditionalVariant
U+5507	唇	13287	U+8123	脣	9677	1.373	kSemanticVariant
U+9858	願	379039	U+613F	愿	9610	39.442	kSemanticVariant,kSimplifiedVariant,kSpecializedSemanticVariant,kTraditionalVariant
U+6108	愈	167741	U+6109	愉	9572	17.524	kSemanticVariant
U+7130	焰	19276	U+71C4	燄	9549	2.019	kSemanticVariant
U+8A34	訴	26485	U+612C	愬	9541	2.776	kSemanticVariant,kSpecializedSemanticVariant
U+7693	皓	27699	U+9865	顥	9442	2.934	kSemanticVariant
U+6349	捉	26368	U+6753	杓	9413	2.801	kSpecializedSemanticVariant
U+7C37	簷	24410	U+6A90	檐	9205	2.652	kSemanticVariant
U+62D3	拓	15468	U+646D	摭	9202	1.681	kSpecializedSemanticVariant
U+994B	饋	25460	U+993D	餽	9168	2.777	kSemanticVariant
U+99C1	駁	13930	U+99EE	駮	9164	1.520	kSemanticVariant
U+8B66	警	50459	U+5106	儆	9127	5.529	kSemanticVariant
U+92E4	鋤	14416	U+924F	鉏	8919	1.616	kSemanticVariant
U+64DA	據	230208	U+636E	据	8874	25.942	kSimplifiedVariant,kTraditionalVariant
U+633D	挽	29558	U+8F13	輓	8865	3.334	kSimplifiedVariant,kTraditionalVariant
U+5480	咀	13772	U+89DC	觜	8804	1.564	kSemanticVariant
U+5E61	幡	17522	U+65DB	旛	8800	1.991	kSemanticVariant
U+9192	醒	32184	U+60FA	惺	8750	3.678	kSpecializedSemanticVariant
U+777F	睿	38739	U+53E1	叡	8704	4.451	kSemanticVariant
U+895F	襟	30554	U+887F	衿	8626	3.542	kSemanticVariant
U+963F	阿	395819	U+7A95	窕	8570	46.187	kSpecializedSemanticVariant
U+6696	暖	37751	U+5A20	娠	8488	4.448	kSpecializedSemanticVariant
U+7156	煖	20711	U+5A20	娠	8488	2.440	kSpecializedSemanticVariant
U+5F5E	彞	11576	U+5F5D	彝	8444	1.371	kSimplifiedVariant,kTraditionalVariant
U+8B49	證	268762	U+8A3C	証	8313	32.330	kSemanticVariant
U+7405	琅	26309	U+746F	瑯	8305	3.168	kSemanticVariant
U+5B70	孰	106982	U+587E	塾	8127	13.164	kSpecializedSemanticVariant
U+9762	面	336503	U+9EB5	麵	8092	41.585	kSimplifiedVariant,kTraditionalVariant
U+8E0F	踏	33441	U+8E4B	蹋	8070	4.144	kSemanticVariant
U+5ED5	廕	9959	U+852D	蔭	8036	1.239	kSemanticVariant
U+5F77	彷	9842	U+9AE3	髣	7963	1.236	kSemanticVariant
U+6751	村	113779	U+90A8	邨	7907	14.390	kSemanticVariant
U+7167	照	324465	U+70A4	炤	7845	41.359	kSemanticVariant
U+8B59	譙	14692	U+8A9A	誚	7787	1.887	kSemanticVariant
U+51C4	凄	18361	U+6DD2	淒	7735	2.374	kSemanticVariant
U+7A31	稱	616497	U+79E4	秤	7729	79.764	kSpecializedSemanticVariant
U+6FF1	濱	14483	U+7015	瀕	7677	1.887	kSemanticVariant
U+903C	逼	54938	U+506A	偪	7675	7.158	kSemanticVariant
U+5D69	嵩	45530	U+5D27	崧	7625	5.971	kSemanticVariant
U+7682	皂	16619	U+7681	皁	7600	2.187	kSemanticVariant
U+74F6	瓶	36102	U+7F3E	缾	7598	4.752	kSemanticVariant
U+81D8	臘	32992	U+814A	腊	7580	4.353	kSemanticVariant,kSimplifiedVariant,kTraditionalVariant
U+634D	捍	14841	U+625E	扞	7468	1.987	kSemanticVariant
U+63A9	掩	72926	U+63DC	揜	7402	9.852	kSemanticVariant,kSpecializedSemanticVariant
U+4E2D	中	3863770	U+585A	塚	7347	525.898	kSpecializedSemanticVariant
U+4E09	三	4351515	U+53C1	叁	7335	593.254	kSemanticVariant,kSpecializedSemanticVariant
U+8E0A	踊	20290	U+8E34	踴	7095	2.860	kSemanticVariant,kSimplifiedVariant,kTraditionalVariant
U+842C	萬	1184270	U+4E07	万	7074	167.412	kSemanticVariant,kSimplifiedVariant,kTraditionalVariant
U+72F8	狸	7537	U+8C8D	貍	7006	1.076	kSemanticVariant
U+8000	耀	50414	U+71FF	燿	6983	7.220	kSemanticVariant
U+66DC	曜	38350	U+71FF	燿	6983	5.492	kSemanticVariant
U+4FEF	俯	61457	U+982B	頫	6958	8.833	kSemanticVariant
U+690E	椎	16282	U+69CC	槌	6950	2.343	kSemanticVariant
U+7C98	粘	8594	U+9ECF	黏	6883	1.249	kSemanticVariant,kSpecializedSemanticVariant
U+6FD5	濕	77073	U+6EBC	溼	6824	11.294	kSemanticVariant
U+5BB4	宴	94339	U+8B8C	讌	6721	14.036	kSemanticVariant
U+5862	塢	12844	U+9114	鄔	6718	1.912	kSemanticVariant
U+7707	眇	14574	U+7DF2	緲	6619	2.202	kSemanticVariant
U+881F	蠟	16982	U+8721	蜡	6490	2.617	kSemanticVariant,kSimplifiedVariant,kSpecializedSemanticVariant,kTraditionalVariant
U+6EBA	溺	43976	U+5C3F	尿	6420	6.850	kSpecializedSemanticVariant
U+7BB8	箸	6900	U+7B6F	筯	6384	1.081	kSemanticVariant
U+540C	同	1573689	U+4EDD	仝	6368	247.125	kSemanticVariant
U+68CB	棋	8113	U+7881	碁	6338	1.280	kSemanticVariant
U+54BD	咽	36528	U+56A5	嚥	6317	5.782	kSemanticVariant,kSpecializedSemanticVariant
U+68F9	棹	18244	U+6AC2	櫂	6295	2.898	kSemanticVariant
U+6389	掉	15236	U+6AC2	櫂	6295	2.420	kSpecializedSemanticVariant
U+52DB	勛	10076	U+52F3	勳	6226	1.618	kSemanticVariant
U+75D2	痒	8939	U+7662	癢	6216	1.438	kSemanticVariant,kSimplifiedVariant,kTraditionalVariant
U+7487	璇	6631	U+74BF	璿	6112	1.085	kSemanticVariant
U+96D5	雕	36826	U+9D70	鵰	6102	6.035	kSpecializedSemanticVariant
U+5F6B	彫	11880	U+9D70	鵰	6102	1.947	kSpecializedSemanticVariant
U+9F07	鼇	8530	U+9C32	鰲	6097	1.399	kSemanticVariant
U+66F3	曳	17937	U+62FD	拽	6084	2.948	kSpecializedSemanticVariant
U+7A31	稱	616497	U+5041	偁	6045	101.985	kSemanticVariant
U+6CE1	泡	6848	U+7B94	箔	6038	1.134	kSpecializedSemanticVariant
U+5742	坂	10776	U+962A	阪	6015	1.792	kSimplifiedVariant,kTraditionalVariant
U+7DA2	綢	6596	U+7D2C	紬	5999	1.100	kSemanticVariant
U+5857	塗	104676	U+6D82	涂	5833	17.945	kSimplifiedVariant,kTraditionalVariant
U+6BBD	殽	10067	U+6DC6	淆	5810	1.733	kSemanticVariant
U+5FB9	徹	92564	U+6F88	澈	5794	15.976	kSemanticVariant
U+679C	果	479835	U+83D3	菓	5746	83.508	kSemanticVariant
U+5468	周	874820	U+9031	週	5691	153.720	kSemanticVariant
U+7409	琉	15713	U+7460	瑠	5662	2.775	kSemanticVariant
U+9ED8	默	34128	U+563F	嘿	5659	6.031	kSemanticVariant
U+70AE	炮	19947	U+7832	砲	5580	3.575	kSemanticVariant
U+5480	咀	13772	U+5634	嘴	5527	2.492	kSemanticVariant
U+89DC	觜	8804	U+5634	嘴	5527	1.593	kSemanticVariant
U+7A2E	種	629615	U+79CD	种	5481	114.872	kSimplifiedVariant,kTraditionalVariant
U+8A17	託	71624	U+4F82	侂	5423	13.207	kSemanticVariant
U+8457	著	528786	U+87AB	螫	5388	98.141	kSpecializedSemanticVariant
U+8471	葱	21798	U+8525	蔥	5376	4.055	kSemanticVariant,kSimplifiedVariant,kTraditionalVariant
U+6F80	澀	8354	U+6FC7	濇	5296	1.577	kSemanticVariant
U+5C09	尉	171795	U+71A8	熨	5280	32.537	kSpecializedSemanticVariant
U+5023	倣	20117	U+4EFF	仿	5278	3.811	kSemanticVariant
U+723E	爾	714860	U+5C12	尒	5272	135.596	kSemanticVariant
U+6D63	浣	13569	U+6FA3	澣	5196	2.611	kSemanticVariant
U+689F	梟	12836	U+9D1E	鴞	5177	2.479	kSemanticVariant
U+7BA1	管	244172	U+7B66	筦	5061	48.246	kSemanticVariant
U+5306	匆	8875	U+6031	怱	5002	1.774	kSemanticVariant
U+566A	噪	7132	U+8B5F	譟	4976	1.433	kSemanticVariant
U+7BA0	箠	5109	U+6376	捶	4967	1.029	kSemanticVariant
U+535C	卜	107417	U+8514	蔔	4960	21.657	kSimplifiedVariant,kTraditionalVariant
U+5401	吁	21248	U+7C72	籲	4905	4.332	kSimplifiedVariant,kTraditionalVariant
U+8F1D	輝	57966	U+7147	煇	4883	11.871	kSemanticVariant
U+85A6	薦	156746	U+8350	荐	4866	32.212	kSemanticVariant,kSimplifiedVariant,kTraditionalVariant
U+7E61	繡	52543	U+7D89	綉	4850	10.834	kSemanticVariant
U+589F	墟	21474	U+5729	圩	4798	4.476	kSemanticVariant
U+838A	莊	230571	U+5E84	庄	4753	48.511	kSemanticVariant,kSimplifiedVariant,kTraditionalVariant
U+6C88	沈	163298	U+700B	瀋	4731	34.517	kSimplifiedVariant,kTraditionalVariant
U+85DD	藝	74610	U+57F6	埶	4689	15.912	kSemanticVariant
U+5E55	幕	48144	U+5E59	幙	4638	10.380	kSemanticVariant
U+5954	奔	150019	U+7287	犇	4575	32.791	kSemanticVariant,kSpecializedSemanticVariant
U+6673	晳	6777	U+6670	晰	4573	1.482	kSemanticVariant,kSpecializedSemanticVariant
U+8C50	豐	175711	U+4E30	丰	4558	38.550	kSimplifiedVariant,kTraditionalVariant
U+64F2	擲	28523	U+64FF	擿	4525	6.303	kSemanticVariant
U+7825	砥	13247	U+538E	厎	4509	2.938	kSemanticVariant
U+7E6A	繪	23696	U+7E62	繢	4469	5.302	kSpecializedSemanticVariant
U+53E8	叨	16684	U+9955	饕	4469	3.733	kSemanticVariant
U+9435	鐵	102001	U+9295	銕	4449	22.927	kSemanticVariant
U+5354	協	63323	U+52F0	勰	4427	14.304	kSemanticVariant
U+8105	脅	22525	U+52F0	勰	4427	5.088	kSpecializedSemanticVariant
U+8239	船	128063	U+8221	舡	4390	29.172	kSemanticVariant
U+55AB	喫	30369	U+5403	吃	4353	6.977	kSemanticVariant
U+81BE	膾	6899	U+9C60	鱠	4315	1.599	kSemanticVariant,kSpecializedSemanticVariant
U+70AB	炫	7162	U+8852	衒	4294	1.668	kSpecializedSemanticVariant
U+7BC9	築	117080	U+7B51	筑	4255	27.516	kSimplifiedVariant,kTraditionalVariant
U+9EBC	麼	207945	U+4E48	么	4227	49.194	kSimplifiedVariant,kTraditionalVariant
U+6DE8	淨	507311	U+51C8	凈	4226	120.045	kSemanticVariant,kSpecializedSemanticVariant
U+6C68	汨	8905	U+6C69	汩	4223	2.109	kSpecializedSemanticVariant
U+604D	恍	17611	U+6033	怳	4150	4.244	kSemanticVariant
U+971C	霜	138073	U+5B40	孀	4128	33.448	kSemanticVariant
U+4E86	了	252258	U+77AD	瞭	4101	61.511	kSimplifiedVariant,kTraditionalVariant
U+81F4	致	464558	U+7DFB	緻	4082	113.806	kSimplifiedVariant,kTraditionalVariant
U+6064	恤	54391	U+5379	卹	4076	13.344	kSemanticVariant
U+9EE8	黨	118671	U+515A	党	4057	29.251	kSimplifiedVariant,kTraditionalVariant
U+6F66	潦	17235	U+6F87	澇	4035	4.271	kSpecializedSemanticVariant
U+55A7	喧	27382	U+8AE0	諠	4010	6.828	kSemanticVariant
U+5F14	弔	47021	U+540A	吊	4000	11.755	kSemanticVariant
U+5098	傘	4225	U+7E56	繖	3980	1.062	kSemanticVariant
U+6CAB	沫	10499	U+6CAC	沬	3949	2.659	kSpoofingVariant
U+91CE	野	271321	U+57DC	埜	3851	70.455	kSemanticVariant
U+7F83	羃	6673	U+51AA	冪	3841	1.737	kSemanticVariant
U+8C46	豆	102803	U+8373	荳	3838	26.786	kSemanticVariant
U+5CA1	岡	45025	U+5D17	崗	3810	11.818	kSemanticVariant
U+66EC	曬	5276	U+6652	晒	3724	1.417	kSemanticVariant,kSimplifiedVariant,kTraditionalVariant
U+75C7	症	13760	U+7665	癥	3676	3.743	kSimplifiedVariant,kTraditionalVariant
U+7661	癡	60240	U+75F4	痴	3634	16.577	kSemanticVariant
U+7E3D	總	378012	U+6460	摠	3633	104.050	kSemanticVariant
U+64B2	撲	17859	U+6251	扑	3617	4.938	kSemanticVariant,kSimplifiedVariant,kTraditionalVariant
U+5269	剩	5395	U+8CF8	賸	3606	1.496	kSemanticVariant
U+7146	煆	5131	U+935C	鍜	3553	1.444	kSemanticVariant
U+5360	占	109380	U+4F54	佔	3500	31.251	kSpecializedSemanticVariant
U+5412	吒	19792	U+54A4	咤	3498	5.658	kSemanticVariant,kSimplifiedVariant,kTraditionalVariant
U+71D5	燕	225226	U+9DF0	鷰	3497	64.405	kSpecializedSemanticVariant
U+6C13	氓	7179	U+753F	甿	3492	2.056	kSemanticVariant
U+70AF	炯	9492	U+70F1	烱	3489	2.721	kSemanticVariant
U+7515	甕	18710	U+74EE	瓮	3487	5.366	kSemanticVariant
U+939A	鎚	4738	U+9318	錘	3478	1.362	kSemanticVariant
U+62CF	拏	26355	U+6310	挐	3470	7.595	kSemanticVariant
U+4E03	七	1256404	U+67D2	柒	3465	362.599	kSemanticVariant,kSpecializedSemanticVariant
U+768E	皎	25087	U+76A6	皦	3435	7.303	kSemanticVariant
U+96E2	離	569060	U+79BB	离	3388	167.963	kSimplifiedVariant,kSpecializedSemanticVariant,kTraditionalVariant
U+8768	蝨	4097	U+8671	虱	3333	1.229	kSemanticVariant
U+865C	虜	45769	U+64C4	擄	3314	13.811	kSemanticVariant,kSpecializedSemanticVariant
U+994B	饋	25460	U+6AC3	櫃	3313	7.685	kSemanticVariant
U+5331	匱	22422	U+6AC3	櫃	3313	6.768	kSemanticVariant
U+80C4	胄	27661	U+5191	冑	3258	8.490	kSemanticVariant
U+7570	異	709283	U+5F02	异	3237	219.117	kSimplifiedVariant,kTraditionalVariant
U+5BE7	寧	308609	U+5B81	宁	3206	96.260	kSimplifiedVariant,kTraditionalVariant
U+6C24	氤	4488	U+7D6A	絪	3206	1.400	kSemanticVariant
U+9870	顰	5008	U+56AC	嚬	3201	1.565	kSemanticVariant
U+925B	鉛	25093	U+9206	鈆	3191	7.864	kSemanticVariant
U+5C08	專	141986	U+8011	耑	3183	44.608	kSemanticVariant
U+8499	蒙	115670	U+77C7	矇	3156	36.651	kSimplifiedVariant,kTraditionalVariant
U+6726	朦	3852	U+77C7	矇	3156	1.221	kSpecializedSemanticVariant
U+6500	攀	38190	U+6273	扳	3140	12.162	kSemanticVariant
U+9A45	驅	81051	U+657A	敺	3086	26.264	kSemanticVariant
U+5E06	帆	24467	U+62DA	拚	3074	7.959	kSpecializedSemanticVariant
U+6052	恒	138969	U+6046	恆	3045	45.638	kSemanticVariant,kSimplifiedVariant,kTraditionalVariant,kZVariant
U+866C	虬	10033	U+866F	虯	3035	3.306	kSemanticVariant,kSimplifiedVariant,kTraditionalVariant
U+8015	耕	101482	U+754A	畊	3032	33.470	kSemanticVariant,kSpecializedSemanticVariant
U+8E8D	躍	44657	U+8DAF	趯	3030	14.738	kSemanticVariant
U+6FB3	澳	5145	U+8956	襖	3015	1.706	kSemanticVariant
U+5955	奕	34480	U+5F08	弈	2949	11.692	kSemanticVariant
U+6CC4	泄	37554	U+6E2B	渫	2898	12.959	kSemanticVariant
U+6D29	洩	23986	U+6E2B	渫	2898	8.277	kSemanticVariant
U+6A5F	機	232005	U+673A	机	2867	80.923	kSemanticVariant,kSimplifiedVariant,kTraditionalVariant
U+60B6	悶	27143	U+61E3	懣	2859	9.494	kSemanticVariant
U+96DD	雝	6386	U+5EF1	廱	2855	2.237	kSemanticVariant
U+85C9	藉	67168	U+8024	耤	2844	23.617	kSemanticVariant
U+59E5	姥	6342	U+59C6	姆	2830	2.241	kSemanticVariant,kSpecializedSemanticVariant
U+6635	昵	5473	U+66B1	暱	2828	1.935	kSemanticVariant
U+8F3F	輿	116282	U+8F5D	轝	2820	41.235	kSemanticVariant
U+85DD	藝	74610	U+84FA	蓺	2811	26.542	kSemanticVariant
U+57F6	埶	4689	U+84FA	蓺	2811	1.668	kSemanticVariant
U+87BA	螺	15871	U+8803	蠃	2805	5.658	kSemanticVariant
U+7926	礦	5727	U+945B	鑛	2799	2.046	kSemanticVariant
U+842C	萬	1184270	U+534D	卍	2784	425.384	kSemanticVariant
U+4E07	万	7074	U+534D	卍	2784	2.541	kSemanticVariant
U+5751	坑	23487	U+962C	阬	2782	8.442	kSemanticVariant
U+50F9	價	68092	U+4EF7	价	2763	24.644	kSimplifiedVariant,kTraditionalVariant
U+75FE	痾	3463	U+75B4	疴	2730	1.268	kSemanticVariant,kSimplifiedVariant,kTraditionalVariant
U+78C1	磁	10710	U+74F7	瓷	2727	3.927	kSemanticVariant
U+6DC0	淀	3449	U+6FB1	澱	2721	1.268	kSimplifiedVariant,kTraditionalVariant
U+4E7E	乾	375465	U+4E81	亁	2708	138.650	kSemanticVariant,kSpecializedSemanticVariant
U+7E1F	縟	4047	U+6EBD	溽	2708	1.494	kSemanticVariant
U+7F4C	罌	3214	U+7F43	罃	2698	1.191	kSemanticVariant
U+5091	傑	51417	U+6770	杰	2659	19.337	kSemanticVariant,kSimplifiedVariant,kTraditionalVariant
U+6C23	氣	872021	U+6C14	气	2643	329.936	kSimplifiedVariant,kTraditionalVariant
U+9069	適	209229	U+9002	适	2639	79.283	kSimplifiedVariant,kTraditionalVariant
U+563B	嘻	8899	U+54A5	咥	2632	3.381	kSpecializedSemanticVariant
U+78DA	磚	7074	U+587C	塼	2626	2.694	kSemanticVariant
U+7C65	籥	14440	U+9FA0	龠	2625	5.501	kSemanticVariant
U+677E	松	219712	U+9B06	鬆	2611	84.149	kSimplifiedVariant,kTraditionalVariant
U+62CF	拏	26355	U+62FF	拿	2611	10.094	kSemanticVariant
U+6310	挐	3470	U+62FF	拿	2611	1.329	kSemanticVariant
U+7156	煖	20711	U+8AFC	諼	2602	7.960	kSpecializedSemanticVariant
U+75B8	疸	3103	U+7649	癉	2591	1.198	kSemanticVariant
U+67F3	柳	70510	U+6A89	檉	2538	27.782	kSemanticVariant
U+756B	畫	296756	U+753B	画	2498	118.797	kSemanticVariant,kSimplifiedVariant,kSpecializedSemanticVariant,kTraditionalVariant
U+87FB	蟻	20249	U+8798	螘	2473	8.188	kSemanticVariant
U+5649	噉	13043	U+5557	啗	2455	5.313	kSemanticVariant
U+5556	啖	11405	U+5557	啗	2455	4.646	kSemanticVariant
U+8766	蝦	11988	U+9C15	鰕	2411	4.972	kSemanticVariant,kSpecializedSemanticVariant
U+9D06	鴆	5200	U+9156	酖	2404	2.163	kSemanticVariant
U+79CB	秋	718145	U+97A6	鞦	2396	299.727	kSimplifiedVariant,kTraditionalVariant
U+91AB	醫	86495	U+6BC9	毉	2368	36.527	kSpecializedSemanticVariant
U+6736	朶	11997	U+6735	朵	2357	5.090	kSemanticVariant,kSpecializedSemanticVariant
U+6DF9	淹	46934	U+6E30	渰	2353	19.946	kSemanticVariant
U+84A8	蒨	4292	U+831C	茜	2342	1.833	kSemanticVariant
U+7C23	簣	3180	U+8562	蕢	2333	1.363	kSemanticVariant
U+8F26	輦	31981	U+895C	襜	2318	13.797	kSpecializedSemanticVariant
U+9F67	齧	10077	U+56D3	囓	2301	4.379	kSemanticVariant,kSpecializedSemanticVariant
U+9912	餒	7506	U+9927	餧	2299	3.265	kSemanticVariant,kSpecializedSemanticVariant
U+671B	望	485338	U+6722	朢	2254	215.323	kSemanticVariant
U+8E8B	躋	17041	U+96AE	隮	2252	7.567	kSemanticVariant
U+8836	蠶	37674	U+8695	蚕	2248	16.759	kSemanticVariant,kSimplifiedVariant,kTraditionalVariant
U+5A18	娘	13056	U+5B43	孃	2248	5.808	kSemanticVariant
U+9AD4	體	612893	U+4F53	体	2237	273.980	kSemanticVariant,kSimplifiedVariant,kTraditionalVariant
U+865F	號	331729	U+53F7	号	2234	148.491	kSemanticVariant,kSimplifiedVariant,kSpecializedSemanticVariant,kTraditionalVariant
U+767B	登	308021	U+8C4B	豋	2210	139.376	kSemanticVariant
U+5F77	彷	9842	U+5FAC	徬	2194	4.486	kSemanticVariant
U+8E76	蹶	8403	U+8E77	蹷	2183	3.849	kSpecializedSemanticVariant
U+96C7	雇	7192	U+50F1	僱	2172	3.311	kSemanticVariant
U+5288	劈	7622	U+64D7	擗	2171	3.511	kSemanticVariant
U+860B	蘋	15043	U+82F9	苹	2167	6.942	kSimplifiedVariant,kTraditionalVariant
U+7483	璃	20684	U+74C8	瓈	2158	9.585	kSemanticVariant
U+6C59	汙	23292	U+6D3F	洿	2148	10.844	kSemanticVariant
U+5411	向	489760	U+66CF	曏	2135	229.396	kSimplifiedVariant,kTraditionalVariant
U+4E95	井	164016	U+4E3C	丼	2131	76.967	kSpecializedSemanticVariant
U+68F9	棹	18244	U+684C	桌	2130	8.565	kSemanticVariant,kSpecializedSemanticVariant
U+76DE	盞	37759	U+9186	醆	2128	17.744	kSemanticVariant
U+7B8E	箎	3289	U+7BEA	篪	2128	1.546	kSemanticVariant
U+79B4	禴	3573	U+793F	礿	2124	1.682	kSemanticVariant
U+83A9	莩	2284	U+6B8D	殍	2115	1.080	kSpecializedSemanticVariant
U+548C	和	828497	U+9FA2	龢	2070	400.240	kSemanticVariant,kSpecializedSemanticVariant
U+9DE9	鷩	2285	U+6C05	氅	2057	1.111	kSemanticVariant
U+8A75	詵	8894	U+4F81	侁	2030	4.381	kSemanticVariant
U+58DE	壞	108762	U+574F	坏	2016	53.949	kSimplifiedVariant,kTraditionalVariant
U+5864	塤	4726	U+58CE	壎	2012	2.349	kSemanticVariant
U+8DD6	跖	4693	U+8E60	蹠	2011	2.334	kSemanticVariant
U+5DC9	巉	4739	U+5D84	嶄	1998	2.372	kSemanticVariant
U+695E	楞	29253	U+68F1	棱	1979	14.782	kSemanticVariant
U+7A1C	稜	19406	U+68F1	棱	1979	9.806	kSemanticVariant
U+5FE4	忤	20282	U+8FD5	迕	1966	10.316	kSemanticVariant
U+7515	甕	18710	U+7F4B	罋	1960	9.546	kSemanticVariant
U+74EE	瓮	3487	U+7F4B	罋	1960	1.779	kSemanticVariant
U+7693	皓	27699	U+769D	皝	1956	14.161	kSemanticVariant
U+9865	顥	9442	U+769D	皝	1956	4.827	kSemanticVariant
U+78BA	確	30818	U+786E	确	1950	15.804	kSimplifiedVariant,kTraditionalVariant
U+9436	鐶	2654	U+9370	鍰	1947	1.363	kSemanticVariant
U+5343	千	1045302	U+97C6	韆	1943	537.984	kSimplifiedVariant,kTraditionalVariant
U+80ED	胭	2195	U+81D9	臙	1937	1.133	kSemanticVariant
U+59B9	妹	31717	U+59BA	妺	1925	16.476	kSpoofingVariant
U+7AAA	窪	5060	U+6D3C	洼	1903	2.659	kSimplifiedVariant,kTraditionalVariant
U+555C	啜	7351	U+6B60	歠	1898	3.873	kSemanticVariant
U+6190	憐	81358	U+601C	怜	1883	43.207	kSimplifiedVariant,kTraditionalVariant
U+6597	斗	160010	U+9B25	鬥	1852	86.398	kSimplifiedVariant,kTraditionalVariant
U+80C4	胄	27661	U+54AE	咮	1812	15.265	kSpecializedSemanticVariant
U+8EAD	躭	7216	U+7708	眈	1809	3.989	kSemanticVariant
U+9191	醑	2116	U+6E51	湑	1801	1.175	kSpecializedSemanticVariant
U+7F4C	罌	3214	U+7516	甖	1795	1.791	kSemanticVariant
U+7F43	罃	2698	U+7516	甖	1795	1.503	kSemanticVariant
U+866C	虬	10033	U+86AA	蚪	1785	5.621	kSemanticVariant
U+6F13	漓	7041	U+7055	灕	1778	3.960	kSimplifiedVariant,kTraditionalVariant
U+88F8	裸	5399	U+81DD	臝	1762	3.064	kSemanticVariant
U+51AC	冬	260253	U+9F15	鼕	1752	148.546	kSimplifiedVariant,kTraditionalVariant
U+4F60	你	50846	U+59B3	妳	1739	29.239	kSpecializedSemanticVariant
U+97DC	韜	20163	U+5F22	弢	1733	11.635	kSemanticVariant
U+540C	同	1573689	U+8855	衕	1732	908.596	kSimplifiedVariant,kTraditionalVariant
U+9909	餉	34733	U+995F	饟	1708	20.335	kSemanticVariant
U+8E26	踦	1684	U+7284	犄	1679	1.003	kSpecializedSemanticVariant
U+8C78	豸	5412	U+5ECC	廌	1665	3.250	kSemanticVariant
U+874E	蝎	5840	U+880D	蠍	1648	3.544	kSemanticVariant
U+7274	牴	2206	U+89DD	觝	1627	1.356	kSemanticVariant,kSpecializedSemanticVariant
U+77AA	瞪	2475	U+77A0	瞠	1619	1.529	kSemanticVariant
U+7E45	繅	6023	U+7E70	繰	1612	3.736	kSemanticVariant
U+5D19	崙	20459	U+4F96	侖	1608	12.723	kSemanticVariant
U+7D45	絅	1811	U+8927	褧	1600	1.132	kSemanticVariant
U+96D9	雙	171081	U+53CC	双	1573	108.761	kSemanticVariant,kSimplifiedVariant,kSpecializedSemanticVariant,kTraditionalVariant
U+870B	蜋	2462	U+8782	螂	1548	1.590	kSemanticVariant,kSpecializedSemanticVariant
U+61DF	懟	2428	U+619D	憝	1546	1.571	kSemanticVariant
U+8A6C	詬	5026	U+5474	呴	1541	3.262	kSpecializedSemanticVariant
U+8514	蔔	4960	U+83D4	菔	1535	3.231	kSemanticVariant
U+5F91	徑	125142	U+4FD3	俓	1521	82.276	kSemanticVariant
U+52C1	勁	30586	U+4FD3	俓	1521	20.109	kSpecializedSemanticVariant
U+7381	玁	2559	U+736B	獫	1513	1.691	kSemanticVariant
U+80E1	胡	268651	U+885A	衚	1495	179.700	kSimplifiedVariant,kTraditionalVariant
U+70AE	炮	19947	U+70B0	炰	1492	13.369	kSemanticVariant,kSpecializedSemanticVariant
U+80B4	肴	6751	U+991A	餚	1484	4.549	kSemanticVariant,kSimplifiedVariant,kTraditionalVariant
U+8332	茲	31640	U+7386	玆	1483	21.335	kSemanticVariant
U+91D0	釐	74312	U+5398	厘	1477	50.313	kSemanticVariant,kSimplifiedVariant,kTraditionalVariant
U+725F	牟	38653	U+9EB0	麰	1446	26.731	kSemanticVariant
U+5E06	帆	24467	U+98BF	颿	1446	16.920	kSemanticVariant
U+9179	酹	5081	U+5121	儡	1438	3.533	kSpecializedSemanticVariant
U+66A0	暠	3983	U+769C	皜	1426	2.793	kSemanticVariant
U+8776	蝶	22240	U+8728	蜨	1415	15.717	kSemanticVariant,kSpecializedSemanticVariant
U+9EBB	麻	113015	U+8534	蔴	1400	80.725	kSemanticVariant,kSpecializedSemanticVariant
U+76E9	盩	3338	U+76ED	盭	1389	2.403	kSemanticVariant
U+72B4	犴	2277	U+8C7B	豻	1389	1.639	kSemanticVariant
U+7B1B	笛	29878	U+7BF4	篴	1388	21.526	kSemanticVariant
U+87CA	蟊	2171	U+8765	蝥	1387	1.565	kSemanticVariant
U+7FB6	羶	4401	U+81BB	膻	1373	3.205	kSpecializedSemanticVariant
U+67C1	柁	2577	U+8235	舵	1370	1.881	kSemanticVariant
U+627C	扼	12920	U+6424	搤	1368	9.444	kSemanticVariant
U+6F3E	漾	12799	U+7001	瀁	1364	9.383	kSemanticVariant
U+7DB2	網	60588	U+7F51	网	1350	44.880	kSimplifiedVariant,kTraditionalVariant
U+7F54	罔	60224	U+7F51	网	1350	44.610	kSemanticVariant
U+574F	坏	2016	U+576F	坯	1349	1.494	kSemanticVariant,kSpecializedSemanticVariant
U+8212	舒	102011	U+6474	摴	1343	75.958	kSpecializedSemanticVariant
U+83CC	菌	6297	U+6EFE	滾	1331	4.731	kSpecializedSemanticVariant
U+5E1A	帚	5522	U+7B92	箒	1327	4.161	kSemanticVariant,kSpecializedSemanticVariant
U+83CC	菌	6297	U+8548	蕈	1324	4.756	kSemanticVariant
U+6108	愈	167741	U+7609	瘉	1304	128.636	kSpecializedSemanticVariant
U+5206	分	1470523	U+4EFD	份	1296	1134.663	kSpecializedSemanticVariant
U+6A9F	檟	2360	U+659D	斝	1288	1.832	kSpecializedSemanticVariant
U+87B3	螳	2541	U+8797	螗	1275	1.993	kSemanticVariant
U+7D5B	絛	3134	U+7E1A	縚	1273	2.462	kSemanticVariant
U+77F0	矰	2258	U+8E6D	蹭	1260	1.792	kSpecializedSemanticVariant
U+52DE	勞	241699	U+52B3	劳	1239	195.076	kSimplifiedVariant,kSpecializedSemanticVariant,kTraditionalVariant
U+7C2B	簫	28137	U+7BBE	箾	1230	22.876	kSemanticVariant
U+85E5	藥	285991	U+846F	葯	1226	233.272	kSemanticVariant
U+6710	朐	4096	U+9D1D	鴝	1226	3.341	kSemanticVariant
U+5AE9	嫩	10601	U+5AF0	嫰	1215	8.725	kSpecializedSemanticVariant
U+75FA	痺	14359	U+75F9	痹	1213	11.838	kSemanticVariant
U+83EF	華	621288	U+8550	蕐	1210	513.461	kSpecializedSemanticVariant
U+51AA	冪	3841	U+9F0F	鼏	1185	3.241	kSemanticVariant
U+8655	處	1176071	U+51E6	処	1184	993.303	kSemanticVariant,kSpecializedSemanticVariant
U+67D0	某	301576	U+53B6	厶	1178	256.007	kSemanticVariant,kSpecializedSemanticVariant
U+7C3E	簾	48979	U+5E18	帘	1176	41.649	kSimplifiedVariant,kTraditionalVariant
U+9688	隈	6112	U+504E	偎	1164	5.251	kSpecializedSemanticVariant
U+96DD	雝	6386	U+7C0C	簌	1147	5.568	kSemanticVariant
U+6BBB	殻	19796	U+6BBC	殼	1122	17.643	kSpecializedSemanticVariant
U+5C07	將	1148111	U+757A	畺	1121	1024.185	kSpecializedSemanticVariant
U+5152	兒	218009	U+513F	儿	1114	195.699	kSimplifiedVariant,kTraditionalVariant
U+97DE	韞	4193	U+7E15	縕	1111	3.774	kSpecializedSemanticVariant
U+7526	甦	5413	U+7A4C	穌	1110	4.877	kSemanticVariant
U+96DB	雛	12134	U+9DB5	鶵	1101	11.021	kSemanticVariant
U+8FE4	迤	17405	U+8FC6	迆	1098	15.852	kSpecializedSemanticVariant
U+85E4	藤	33101	U+7C50	籐	1085	30.508	kSemanticVariant
U+7A96	窖	3353	U+7A8C	窌	1067	3.142	kSemanticVariant
U+7C97	粗	37633	U+89D5	觕	1053	35.739	kSemanticVariant
U+9EA4	麤	31850	U+89D5	觕	1053	30.247	kSemanticVariant
U+6881	梁	358210	U+6A11	樑	1041	344.102	kSemanticVariant
U+96BC	隼	7339	U+9D7B	鵻	1036	7.084	kSemanticVariant
U+542B	含	142034	U+5505	唅	1021	139.113	kSpecializedSemanticVariant
U+6746	杆	2391	U+687F	桿	1019	2.346	kSimplifiedVariant,kTraditionalVariant
U+76BA	皺	5053	U+7E10	縐	1008	5.013	kSemanticVariant
U+754E	畎	7002	U+753D	甽	994	7.044	kSemanticVariant
U+5B0C	嬌	17790	U+649F	撟	976	18.227	kSemanticVariant
U+574E	坎	76626	U+57F3	埳	965	79.405	kSemanticVariant
U+8D10	贐	1344	U+8CEE	賮	963	1.396	kSemanticVariant
U+7827	砧	6498	U+78AA	碪	962	6.755	kSemanticVariant
U+5D0E	崎	2764	U+7895	碕	959	2.882	kSemanticVariant
U+5275	創	53792	U+5259	剙	953	56.445	kSpecializedSemanticVariant
U+9364	鍤	3369	U+81FF	臿	941	3.580	kSemanticVariant
U+807D	聽	273420	U+542C	听	940	290.872	kSemanticVariant,kSimplifiedVariant,kSpecializedSemanticVariant,kTraditionalVariant
U+6939	椹	3424	U+845A	葚	931	3.678	kSemanticVariant
U+80C4	胄	27661	U+4F37	伷	925	29.904	kSemanticVariant,kSpecializedSemanticVariant
U+7058	灘	25943	U+6F6C	潬	925	28.046	kSemanticVariant
U+718F	熏	42433	U+71FB	燻	919	46.173	kSemanticVariant
U+7C28	簨	1413	U+6812	栒	900	1.570	kSemanticVariant
U+8D0B	贋	1302	U+8D17	贗	897	1.452	kSemanticVariant
U+9927	餧	2299	U+5582	喂	896	2.566	kSemanticVariant,kSpecializedSemanticVariant
U+63AC	掬	6125	U+530A	匊	893	6.859	kSemanticVariant
U+4E15	丕	26666	U+4EF3	仳	890	29.962	kSpecializedSemanticVariant
U+82B1	花	607473	U+8624	蘤	889	683.322	kSemanticVariant
U+5382	厂	2066	U+5EE0	廠	883	2.340	kSimplifiedVariant,kTraditionalVariant
U+8208	興	609624	U+34B7	㒷	881	691.968	kSemanticVariant,kSpecializedSemanticVariant
U+8892	袒	16566	U+8962	襢	879	18.846	kSemanticVariant
U+5AFB	嫻	1379	U+5AFA	嫺	871	1.583	kSemanticVariant
U+7246	牆	36768	U+5EE7	廧	868	42.359	kSemanticVariant
U+58BB	墻	27824	U+5EE7	廧	868	32.055	kSemanticVariant
U+8693	蚓	5182	U+87BE	螾	861	6.019	kSemanticVariant
U+8511	蔑	15872	U+884A	衊	855	18.564	kSimplifiedVariant,kTraditionalVariant
U+887F	衿	8626	U+7D1F	紟	855	10.089	kSemanticVariant
U+85AF	薯	1653	U+85F7	藷	849	1.947	kSemanticVariant
U+5674	噴	9578	U+6B55	歕	842	11.375	kSemanticVariant
U+5446	呆	1085	U+7343	獃	823	1.318	kSemanticVariant,kSpecializedSemanticVariant
U+8010	耐	12978	U+800F	耏	810	16.022	kSemanticVariant
U+8815	蠕	7416	U+8761	蝡	809	9.167	kSemanticVariant
U+7BC0	節	591020	U+5369	卩	806	733.275	kSpecializedSemanticVariant
U+69CE	槎	12686	U+6942	楂	795	15.957	kSemanticVariant
U+6747	杇	868	U+572C	圬	794	1.093	kSemanticVariant
U+4E18	丘	350940	U+5775	坵	789	444.791	kSemanticVariant
U+7BE9	篩	9625	U+7C01	簁	786	12.246	kSemanticVariant
U+6710	朐	4096	U+80CA	胊	749	5.469	kSpoofingVariant
U+83D1	菑	10052	U+753E	甾	745	13.493	kSemanticVariant
U+66B4	暴	98319	U+8663	虣	733	134.132	kSemanticVariant
U+64E1	擡	3614	U+62AC	抬	731	4.944	kSemanticVariant,kSpecializedSemanticVariant
U+59B3	妳	1739	U+5B2D	嬭	720	2.415	kSemanticVariant
U+8653	虓	1897	U+552C	唬	715	2.653	kSemanticVariant
U+95BB	閻	39595	U+9586	閆	707	56.004	kSemanticVariant
U+9162	酢	16284	U+69A8	榨	683	23.842	kSpecializedSemanticVariant
U+87AE	螮	1035	U+8743	蝃	673	1.538	kSemanticVariant
U+78FD	磽	2441	U+589D	墝	664	3.676	kSemanticVariant
U+78CA	磊	9446	U+78E5	磥	662	14.269	kSemanticVariant
U+5916	外	1077115	U+8200	舀	660	1631.992	kSpecializedSemanticVariant
U+89BA	覺	410775	U+658D	斍	657	625.228	kSpecializedSemanticVariant
U+8698	蚘	1514	U+86D4	蛔	656	2.308	kSemanticVariant
U+85DC	藜	17721	U+853E	蔾	655	27.055	kSemanticVariant
U+6C84	沄	2192	U+6F90	澐	654	3.352	kSimplifiedVariant,kTraditionalVariant
U+942B	鐫	12274	U+9474	鑴	653	18.796	kSemanticVariant
U+88B7	袷	1655	U+88CC	裌	649	2.550	kSemanticVariant
U+54F2	哲	51912	U+608A	悊	646	80.359	kSemanticVariant
U+938C	鎌	1619	U+942E	鐮	638	2.538	kSemanticVariant
U+854E	蕎	1931	U+834D	荍	637	3.031	kSemanticVariant
U+5BE7	寧	308609	U+5BCD	寍	635	485.998	kSemanticVariant
U+80E1	胡	268651	U+9B0D	鬍	629	427.108	kSimplifiedVariant,kTraditionalVariant
U+79B1	禱	41347	U+7982	禂	629	65.734	kSemanticVariant
U+75B9	疹	6796	U+80D7	胗	626	10.856	kSemanticVariant
U+79C9	秉	62341	U+62FC	拼	619	100.712	kSpecializedSemanticVariant
U+7AB6	窶	3913	U+5BE0	寠	619	6.321	kSemanticVariant,kSpecializedSemanticVariant
U+80CC	背	129286	U+7D63	絣	613	210.907	kSpecializedSemanticVariant
U+716C	煬	13485	U+70CA	烊	605	22.289	kSemanticVariant
U+8D95	趕	3466	U+8D76	赶	603	5.748	kSemanticVariant,kSimplifiedVariant,kTraditionalVariant
U+6DF9	淹	46934	U+6DCA	淊	598	78.485	kSpecializedSemanticVariant
U+5D0E	崎	2764	U+57FC	埼	598	4.622	kSemanticVariant
U+7895	碕	959	U+57FC	埼	598	1.604	kSemanticVariant
U+6F06	漆	38607	U+687C	桼	596	64.777	kSemanticVariant
U+8A75	詵	8894	U+99EA	駪	592	15.024	kSemanticVariant
U+4F81	侁	2030	U+99EA	駪	592	3.429	kSemanticVariant
U+9628	阨	6468	U+5443	呃	564	11.468	kSpecializedSemanticVariant
U+6700	最	242597	U+51A3	冣	560	433.209	kSpecializedSemanticVariant
U+805A	聚	196965	U+51A3	冣	560	351.723	kSpecializedSemanticVariant
U+70DC	烜	4093	U+6645	晅	556	7.362	kSemanticVariant
U+6713	朓	7027	U+8101	脁	555	12.661	kSpoofingVariant
U+5E78	幸	224234	U+56DF	囟	547	409.934	kSpecializedSemanticVariant
U+5016	倖	17472	U+56DF	囟	547	31.941	kSpecializedSemanticVariant
U+5FA9	復	1338222	U+590D	复	546	2450.956	kSimplifiedVariant,kTraditionalVariant
U+8986	覆	199425	U+590D	复	546	365.247	kSimplifiedVariant,kTraditionalVariant
U+8907	複	16856	U+590D	复	546	30.872	kSimplifiedVariant,kTraditionalVariant
U+59B3	妳	1739	U+5976	奶	538	3.232	kSemanticVariant
U+5B2D	嬭	720	U+5976	奶	538	1.338	kSemanticVariant,kSpecializedSemanticVariant
U+6AC3	櫃	3313	U+67DC	柜	537	6.169	kSemanticVariant,kSimplifiedVariant,kTraditionalVariant
U+6E89	溉	19601	U+6461	摡	536	36.569	kSemanticVariant
U+7F38	缸	4043	U+5808	堈	536	7.543	kSemanticVariant
U+6241	扁	31129	U+8251	艑	525	59.293	kSpecializedSemanticVariant
U+752C	甬	5223	U+57C7	埇	523	9.987	kSemanticVariant
U+7E2D	縭	580	U+8935	褵	521	1.113	kSemanticVariant
U+626F	扯	1061	U+64A6	撦	519	2.044	kSemanticVariant
U+67C2	柂	1467	U+675D	杝	517	2.838	kSemanticVariant
U+7D5D	絝	625	U+8932	褲	516	1.211	kSemanticVariant
U+68D0	棐	4935	U+69A7	榧	512	9.639	kSemanticVariant
U+73AB	玫	2868	U+739F	玟	502	5.713	kSemanticVariant
U+7672	癲	3658	U+7628	瘨	501	7.301	kSemanticVariant
U+5501	唁	3008	U+55AD	喭	498	6.040	kSemanticVariant
U+72F7	狷	3436	U+7367	獧	497	6.913	kSemanticVariant
U+5249	剉	26300	U+92BC	銼	496	53.024	kSpecializedSemanticVariant
U+69CC	槌	6950	U+68F0	棰	496	14.012	kSemanticVariant
U+8AC9	諉	4486	U+9935	餵	493	9.099	kSemanticVariant
U+5582	喂	896	U+9935	餵	493	1.817	kSpecializedSemanticVariant
U+992B	餫	568	U+991B	餛	490	1.159	kSemanticVariant
U+53EA	只	239618	U+8879	衹	488	491.020	kSimplifiedVariant,kTraditionalVariant
U+6577	敷	76369	U+5C03	尃	486	157.138	kSemanticVariant
U+5343	千	1045302	U+4EDF	仟	484	2159.715	kSemanticVariant,kSpecializedSemanticVariant
U+9621	阡	11069	U+4EDF	仟	484	22.870	kSemanticVariant
U+963F	阿	395819	U+554A	啊	482	821.201	kSpecializedSemanticVariant
U+5918	夘	31718	U+5917	夗	478	66.356	kSpecializedSemanticVariant
U+5FAD	徭	10554	U+509C	傜	477	22.126	kSemanticVariant
U+97FF	響	63209	U+54CD	响	468	135.062	kSemanticVariant,kSimplifiedVariant,kTraditionalVariant
U+5275	創	53792	U+6227	戧	461	116.685	kSemanticVariant
U+6A9F	檟	2360	U+698E	榎	461	5.119	kSemanticVariant
U+6DDC	淜	484	U+6F30	漰	460	1.052	kSemanticVariant
U+65CB	旋	105742	U+93C7	鏇	458	230.878	kSimplifiedVariant,kTraditionalVariant
U+5284	劄	37521	U+5273	剳	450	83.380	kSemanticVariant,kSpecializedSemanticVariant
U+574C	坌	3069	U+574B	坋	450	6.820	kSemanticVariant
U+642D	搭	5617	U+6498	撘	448	12.538	kSemanticVariant
U+859F	薟	463	U+861E	蘞	444	1.043	kSemanticVariant
U+64D4	擔	24412	U+62C5	担	443	55.106	kSemanticVariant,kSimplifiedVariant,kSpecializedSemanticVariant,kTraditionalVariant
U+8711	蜑	1168	U+86CB	蛋	441	2.649	kSemanticVariant
U+80D4	胔	1260	U+9AB4	骴	437	2.883	kSemanticVariant
U+947D	鑽	7823	U+9246	鉆	436	17.943	kSemanticVariant
U+9257	鉗	6750	U+9246	鉆	436	15.482	kSemanticVariant
U+64A3	撣	457	U+64A2	撢	436	1.048	kSpecializedSemanticVariant
U+9F8D	龍	637133	U+7ADC	竜	435	1464.674	kSpecializedSemanticVariant
U+9B05	鬅	514	U+9AFC	髼	428	1.201	kSemanticVariant
U+8017	耗	28617	U+79CF	秏	426	67.176	kSemanticVariant
U+9DC3	鷃	2864	U+9D33	鴳	422	6.787	kSemanticVariant
U+5305	包	71017	U+52F9	勹	420	169.088	kSemanticVariant
U+9463	鑣	4812	U+93E2	鏢	415	11.595	kSemanticVariant
U+905C	遜	46679	U+613B	愻	414	112.751	kSemanticVariant
U+7E8A	纊	5814	U+7D56	絖	408	14.250	kSemanticVariant,kSpecializedSemanticVariant
U+6F8C	澌	2938	U+51D8	凘	405	7.254	kSpoofingVariant
U+6346	捆	652	U+7D91	綑	405	1.610	kSemanticVariant
U+6E1A	渚	35620	U+967C	陼	404	88.168	kSemanticVariant
U+5275	創	53792	U+5231	刱	402	133.811	kSemanticVariant
U+566A	噪	7132	U+55BF	喿	387	18.429	kSemanticVariant
U+6200	戀	31056	U+604B	恋	385	80.665	kSemanticVariant,kSimplifiedVariant,kSpecializedSemanticVariant,kTraditionalVariant
U+6BBC	殼	1122	U+58F3	壳	382	2.937	kSimplifiedVariant,kSpecializedSemanticVariant,kTraditionalVariant
U+5283	劃	5286	U+5212	划	381	13.874	kSimplifiedVariant,kSpecializedSemanticVariant,kTraditionalVariant
U+5819	堙	4987	U+5794	垔	381	13.089	kSemanticVariant
U+79FB	移	212083	U+8FFB	迻	379	559.586	kSemanticVariant
U+8393	莓	3929	U+82FA	苺	374	10.505	kSemanticVariant
U+8721	蜡	6490	U+410D	䄍	371	17.493	kSemanticVariant,kSpecializedSemanticVariant
U+925E	鉞	20514	U+6209	戉	368	55.745	kSemanticVariant
U+5CA8	岨	1099	U+7820	砠	367	2.995	kSemanticVariant
U+6AFB	櫻	8741	U+8621	蘡	364	24.014	kSpecializedSemanticVariant
U+9709	霉	395	U+9EF4	黴	364	1.085	kSimplifiedVariant,kTraditionalVariant
U+96E3	難	724295	U+96BE	难	363	1995.303	kSemanticVariant,kSimplifiedVariant,kSpecializedSemanticVariant,kTraditionalVariant
U+733F	猿	30805	U+876F	蝯	361	85.332	kSemanticVariant
U+6FD8	濘	2126	U+6CDE	泞	353	6.023	kSimplifiedVariant,kTraditionalVariant
U+52D7	勗	4007	U+52D6	勖	352	11.384	kSemanticVariant
U+6309	按	349857	U+6435	搵	350	999.591	kSpecializedSemanticVariant
U+6B38	欸	899	U+5509	唉	345	2.606	kSemanticVariant,kSpecializedSemanticVariant
U+816B	腫	46048	U+5C30	尰	340	135.435	kSemanticVariant
U+78F4	磴	7423	U+5D9D	嶝	334	22.225	kSemanticVariant
U+767E	百	1593237	U+4F70	佰	333	4784.495	kSemanticVariant
U+56DF	囟	547	U+9856	顖	333	1.643	kSemanticVariant,kSpecializedSemanticVariant
U+9BC1	鯁	5633	U+9ABE	骾	331	17.018	kSemanticVariant,kSpecializedSemanticVariant
U+5583	喃	5314	U+8AF5	諵	330	16.103	kSemanticVariant
U+851E	蔞	5142	U+8938	褸	325	15.822	kSpecializedSemanticVariant
U+6A94	檔	1125	U+6B13	欓	316	3.560	kSemanticVariant
U+5807	堇	3984	U+83EB	菫	315	12.648	kSemanticVariant
U+8E7B	蹻	5008	U+8E7A	蹺	314	15.949	kSemanticVariant
U+81D5	臕	686	U+8198	膘	313	2.192	kSemanticVariant
U+633C	挼	2527	U+637C	捼	312	8.099	kSemanticVariant
U+91C7	采	122323	U+57F0	埰	310	394.590	kSimplifiedVariant,kTraditionalVariant
U+7159	煙	106372	U+83F8	菸	307	346.489	kSemanticVariant,kSpecializedSemanticVariant
U+70DF	烟	95854	U+83F8	菸	307	312.228	kSemanticVariant,kSpecializedSemanticVariant
U+8B41	譁	8020	U+5629	嘩	307	26.124	kSemanticVariant
U+8CC5	賅	593	U+4F85	侅	307	1.932	kSemanticVariant
U+8200	舀	660	U+628C	抌	304	2.171	kSemanticVariant
U+4F60	你	50846	U+60A8	您	296	171.777	kSpecializedSemanticVariant
U+59B3	妳	1739	U+60A8	您	296	5.875	kSpecializedSemanticVariant
U+5319	匙	6524	U+9349	鍉	294	22.190	kSemanticVariant
U+57FA	基	75237	U+628D	抍	290	259.438	kSpecializedSemanticVariant
U+4ED6	他	456944	U+5979	她	289	1581.121	kSemanticVariant
U+8F55	轕	1034	U+8F35	輵	288	3.590	kSemanticVariant
U+8EDB	軛	2751	U+8EF6	軶	287	9.585	kSemanticVariant
U+83F0	菰	7053	U+83C7	菇	283	24.922	kSemanticVariant
U+6CE5	泥	112855	U+576D	坭	279	404.498	kSemanticVariant,kSpecializedSemanticVariant
U+61E5	懥	652	U+61EB	懫	276	2.362	kSemanticVariant
U+5349	卉	12237	U+8294	芔	274	44.661	kSemanticVariant
U+64CB	擋	275	U+6529	攩	274	1.004	kSemanticVariant
U+82B8	芸	11105	U+8553	蕓	273	40.678	kSimplifiedVariant,kTraditionalVariant
U+768B	皋	8258	U+777E	睾	271	30.472	kSemanticVariant
U+9139	鄹	462	U+90F0	郰	271	1.705	kSemanticVariant
U+9D59	鵙	1137	U+9D03	鴃	270	4.211	kSemanticVariant
U+81CF	臏	2300	U+9AD5	髕	267	8.614	kSemanticVariant
U+53F0	台	86079	U+98B1	颱	264	326.057	kSimplifiedVariant,kTraditionalVariant
U+5331	匱	22422	U+6A3B	樻	264	84.932	kSemanticVariant
U+6AC3	櫃	3313	U+6A3B	樻	264	12.549	kSemanticVariant
U+870D	蜍	3036	U+8829	蠩	264	11.500	kSemanticVariant
U+51B0	冰	48820	U+51AB	冫	263	185.627	kSemanticVariant
U+552C	唬	715	U+8AD5	諕	263	2.719	kSemanticVariant
U+9580	門	1329136	U+95E8	门	261	5092.475	kSemanticVariant,kSimplifiedVariant,kSpecializedSemanticVariant,kTraditionalVariant
U+66C6	曆	10399	U+53A4	厤	259	40.151	kSemanticVariant
U+8499	蒙	115670	U+61DE	懞	258	448.333	kSimplifiedVariant,kTraditionalVariant
U+918A	醊	575	U+991F	餟	258	2.229	kSemanticVariant
U+995E	饞	1361	U+56B5	嚵	257	5.296	kSemanticVariant
U+6965	楥	315	U+6966	楦	257	1.226	kSemanticVariant
U+6BC9	毉	2368	U+747F	瑿	255	9.286	kSpecializedSemanticVariant
U+6C8D	沍	2609	U+51B1	冱	254	10.272	kSemanticVariant
U+62FC	拼	619	U+6452	摒	252	2.456	kSemanticVariant
U+60F1	惱	141553	U+5B32	嬲	250	566.212	kSpecializedSemanticVariant
U+8019	耙	755	U+9200	鈀	249	3.032	kSemanticVariant
U+6182	憂	249490	U+61EE	懮	248	1006.008	kSpecializedSemanticVariant
U+93D0	鏐	4388	U+938F	鎏	245	17.910	kSemanticVariant
U+8E3D	踽	1615	U+504A	偊	244	6.619	kSemanticVariant
U+86A1	蚡	3082	U+9F22	鼢	243	12.683	kSemanticVariant
U+896F	襯	4498	U+512D	儭	238	18.899	kSemanticVariant
U+97C1	韁	1725	U+7E6E	繮	234	7.372	kSemanticVariant
U+9799	鞙	560	U+7404	琄	234	2.393	kSemanticVariant
U+5396	厖	2369	U+5EAC	庬	233	10.167	kSemanticVariant
U+91EC	釬	270	U+92B2	銲	233	1.159	kSemanticVariant
U+53EA	只	239618	U+6220	戠	232	1032.836	kSimplifiedVariant,kTraditionalVariant
U+8AE4	諤	11290	U+56EE	囮	230	49.087	kSpecializedSemanticVariant
U+9BCA	鯊	715	U+9B66	魦	230	3.109	kSemanticVariant
U+5C63	屣	7040	U+8E5D	蹝	228	30.877	kSemanticVariant
U+8406	萆	2258	U+84D6	蓖	227	9.947	kSemanticVariant
U+56C1	囁	1171	U+8B98	讘	226	5.181	kSemanticVariant
U+7B9B	箛	244	U+7B8D	箍	226	1.080	kSemanticVariant
U+9676	陶	118110	U+530B	匋	225	524.933	kSemanticVariant
U+5FA0	徠	5102	U+5008	倈	224	22.777	kSemanticVariant
U+63EB	揫	628	U+63EA	揪	224	2.804	kSemanticVariant
U+964D	降	363154	U+5905	夅	222	1635.829	kSemanticVariant,kSpecializedSemanticVariant
U+89C0	觀	920609	U+898C	覌	220	4184.586	kSemanticVariant,kSpecializedSemanticVariant
U+77B0	瞰	8710	U+77D9	矙	220	39.591	kSemanticVariant
U+8CB3	貳	58609	U+5F0D	弍	219	267.621	kSemanticVariant,kSpecializedSemanticVariant
U+7C6C	籬	26424	U+7BF1	篱	219	120.658	kSimplifiedVariant,kTraditionalVariant
U+98EB	飫	5557	U+9947	饇	218	25.491	kSemanticVariant
U+8585	薅	947	U+8320	茠	218	4.344	kSemanticVariant
U+8D84	趄	1134	U+8DD9	跙	217	5.226	kSemanticVariant,kSpecializedSemanticVariant
U+5925	夥	5637	U+4F19	伙	214	26.341	kSimplifiedVariant,kTraditionalVariant
U+6EAF	溯	4870	U+3D11	㴑	214	22.757	kSemanticVariant,kSpecializedSemanticVariant
U+6A9B	檛	661	U+7C3B	簻	211	3.133	kSemanticVariant
U+642F	搯	2193	U+638F	掏	207	10.594	kSemanticVariant
U+7814	研	73138	U+63C5	揅	206	355.039	kSemanticVariant,kSpecializedSemanticVariant
U+730B	猋	1194	U+98AE	颮	206	5.796	kSemanticVariant
U+8028	耨	29074	U+9392	鎒	202	143.931	kSemanticVariant
U+6AFA	櫺	4123	U+6B1E	欞	201	20.512	kSemanticVariant
U+8347	荇	3881	U+8395	莕	200	19.405	kSemanticVariant
U+64CA	擊	184841	U+64BD	撽	198	933.540	kSemanticVariant
U+93FD	鏽	274	U+92B9	銹	197	1.391	kSemanticVariant
U+8931	褱	447	U+8922	褢	194	2.304	kSemanticVariant
U+7384	玄	177938	U+4F2D	伭	192	926.760	kSemanticVariant
U+83EF	華	621288	U+5D0B	崋	186	3340.258	kSpecializedSemanticVariant
U+80A2	肢	19530	U+80D1	胑	186	105.000	kSemanticVariant
U+7BE6	篦	2795	U+7B13	笓	185	15.108	kSemanticVariant
U+76EA	盪	10963	U+903F	逿	184	59.582	kSpecializedSemanticVariant
U+9AAF	骯	941	U+814C	腌	182	5.170	kSpecializedSemanticVariant
U+9183	醃	720	U+814C	腌	182	3.956	kSpecializedSemanticVariant
U+5E33	帳	46780	U+8CEC	賬	180	259.889	kSemanticVariant
U+8DF3	跳	21339	U+8D92	趒	179	119.212	kSemanticVariant
U+553E	唾	17350	U+6DB6	涶	179	96.927	kSemanticVariant,kSpecializedSemanticVariant
U+7A6B	穫	12869	U+6AB4	檴	177	72.706	kSemanticVariant
U+8030	耰	1772	U+6ACC	櫌	177	10.011	kSemanticVariant
U+9394	鎔	9395	U+7194	熔	176	53.381	kSemanticVariant
U+6EC4	滄	49095	U+51D4	凔	174	282.155	kSpoofingVariant
U+7C43	籃	4733	U+7B96	箖	173	27.358	kSemanticVariant
U+8941	襁	4320	U+7E48	繈	173	24.971	kSemanticVariant
U+7E82	纂	43843	U+81C7	臇	172	254.901	kSpecializedSemanticVariant
U+8E81	躁	21650	U+8DAE	趮	172	125.872	kSemanticVariant
U+8653	虓	1897	U+7307	猇	171	11.094	kSemanticVariant
U+97CC	韌	1119	U+976D	靭	171	6.544	kSemanticVariant
U+552C	唬	715	U+7307	猇	171	4.181	kSemanticVariant
U+560D	嘍	798	U+8B31	謱	170	4.694	kSemanticVariant
U+818B	膋	1756	U+81AB	膫	169	10.391	kSemanticVariant
U+670F	朏	3015	U+80D0	胐	167	18.054	kSpoofingVariant
U+9AAF	骯	941	U+80AE	肮	165	5.703	kSimplifiedVariant,kTraditionalVariant
U+6A3D	樽	27060	U+58AB	墫	162	167.037	kSemanticVariant
U+4F60	你	50846	U+7962	祢	161	315.814	kSpecializedSemanticVariant
U+59B3	妳	1739	U+7962	祢	161	10.801	kSpecializedSemanticVariant
U+60A8	您	296	U+7962	祢	161	1.839	kSpecializedSemanticVariant
U+80EF	胯	1663	U+9ABB	骻	160	10.394	kSemanticVariant
U+8AE7	諧	27673	U+9FA4	龤	158	175.146	kSemanticVariant
U+52DD	勝	538019	U+80DC	胜	157	3426.873	kSimplifiedVariant,kTraditionalVariant
U+5D0E	崎	2764	U+966D	陭	155	17.832	kSemanticVariant
U+7160	煠	1518	U+70B8	炸	155	9.794	kSemanticVariant,kSpecializedSemanticVariant
U+7895	碕	959	U+966D	陭	155	6.187	kSemanticVariant
U+8646	虆	624	U+8502	蔂	155	4.026	kSimplifiedVariant,kTraditionalVariant
U+57FC	埼	598	U+966D	陭	155	3.858	kSemanticVariant
U+62AB	披	66709	U+34DF	㓟	154	433.175	kSpecializedSemanticVariant
U+8056	聖	898525	U+5723	圣	153	5872.712	kSemanticVariant,kSimplifiedVariant,kTraditionalVariant
U+5DBA	嶺	124397	U+5CAD	岭	153	813.052	kSimplifiedVariant,kTraditionalVariant
U+530F	匏	10289	U+74DF	瓟	153	67.248	kSemanticVariant
U+6B89	殉	11581	U+4F9A	侚	149	77.725	kSemanticVariant
U+9C29	鰩	403	U+9B5F	魟	149	2.705	kSemanticVariant
U+6BB3	殳	5045	U+6778	杸	148	34.088	kSemanticVariant
U+6975	極	477214	U+6781	极	145	3291.131	kSimplifiedVariant,kTraditionalVariant
U+524C	剌	11705	U+5DE4	巤	143	81.853	kSpecializedSemanticVariant
U+9B23	鬣	784	U+5DE4	巤	143	5.483	kSemanticVariant,kSpecializedSemanticVariant
U+5EBE	庾	50464	U+659E	斞	142	355.380	kSemanticVariant
U+5D14	崔	96727	U+78EA	磪	140	690.907	kSemanticVariant
U+8A07	訇	1146	U+6E39	渹	139	8.245	kSemanticVariant
U+6081	悁	1701	U+61C1	懁	138	12.326	kSemanticVariant
U+5369	卩	806	U+353E	㔾	138	5.841	kSemanticVariant,kSpecializedSemanticVariant
U+63A9	掩	72926	U+63DE	揞	137	532.307	kSpecializedSemanticVariant
U+51F3	凳	682	U+6AC8	櫈	134	5.090	kSemanticVariant
U+8E39	踹	317	U+8DF4	跴	133	2.383	kSemanticVariant
U+8DD0	跐	247	U+8DF4	跴	133	1.857	kSpecializedSemanticVariant
U+9F39	鼹	168	U+9F34	鼴	129	1.302	kSimplifiedVariant,kTraditionalVariant
U+55E5	嗥	250	U+568E	嚎	128	1.953	kSemanticVariant
U+60D5	惕	20872	U+6090	悐	127	164.346	kSemanticVariant
U+8A50	詐	41284	U+91A1	醡	124	332.935	kSpecializedSemanticVariant
U+5331	匱	22422	U+9400	鐀	124	180.823	kSemanticVariant
U+6AC3	櫃	3313	U+9400	鐀	124	26.718	kSemanticVariant
U+69A8	榨	683	U+91A1	醡	124	5.508	kSemanticVariant
U+5228	刨	439	U+924B	鉋	124	3.540	kSemanticVariant
U+53F0	台	86079	U+6AAF	檯	122	705.566	kSimplifiedVariant,kTraditionalVariant
U+642C	搬	3379	U+642B	搫	122	27.697	kSemanticVariant
U+5113	儓	410	U+6AAF	檯	122	3.361	kSemanticVariant
U+97CC	韌	1119	U+8095	肕	121	9.248	kSemanticVariant,kSpecializedSemanticVariant
U+968D	隍	11890	U+582D	堭	120	99.083	kSemanticVariant
U+6760	杠	2700	U+69D3	槓	118	22.881	kSemanticVariant
U+82E7	苧	5119	U+85B4	薴	116	44.129	kSimplifiedVariant,kTraditionalVariant
U+69CB	構	22314	U+6784	构	114	195.737	kSimplifiedVariant,kTraditionalVariant
U+6727	朧	3549	U+77D3	矓	112	31.688	kSpecializedSemanticVariant
U+5AF0	嫰	1215	U+5A86	媆	112	10.848	kSpecializedSemanticVariant
U+89F8	觸	126565	U+89E6	触	111	1140.225	kSimplifiedVariant,kTraditionalVariant
U+53C3	參	277136	U+8593	薓	105	2639.390	kSpecializedSemanticVariant
U+5F40	彀	3448	U+5920	夠	105	32.838	kSemanticVariant
U+632B	挫	12394	U+7E72	繲	103	120.330	kSemanticVariant
U+5FE4	忤	20282	U+554E	啎	102	198.843	kSemanticVariant
U+7864	硤	2485	U+550A	唊	101	24.604	kSemanticVariant
U+942B	鐫	12274	U+92D1	鋑	98	125.245	kSemanticVariant
U+80F3	胳	1064	U+8090	肐	98	10.857	kSemanticVariant
U+9474	鑴	653	U+92D1	鋑	98	6.663	kSemanticVariant
U+6A13	樓	226001	U+5ED4	廔	97	2329.907	kSemanticVariant
U+8B4E	譎	7191	U+61B0	憰	97	74.134	kSemanticVariant
U+5D52	嵒	3859	U+55A6	喦	97	39.784	kSpoofingVariant
U+7121	無	5290315	U+6A46	橆	96	55107.448	kSemanticVariant
U+6522	攢	8282	U+648D	撍	95	87.179	kSpecializedSemanticVariant
U+5764	坤	135832	U+5803	堃	94	1445.021	kSemanticVariant
U+5AD5	嫕	349	U+5ADB	嫛	94	3.713	kSemanticVariant
U+68B2	梲	1272	U+68F3	棳	93	13.677	kSemanticVariant
U+71A8	熨	5280	U+3DC9	㷉	92	57.391	kSemanticVariant,kSpecializedSemanticVariant
U+6718	朘	1463	U+8127	脧	92	15.902	kSpoofingVariant
U+7F75	罵	29957	U+508C	傌	91	329.198	kSemanticVariant
U+7684	的	75287	U+65F3	旳	90	836.522	kSemanticVariant
U+531C	匜	2166	U+9248	鉈	90	24.067	kSpecializedSemanticVariant
U+5DA9	嶩	90	U+65F3	旳	90	1.000	kSemanticVariant
U+9BC1	鯁	5633	U+632D	挭	89	63.292	kSemanticVariant
U+78E1	磡	363	U+5888	墈	89	4.079	kSemanticVariant
U+9ABE	骾	331	U+632D	挭	89	3.719	kSemanticVariant
U+523A	刺	231582	U+83BF	莿	87	2661.862	kSpecializedSemanticVariant
U+9688	隈	6112	U+6E28	渨	87	70.253	kSemanticVariant
U+504E	偎	1164	U+6E28	渨	87	13.379	kSpecializedSemanticVariant
U+673F	朿	726	U+83BF	莿	87	8.345	kSemanticVariant
U+5806	堆	24158	U+200A4	𠂤	86	280.907	kSpecializedSemanticVariant
U+8611	蘑	149	U+85E6	藦	81	1.840	kSemanticVariant
U+99AE	馮	74924	U+6EA4	溤	80	936.550	kSpoofingVariant
U+9998	馘	5906	U+805D	聝	79	74.759	kSemanticVariant
U+6089	悉	281732	U+6038	怸	78	3611.949	kSpecializedSemanticVariant
U+7805	砅	275	U+6FFF	濿	78	3.526	kSemanticVariant
U+6D7C	浼	1164	U+6F63	潣	77	15.117	kSemanticVariant
U+543B	吻	7650	U+5461	呡	75	102.000	kSemanticVariant
U+6777	杷	4485	U+6733	朳	74	60.608	kSemanticVariant
U+9E7C	鹼	117	U+583F	堿	74	1.581	kSemanticVariant
U+82DB	苛	15884	U+54FC	哼	72	220.611	kSpecializedSemanticVariant
U+8E4C	蹌	3969	U+7244	牄	72	55.125	kSemanticVariant
U+9F4A	齊	656786	U+658B	斋	67	9802.776	kSpecializedSemanticVariant
U+61DF	懟	2428	U+8B48	譈	67	36.239	kSemanticVariant
U+619D	憝	1546	U+8B48	譈	67	23.075	kSemanticVariant
U+61F7	懷	150438	U+600C	怌	63	2387.905	kSemanticVariant
U+70D8	烘	4291	U+7074	灴	63	68.111	kSemanticVariant
U+54B1	咱	2754	U+5592	喒	63	43.714	kSpecializedSemanticVariant
U+661D	昝	740	U+5592	喒	63	11.746	kSemanticVariant
U+652A	攪	10424	U+641E	搞	62	168.129	kSemanticVariant
U+5075	偵	4459	U+9049	遉	62	71.919	kSemanticVariant
U+4F00	伀	121	U+5F78	彸	61	1.984	kSemanticVariant
U+9248	鉈	90	U+7823	砣	60	1.500	kSemanticVariant
U+8F42	轂	19002	U+8EF2	軲	59	322.068	kSpecializedSemanticVariant
U+9631	阱	1520	U+6C6B	汫	59	25.763	kSpecializedSemanticVariant
U+615E	慞	629	U+50BD	傽	59	10.661	kSemanticVariant
U+6587	文	2313726	U+349A	㒚	58	39891.828	kSpecializedSemanticVariant
U+69D3	槓	118	U+7BE2	篢	58	2.034	kSemanticVariant
U+8431	萱	6888	U+8432	萲	56	123.000	kSemanticVariant
U+53DF	叟	34372	U+58B0	墰	54	636.519	kSpecializedSemanticVariant
U+5113	儓	410	U+67B1	枱	54	7.593	kSemanticVariant
U+7F48	罈	315	U+58B0	墰	54	5.833	kSemanticVariant,kSpecializedSemanticVariant
U+5081	傁	258	U+58B0	墰	54	4.778	kSpecializedSemanticVariant
U+6AAF	檯	122	U+67B1	枱	54	2.259	kSemanticVariant
U+5C0D	對	475008	U+5BF9	对	52	9134.769	kSemanticVariant,kSimplifiedVariant,kSpecializedSemanticVariant,kTraditionalVariant
U+9902	餂	497	U+8214	舔	51	9.745	kSemanticVariant
U+512A	優	115009	U+4F18	优	50	2300.180	kSimplifiedVariant,kTraditionalVariant
U+53A8	厨	17071	U+2228D	𢊍	50	341.420	kSemanticVariant,kSpecializedSemanticVariant
U+895C	襜	2318	U+895D	襝	50	46.360	kSemanticVariant
U+7609	瘉	1304	U+7652	癒	50	26.080	kSemanticVariant
U+668B	暋	287	U+6543	敃	50	5.740	kSemanticVariant
U+91EC	釬	270	U+710A	焊	50	5.400	kSemanticVariant
U+7BE0	篠	4833	U+7B71	筱	49	98.633	kSemanticVariant
U+5642	噂	744	U+8B50	譐	48	15.500	kSemanticVariant
U+62C8	拈	51516	U+6541	敁	47	1096.085	kSpecializedSemanticVariant
U+6382	掂	67	U+6541	敁	47	1.426	kSemanticVariant
U+51FA	出	1870646	U+9F63	齣	45	41569.911	kSimplifiedVariant,kTraditionalVariant
U+6F54	潔	60265	U+6D01	洁	45	1339.222	kSimplifiedVariant,kTraditionalVariant
U+55C9	嗉	515	U+8186	膆	43	11.977	kSemanticVariant
U+9E7C	鹼	117	U+78B1	碱	43	2.721	kSemanticVariant
U+8A25	訥	18074	U+5436	吶	42	430.333	kSemanticVariant
U+753A	町	2514	U+5722	圢	42	59.857	kSemanticVariant
U+6723	朣	346	U+81A7	膧	42	8.238	kSpoofingVariant
U+61F7	懷	150438	U+6000	怀	40	3760.950	kSemanticVariant,kSimplifiedVariant,kTraditionalVariant
U+5614	嘔	24255	U+616A	慪	40	606.375	kSpecializedSemanticVariant
U+8655	處	1176071	U+55FB	嗻	38	30949.237	kSpecializedSemanticVariant
U+75F3	痳	93	U+75F2	痲	38	2.447	kSpecializedSemanticVariant
U+64FE	擾	63007	U+6270	扰	37	1702.892	kSimplifiedVariant,kTraditionalVariant
U+88D2	裒	9372	U+9D04	鴄	37	253.297	kSpecializedSemanticVariant
U+554D	啍	588	U+5428	吨	37	15.892	kSemanticVariant
U+69CA	槊	3741	U+9399	鎙	34	110.029	kSemanticVariant
U+6298	折	182039	U+62C3	拃	33	5516.333	kSpecializedSemanticVariant
U+58B3	墳	34644	U+5746	坆	32	1082.625	kSemanticVariant,kSpecializedSemanticVariant
U+624E	扎	22676	U+7D2E	紮	31	731.484	kSemanticVariant
U+58AB	墫	162	U+58FF	壿	31	5.226	kZVariant
U+54B7	咷	2165	U+5555	啕	28	77.321	kSemanticVariant
U+87E3	蟣	1895	U+866E	虮	28	67.679	kSimplifiedVariant,kTraditionalVariant
U+7576	當	1490623	U+5F53	当	25	59624.920	kSimplifiedVariant,kSpecializedSemanticVariant,kTraditionalVariant
U+61FA	懺	34025	U+5FCF	忏	25	1361.000	kSimplifiedVariant,kTraditionalVariant
U+8A15	訕	4105	U+8D78	赸	25	164.200	kSemanticVariant
U+7DA0	綠	44489	U+6C2F	氯	21	2118.524	kSemanticVariant
U+6F3C	漼	982	U+51D7	凗	21	46.762	kSpoofingVariant
U+9F66	齦	1352	U+5543	啃	20	67.600	kSemanticVariant
U+95DE	闞	4522	U+9B2B	鬫	19	238.000	kSemanticVariant
U+555C	啜	7351	U+6B3C	欼	18	408.389	kSemanticVariant
U+6B60	歠	1898	U+6B3C	欼	18	105.444	kSemanticVariant
U+9A5A	驚	184932	U+60CA	惊	17	10878.353	kSimplifiedVariant,kTraditionalVariant
U+6522	攢	8282	U+63DD	揝	17	487.176	kSpecializedSemanticVariant
U+9F8D	龍	637133	U+9F92	龒	16	39820.812	kSemanticVariant
U+677F	板	48043	U+95C6	闆	16	3002.688	kSimplifiedVariant,kTraditionalVariant
U+59C6	姆	2830	U+4F6C	佬	16	176.875	kSpecializedSemanticVariant
U+7E6D	繭	12134	U+8327	茧	14	866.714	kSimplifiedVariant,kTraditionalVariant
U+77A5	瞥	5169	U+82E4	苤	13	397.615	kSemanticVariant
U+8698	蚘	1514	U+75D0	痐	13	116.462	kSemanticVariant
U+5BB6	家	1157070	U+50A2	傢	11	105188.182	kSimplifiedVariant,kTraditionalVariant
U+5BF8	寸	221188	U+540B	吋	11	20108.000	kSpecializedSemanticVariant
U+76EA	盪	10963	U+28329	𨌩	11	996.636	kSpecializedSemanticVariant
U+903F	逿	184	U+28329	𨌩	11	16.727	kSpecializedSemanticVariant
U+8863	衣	554052	U+8864	衤	10	55405.200	kSemanticVariant,kSpecializedSemanticVariant
U+6E6E	湮	9277	U+51D0	凐	10	927.700	kSpoofingVariant
U+78B0	碰	11	U+63BD	掽	10	1.100	kSemanticVariant
U+5674	噴	9578	U+5460	呠	9	1064.222	kSemanticVariant
U+6B55	歕	842	U+5460	呠	9	93.556	kSemanticVariant
U+978B	鞋	11277	U+292E7	𩋧	8	1409.625	kSpecializedSemanticVariant
U+5835	堵	21331	U+937A	鍺	7	3047.286	kSpecializedSemanticVariant
U+9060	遠	192201	U+8FDC	远	6	32033.500	kSimplifiedVariant,kSpecializedSemanticVariant,kTraditionalVariant
U+9F4A	齊	656786	U+9F50	齐	5	131357.200	kSimplifiedVariant,kSpecializedSemanticVariant,kTraditionalVariant
U+4ED6	他	456944	U+7260	牠	5	91388.800	kSemanticVariant
U+56F0	困	101169	U+774F	睏	5	20233.800	kSemanticVariant,kSimplifiedVariant,kTraditionalVariant
U+5B83	它	23580	U+7260	牠	5	4716.000	kSemanticVariant,kSpecializedSemanticVariant
U+6FDB	濛	17577	U+9725	霥	5	3515.400	kSemanticVariant
U+9019	這	78150	U+8FD9	这	4	19537.500	kSemanticVariant,kSimplifiedVariant,kSpecializedSemanticVariant,kTraditionalVariant
U+522E	刮	8573	U+98B3	颳	4	2143.250	kSimplifiedVariant,kTraditionalVariant
U+5A20	娠	8488	U+36DB	㛛	4	2122.000	kSemanticVariant,kSpecializedSemanticVariant
U+8CFA	賺	3194	U+8D03	贃	4	798.500	kSemanticVariant,kSpecializedSemanticVariant
U+534C	卌	316	U+2099C	𠦜	4	79.000	kSpecializedSemanticVariant
U+5428	吨	37	U+5678	噸	4	9.250	kSimplifiedVariant,kTraditionalVariant
U+4F60	你	50846	U+88AE	袮	3	16948.667	kSpecializedSemanticVariant
U+59B3	妳	1739	U+88AE	袮	3	579.667	kSpecializedSemanticVariant
U+60A8	您	296	U+88AE	袮	3	98.667	kSpecializedSemanticVariant
U+7962	祢	161	U+88AE	袮	3	53.667	kSpecializedSemanticVariant
U+8868	表	352595	U+9336	錶	2	176297.500	kSimplifiedVariant,kTraditionalVariant
U+8A50	詐	41284	U+279FB	𧧻	2	20642.000	kSpecializedSemanticVariant
U+8CFA	賺	3194	U+27E16	𧸖	2	1597.000	kSpecializedSemanticVariant
U+86C4	蛄	2221	U+86CC	蛌	2	1110.500	kSemanticVariant
U+919F	醟	311	U+848F	蒏	2	155.500	kSimplifiedVariant,kTraditionalVariant
U+6454	摔	132	U+7529	甩	2	66.000	kSpecializedSemanticVariant
U+64C3	擃	10	U+652E	攮	2	5.000	kSemanticVariant
