cp_hex	char	count	block	category	name
U+FF0C	，	1994	Halfwidth and Fullwidth Forms	Po	FULLWIDTH COMMA
U+3002	。	1956	CJK Symbols and Punctuation	Po	IDEOGRAPHIC FULL STOP
U+300A	《	1050	CJK Symbols and Punctuation	Ps	LEFT DOUBLE ANGLE BRACKET
U+300B	》	1050	CJK Symbols and Punctuation	Pe	RIGHT DOUBLE ANGLE BRACKET
U+4E5F	也	961	CJK Unified Ideographs	Lo	CJK UNIFIED IDEOGRAPH-4E5F
U+FF1A	：	944	Halfwidth and Fullwidth Forms	Po	FULLWIDTH COLON
U+3001	、	881	CJK Symbols and Punctuation	Po	IDEOGRAPHIC COMMA
U+300C	「	843	CJK Symbols and Punctuation	Ps	LEFT CORNER BRACKET
U+300D	」	843	CJK Symbols and Punctuation	Pe	RIGHT CORNER BRACKET
U+4E4B	之	613	CJK Unified Ideographs	Lo	CJK UNIFIED IDEOGRAPH-4E4B
U+66F0	曰	587	CJK Unified Ideographs	Lo	CJK UNIFIED IDEOGRAPH-66F0
U+8C61	象	483	CJK Unified Ideographs	Lo	CJK UNIFIED IDEOGRAPH-8C61
U+4EE5	以	474	CJK Unified Ideographs	Lo	CJK UNIFIED IDEOGRAPH-4EE5
U+4E0D	不	424	CJK Unified Ideographs	Lo	CJK UNIFIED IDEOGRAPH-4E0D
U+5176	其	386	CJK Unified Ideographs	Lo	CJK UNIFIED IDEOGRAPH-5176
U+800C	而	370	CJK Unified Ideographs	Lo	CJK UNIFIED IDEOGRAPH-800C
U+6709	有	344	CJK Unified Ideographs	Lo	CJK UNIFIED IDEOGRAPH-6709
U+65E0	无	299	CJK Unified Ideographs	Lo	CJK UNIFIED IDEOGRAPH-65E0
U+5409	吉	287	CJK Unified Ideographs	Lo	CJK UNIFIED IDEOGRAPH-5409
U+4E0A	上	246	CJK Unified Ideographs	Lo	CJK UNIFIED IDEOGRAPH-4E0A
U+516D	六	241	CJK Unified Ideographs	Lo	CJK UNIFIED IDEOGRAPH-516D
U+5927	大	225	CJK Unified Ideographs	Lo	CJK UNIFIED IDEOGRAPH-5927
U+4E5D	九	224	CJK Unified Ideographs	Lo	CJK UNIFIED IDEOGRAPH-4E5D
U+5229	利	215	CJK Unified Ideographs	Lo	CJK UNIFIED IDEOGRAPH-5229
U+5929	天	213	CJK Unified Ideographs	Lo	CJK UNIFIED IDEOGRAPH-5929
U+4EBA	人	211	CJK Unified Ideographs	Lo	CJK UNIFIED IDEOGRAPH-4EBA
U+4E0B	下	204	CJK Unified Ideographs	Lo	CJK UNIFIED IDEOGRAPH-4E0B
U+5B50	子	192	CJK Unified Ideographs	Lo	CJK UNIFIED IDEOGRAPH-5B50
U+70BA	為	183	CJK Unified Ideographs	Lo	CJK UNIFIED IDEOGRAPH-70BA
U+8005	者	180	CJK Unified Ideographs	Lo	CJK UNIFIED IDEOGRAPH-8005
U+8C9E	貞	176	CJK Unified Ideographs	Lo	CJK UNIFIED IDEOGRAPH-8C9E
U+548E	咎	159	CJK Unified Ideographs	Lo	CJK UNIFIED IDEOGRAPH-548E
U+4E2D	中	153	CJK Unified Ideographs	Lo	CJK UNIFIED IDEOGRAPH-4E2D
U+884C	行	153	CJK Unified Ideographs	Lo	CJK UNIFIED IDEOGRAPH-884C
U+6545	故	152	CJK Unified Ideographs	Lo	CJK UNIFIED IDEOGRAPH-6545
U+541B	君	151	CJK Unified Ideographs	Lo	CJK UNIFIED IDEOGRAPH-541B
U+4E09	三	132	CJK Unified Ideographs	Lo	CJK UNIFIED IDEOGRAPH-4E09
U+4E4E	乎	131	CJK Unified Ideographs	Lo	CJK UNIFIED IDEOGRAPH-4E4E
U+7528	用	122	CJK Unified Ideographs	Lo	CJK UNIFIED IDEOGRAPH-7528
U+4E8E	于	120	CJK Unified Ideographs	Lo	CJK UNIFIED IDEOGRAPH-4E8E
U+51F6	凶	118	CJK Unified Ideographs	Lo	CJK UNIFIED IDEOGRAPH-51F6
U+56DB	四	113	CJK Unified Ideographs	Lo	CJK UNIFIED IDEOGRAPH-56DB
U+4E8C	二	110	CJK Unified Ideographs	Lo	CJK UNIFIED IDEOGRAPH-4E8C
U+53EF	可	110	CJK Unified Ideographs	Lo	CJK UNIFIED IDEOGRAPH-53EF
U+5F80	往	109	CJK Unified Ideographs	Lo	CJK UNIFIED IDEOGRAPH-5F80
U+9053	道	106	CJK Unified Ideographs	Lo	CJK UNIFIED IDEOGRAPH-9053
U+5F97	得	103	CJK Unified Ideographs	Lo	CJK UNIFIED IDEOGRAPH-5F97
U+4E94	五	102	CJK Unified Ideographs	Lo	CJK UNIFIED IDEOGRAPH-4E94
U+5730	地	102	CJK Unified Ideographs	Lo	CJK UNIFIED IDEOGRAPH-5730
U+4EA8	亨	101	CJK Unified Ideographs	Lo	CJK UNIFIED IDEOGRAPH-4EA8
U+7269	物	100	CJK Unified Ideographs	Lo	CJK UNIFIED IDEOGRAPH-7269
U+7D42	終	96	CJK Unified Ideographs	Lo	CJK UNIFIED IDEOGRAPH-7D42
U+525B	剛	95	CJK Unified Ideographs	Lo	CJK UNIFIED IDEOGRAPH-525B
U+5C0F	小	94	CJK Unified Ideographs	Lo	CJK UNIFIED IDEOGRAPH-5C0F
U+5247	則	90	CJK Unified Ideographs	Lo	CJK UNIFIED IDEOGRAPH-5247
U+6613	易	85	CJK Unified Ideographs	Lo	CJK UNIFIED IDEOGRAPH-6613
U+521D	初	84	CJK Unified Ideographs	Lo	CJK UNIFIED IDEOGRAPH-521D
U+4F4D	位	82	CJK Unified Ideographs	Lo	CJK UNIFIED IDEOGRAPH-4F4D
U+898B	見	79	CJK Unified Ideographs	Lo	CJK UNIFIED IDEOGRAPH-898B
U+5728	在	78	CJK Unified Ideographs	Lo	CJK UNIFIED IDEOGRAPH-5728
U+5FB7	德	78	CJK Unified Ideographs	Lo	CJK UNIFIED IDEOGRAPH-5FB7
U+4E7E	乾	74	CJK Unified Ideographs	Lo	CJK UNIFIED IDEOGRAPH-4E7E
U+6B63	正	74	CJK Unified Ideographs	Lo	CJK UNIFIED IDEOGRAPH-6B63
U+5341	十	73	CJK Unified Ideographs	Lo	CJK UNIFIED IDEOGRAPH-5341
U+4F86	來	72	CJK Unified Ideographs	Lo	CJK UNIFIED IDEOGRAPH-4F86
U+53D7	受	72	CJK Unified Ideographs	Lo	CJK UNIFIED IDEOGRAPH-53D7
U+660E	明	72	CJK Unified Ideographs	Lo	CJK UNIFIED IDEOGRAPH-660E
U+662F	是	70	CJK Unified Ideographs	Lo	CJK UNIFIED IDEOGRAPH-662F
U+5B5A	孚	69	CJK Unified Ideographs	Lo	CJK UNIFIED IDEOGRAPH-5B5A
U+77E3	矣	69	CJK Unified Ideographs	Lo	CJK UNIFIED IDEOGRAPH-77E3
U+8A00	言	69	CJK Unified Ideographs	Lo	CJK UNIFIED IDEOGRAPH-8A00
U+5F56	彖	68	CJK Unified Ideographs	Lo	CJK UNIFIED IDEOGRAPH-5F56
U+5FD7	志	68	CJK Unified Ideographs	Lo	CJK UNIFIED IDEOGRAPH-5FD7
U+67D4	柔	66	CJK Unified Ideographs	Lo	CJK UNIFIED IDEOGRAPH-67D4
U+6240	所	64	CJK Unified Ideographs	Lo	CJK UNIFIED IDEOGRAPH-6240
U+672A	未	64	CJK Unified Ideographs	Lo	CJK UNIFIED IDEOGRAPH-672A
U+7B2C	第	64	CJK Unified Ideographs	Lo	CJK UNIFIED IDEOGRAPH-7B2C
U+77E5	知	61	CJK Unified Ideographs	Lo	CJK UNIFIED IDEOGRAPH-77E5
U+52D5	動	60	CJK Unified Ideographs	Lo	CJK UNIFIED IDEOGRAPH-52D5
U+65E5	日	60	CJK Unified Ideographs	Lo	CJK UNIFIED IDEOGRAPH-65E5
U+6094	悔	58	CJK Unified Ideographs	Lo	CJK UNIFIED IDEOGRAPH-6094
U+6642	時	57	CJK Unified Ideographs	Lo	CJK UNIFIED IDEOGRAPH-6642
U+5DFD	巽	56	CJK Unified Ideographs	Lo	CJK UNIFIED IDEOGRAPH-5DFD
U+8207	與	56	CJK Unified Ideographs	Lo	CJK UNIFIED IDEOGRAPH-8207
U+6210	成	55	CJK Unified Ideographs	Lo	CJK UNIFIED IDEOGRAPH-6210
U+65BC	於	53	CJK Unified Ideographs	Lo	CJK UNIFIED IDEOGRAPH-65BC
U+5982	如	52	CJK Unified Ideographs	Lo	CJK UNIFIED IDEOGRAPH-5982
U+9707	震	51	CJK Unified Ideographs	Lo	CJK UNIFIED IDEOGRAPH-9707
U+9806	順	51	CJK Unified Ideographs	Lo	CJK UNIFIED IDEOGRAPH-9806
U+5143	元	50	CJK Unified Ideographs	Lo	CJK UNIFIED IDEOGRAPH-5143
U+5764	坤	50	CJK Unified Ideographs	Lo	CJK UNIFIED IDEOGRAPH-5764
U+842C	萬	50	CJK Unified Ideographs	Lo	CJK UNIFIED IDEOGRAPH-842C
U+89C0	觀	50	CJK Unified Ideographs	Lo	CJK UNIFIED IDEOGRAPH-89C0
U+5F8C	後	49	CJK Unified Ideographs	Lo	CJK UNIFIED IDEOGRAPH-5F8C
U+8B8A	變	49	CJK Unified Ideographs	Lo	CJK UNIFIED IDEOGRAPH-8B8A
U+4E8B	事	48	CJK Unified Ideographs	Lo	CJK UNIFIED IDEOGRAPH-4E8B
U+6538	攸	48	CJK Unified Ideographs	Lo	CJK UNIFIED IDEOGRAPH-6538
U+8B02	謂	48	CJK Unified Ideographs	Lo	CJK UNIFIED IDEOGRAPH-8B02
U+738B	王	47	CJK Unified Ideographs	Lo	CJK UNIFIED IDEOGRAPH-738B
U+5931	失	45	CJK Unified Ideographs	Lo	CJK UNIFIED IDEOGRAPH-5931
U+5FA9	復	45	CJK Unified Ideographs	Lo	CJK UNIFIED IDEOGRAPH-5FA9
U+826E	艮	45	CJK Unified Ideographs	Lo	CJK UNIFIED IDEOGRAPH-826E
U+51FA	出	44	CJK Unified Ideographs	Lo	CJK UNIFIED IDEOGRAPH-51FA
U+7576	當	44	CJK Unified Ideographs	Lo	CJK UNIFIED IDEOGRAPH-7576
U+904E	過	44	CJK Unified Ideographs	Lo	CJK UNIFIED IDEOGRAPH-904E
U+96E2	離	44	CJK Unified Ideographs	Lo	CJK UNIFIED IDEOGRAPH-96E2
U+FF1F	？	44	Halfwidth and Fullwidth Forms	Po	FULLWIDTH QUESTION MARK
U+574E	坎	43	CJK Unified Ideographs	Lo	CJK UNIFIED IDEOGRAPH-574E
U+592B	夫	43	CJK Unified Ideographs	Lo	CJK UNIFIED IDEOGRAPH-592B
U+751F	生	43	CJK Unified Ideographs	Lo	CJK UNIFIED IDEOGRAPH-751F
U+76F8	相	43	CJK Unified Ideographs	Lo	CJK UNIFIED IDEOGRAPH-76F8
U+81EA	自	43	CJK Unified Ideographs	Lo	CJK UNIFIED IDEOGRAPH-81EA
U+53B2	厲	42	CJK Unified Ideographs	Lo	CJK UNIFIED IDEOGRAPH-53B2
U+81F3	至	42	CJK Unified Ideographs	Lo	CJK UNIFIED IDEOGRAPH-81F3
U+514C	兌	41	CJK Unified Ideographs	Lo	CJK UNIFIED IDEOGRAPH-514C
U+6C11	民	41	CJK Unified Ideographs	Lo	CJK UNIFIED IDEOGRAPH-6C11
U+8AAA	說	41	CJK Unified Ideographs	Lo	CJK UNIFIED IDEOGRAPH-8AAA
U+4E43	乃	40	CJK Unified Ideographs	Lo	CJK UNIFIED IDEOGRAPH-4E43
U+52FF	勿	40	CJK Unified Ideographs	Lo	CJK UNIFIED IDEOGRAPH-52FF
U+6216	或	40	CJK Unified Ideographs	Lo	CJK UNIFIED IDEOGRAPH-6216
U+8056	聖	40	CJK Unified Ideographs	Lo	CJK UNIFIED IDEOGRAPH-8056
U+4F55	何	39	CJK Unified Ideographs	Lo	CJK UNIFIED IDEOGRAPH-4F55
U+7FA9	義	39	CJK Unified Ideographs	Lo	CJK UNIFIED IDEOGRAPH-7FA9
U+4EA1	亡	38	CJK Unified Ideographs	Lo	CJK UNIFIED IDEOGRAPH-4EA1
U+80FD	能	38	CJK Unified Ideographs	Lo	CJK UNIFIED IDEOGRAPH-80FD
U+540C	同	37	CJK Unified Ideographs	Lo	CJK UNIFIED IDEOGRAPH-540C
U+5973	女	37	CJK Unified Ideographs	Lo	CJK UNIFIED IDEOGRAPH-5973
U+4E00	一	36	CJK Unified Ideographs	Lo	CJK UNIFIED IDEOGRAPH-4E00
U+901A	通	36	CJK Unified Ideographs	Lo	CJK UNIFIED IDEOGRAPH-901A
U+9F8D	龍	36	CJK Unified Ideographs	Lo	CJK UNIFIED IDEOGRAPH-9F8D
U+5C65	履	34	CJK Unified Ideographs	Lo	CJK UNIFIED IDEOGRAPH-5C65
U+76CA	益	34	CJK Unified Ideographs	Lo	CJK UNIFIED IDEOGRAPH-76CA
U+795E	神	34	CJK Unified Ideographs	Lo	CJK UNIFIED IDEOGRAPH-795E
U+541D	吝	33	CJK Unified Ideographs	Lo	CJK UNIFIED IDEOGRAPH-541D
U+547D	命	33	CJK Unified Ideographs	Lo	CJK UNIFIED IDEOGRAPH-547D
U+5FC5	必	33	CJK Unified Ideographs	Lo	CJK UNIFIED IDEOGRAPH-5FC5
U+7AAE	窮	33	CJK Unified Ideographs	Lo	CJK UNIFIED IDEOGRAPH-7AAE
U+4E95	井	32	CJK Unified Ideographs	Lo	CJK UNIFIED IDEOGRAPH-4E95
U+6046	恆	32	CJK Unified Ideographs	Lo	CJK UNIFIED IDEOGRAPH-6046
U+5366	卦	31	CJK Unified Ideographs	Lo	CJK UNIFIED IDEOGRAPH-5366
U+5C45	居	31	CJK Unified Ideographs	Lo	CJK UNIFIED IDEOGRAPH-5C45
U+8FAD	辭	31	CJK Unified Ideographs	Lo	CJK UNIFIED IDEOGRAPH-8FAD
U+5BB6	家	30	CJK Unified Ideographs	Lo	CJK UNIFIED IDEOGRAPH-5BB6
U+61C9	應	30	CJK Unified Ideographs	Lo	CJK UNIFIED IDEOGRAPH-61C9
U+9047	遇	30	CJK Unified Ideographs	Lo	CJK UNIFIED IDEOGRAPH-9047
U+9577	長	30	CJK Unified Ideographs	Lo	CJK UNIFIED IDEOGRAPH-9577
U+5149	光	29	CJK Unified Ideographs	Lo	CJK UNIFIED IDEOGRAPH-5149
U+5F81	征	29	CJK Unified Ideographs	Lo	CJK UNIFIED IDEOGRAPH-5F81
U+5F9E	從	29	CJK Unified Ideographs	Lo	CJK UNIFIED IDEOGRAPH-5F9E
U+6B78	歸	29	CJK Unified Ideographs	Lo	CJK UNIFIED IDEOGRAPH-6B78
U+7109	焉	29	CJK Unified Ideographs	Lo	CJK UNIFIED IDEOGRAPH-7109
U+8B19	謙	29	CJK Unified Ideographs	Lo	CJK UNIFIED IDEOGRAPH-8B19
U+5FC3	心	28	CJK Unified Ideographs	Lo	CJK UNIFIED IDEOGRAPH-5FC3
U+5316	化	27	CJK Unified Ideographs	Lo	CJK UNIFIED IDEOGRAPH-5316
U+53D6	取	27	CJK Unified Ideographs	Lo	CJK UNIFIED IDEOGRAPH-53D6
U+56F0	困	27	CJK Unified Ideographs	Lo	CJK UNIFIED IDEOGRAPH-56F0
U+5916	外	27	CJK Unified Ideographs	Lo	CJK UNIFIED IDEOGRAPH-5916
U+6587	文	27	CJK Unified Ideographs	Lo	CJK UNIFIED IDEOGRAPH-6587
U+98DF	食	27	CJK Unified Ideographs	Lo	CJK UNIFIED IDEOGRAPH-98DF
U+5165	入	26	CJK Unified Ideographs	Lo	CJK UNIFIED IDEOGRAPH-5165
U+65B9	方	26	CJK Unified Ideographs	Lo	CJK UNIFIED IDEOGRAPH-65B9
U+6728	木	26	CJK Unified Ideographs	Lo	CJK UNIFIED IDEOGRAPH-6728
U+7BC0	節	26	CJK Unified Ideographs	Lo	CJK UNIFIED IDEOGRAPH-7BC0
U+9032	進	26	CJK Unified Ideographs	Lo	CJK UNIFIED IDEOGRAPH-9032
U+96F7	雷	26	CJK Unified Ideographs	Lo	CJK UNIFIED IDEOGRAPH-96F7
U+FF01	！	26	Halfwidth and Fullwidth Forms	Po	FULLWIDTH EXCLAMATION MARK
U+529F	功	25	CJK Unified Ideographs	Lo	CJK UNIFIED IDEOGRAPH-529F
U+5E2B	師	25	CJK Unified Ideographs	Lo	CJK UNIFIED IDEOGRAPH-5E2B
U+81F4	致	25	CJK Unified Ideographs	Lo	CJK UNIFIED IDEOGRAPH-81F4
U+8499	蒙	25	CJK Unified Ideographs	Lo	CJK UNIFIED IDEOGRAPH-8499
U+9769	革	25	CJK Unified Ideographs	Lo	CJK UNIFIED IDEOGRAPH-9769
U+4E58	乘	24	CJK Unified Ideographs	Lo	CJK UNIFIED IDEOGRAPH-4E58
U+6211	我	24	CJK Unified Ideographs	Lo	CJK UNIFIED IDEOGRAPH-6211
U+6B62	止	24	CJK Unified Ideographs	Lo	CJK UNIFIED IDEOGRAPH-6B62
U+6BD4	比	24	CJK Unified Ideographs	Lo	CJK UNIFIED IDEOGRAPH-6BD4
U+83AB	莫	24	CJK Unified Ideographs	Lo	CJK UNIFIED IDEOGRAPH-83AB
U+8AF8	諸	24	CJK Unified Ideographs	Lo	CJK UNIFIED IDEOGRAPH-8AF8
U+4EA4	交	23	CJK Unified Ideographs	Lo	CJK UNIFIED IDEOGRAPH-4EA4
U+4FE1	信	23	CJK Unified Ideographs	Lo	CJK UNIFIED IDEOGRAPH-4FE1
U+5C1A	尚	23	CJK Unified Ideographs	Lo	CJK UNIFIED IDEOGRAPH-5C1A
U+5C71	山	23	CJK Unified Ideographs	Lo	CJK UNIFIED IDEOGRAPH-5C71
U+640D	損	23	CJK Unified Ideographs	Lo	CJK UNIFIED IDEOGRAPH-640D
U+755C	畜	23	CJK Unified Ideographs	Lo	CJK UNIFIED IDEOGRAPH-755C
U+8E47	蹇	23	CJK Unified Ideographs	Lo	CJK UNIFIED IDEOGRAPH-8E47
U+96AA	險	23	CJK Unified Ideographs	Lo	CJK UNIFIED IDEOGRAPH-96AA
U+5148	先	22	CJK Unified Ideographs	Lo	CJK UNIFIED IDEOGRAPH-5148
U+525D	剝	22	CJK Unified Ideographs	Lo	CJK UNIFIED IDEOGRAPH-525D
U+54B8	咸	22	CJK Unified Ideographs	Lo	CJK UNIFIED IDEOGRAPH-54B8
U+5B58	存	22	CJK Unified Ideographs	Lo	CJK UNIFIED IDEOGRAPH-5B58
U+5F17	弗	22	CJK Unified Ideographs	Lo	CJK UNIFIED IDEOGRAPH-5F17
U+6D89	涉	22	CJK Unified Ideographs	Lo	CJK UNIFIED IDEOGRAPH-6D89
U+6FDF	濟	22	CJK Unified Ideographs	Lo	CJK UNIFIED IDEOGRAPH-6FDF
U+906F	遯	22	CJK Unified Ideographs	Lo	CJK UNIFIED IDEOGRAPH-906F
U+99AC	馬	22	CJK Unified Ideographs	Lo	CJK UNIFIED IDEOGRAPH-99AC
U+53CD	反	21	CJK Unified Ideographs	Lo	CJK UNIFIED IDEOGRAPH-53CD
U+54C9	哉	21	CJK Unified Ideographs	Lo	CJK UNIFIED IDEOGRAPH-54C9
U+55AA	喪	21	CJK Unified Ideographs	Lo	CJK UNIFIED IDEOGRAPH-55AA
U+58EF	壯	21	CJK Unified Ideographs	Lo	CJK UNIFIED IDEOGRAPH-58EF
U+5DDD	川	21	CJK Unified Ideographs	Lo	CJK UNIFIED IDEOGRAPH-5DDD
U+65C5	旅	21	CJK Unified Ideographs	Lo	CJK UNIFIED IDEOGRAPH-65C5
U+6C34	水	21	CJK Unified Ideographs	Lo	CJK UNIFIED IDEOGRAPH-6C34
U+8C6B	豫	21	CJK Unified Ideographs	Lo	CJK UNIFIED IDEOGRAPH-8C6B
U+4E45	久	20	CJK Unified Ideographs	Lo	CJK UNIFIED IDEOGRAPH-4E45
U+5167	內	20	CJK Unified Ideographs	Lo	CJK UNIFIED IDEOGRAPH-5167
U+59CB	始	20	CJK Unified Ideographs	Lo	CJK UNIFIED IDEOGRAPH-59CB
U+6FA4	澤	20	CJK Unified Ideographs	Lo	CJK UNIFIED IDEOGRAPH-6FA4
U+7136	然	20	CJK Unified Ideographs	Lo	CJK UNIFIED IDEOGRAPH-7136
U+9060	遠	20	CJK Unified Ideographs	Lo	CJK UNIFIED IDEOGRAPH-9060
U+9670	陰	20	CJK Unified Ideographs	Lo	CJK UNIFIED IDEOGRAPH-9670
U+96A8	隨	20	CJK Unified Ideographs	Lo	CJK UNIFIED IDEOGRAPH-96A8
U+9824	頤	20	CJK Unified Ideographs	Lo	CJK UNIFIED IDEOGRAPH-9824
U+4F5C	作	19	CJK Unified Ideographs	Lo	CJK UNIFIED IDEOGRAPH-4F5C
U+532A	匪	19	CJK Unified Ideographs	Lo	CJK UNIFIED IDEOGRAPH-532A
U+5426	否	19	CJK Unified Ideographs	Lo	CJK UNIFIED IDEOGRAPH-5426
U+5584	善	19	CJK Unified Ideographs	Lo	CJK UNIFIED IDEOGRAPH-5584
U+6E19	渙	19	CJK Unified Ideographs	Lo	CJK UNIFIED IDEOGRAPH-6E19
U+81E8	臨	19	CJK Unified Ideographs	Lo	CJK UNIFIED IDEOGRAPH-81E8
U+8A1F	訟	19	CJK Unified Ideographs	Lo	CJK UNIFIED IDEOGRAPH-8A1F
U+967D	陽	19	CJK Unified Ideographs	Lo	CJK UNIFIED IDEOGRAPH-967D
U+96E8	雨	19	CJK Unified Ideographs	Lo	CJK UNIFIED IDEOGRAPH-96E8
U+98A8	風	19	CJK Unified Ideographs	Lo	CJK UNIFIED IDEOGRAPH-98A8
U+9EC3	黃	19	CJK Unified Ideographs	Lo	CJK UNIFIED IDEOGRAPH-9EC3
U+516B	八	18	CJK Unified Ideographs	Lo	CJK UNIFIED IDEOGRAPH-516B
U+5347	升	18	CJK Unified Ideographs	Lo	CJK UNIFIED IDEOGRAPH-5347
U+5A66	婦	18	CJK Unified Ideographs	Lo	CJK UNIFIED IDEOGRAPH-5A66
U+5B89	安	18	CJK Unified Ideographs	Lo	CJK UNIFIED IDEOGRAPH-5B89
U+6708	月	18	CJK Unified Ideographs	Lo	CJK UNIFIED IDEOGRAPH-6708
U+6B64	此	18	CJK Unified Ideographs	Lo	CJK UNIFIED IDEOGRAPH-6B64
U+6C42	求	18	CJK Unified Ideographs	Lo	CJK UNIFIED IDEOGRAPH-6C42
U+706B	火	18	CJK Unified Ideographs	Lo	CJK UNIFIED IDEOGRAPH-706B
U+8831	蠱	18	CJK Unified Ideographs	Lo	CJK UNIFIED IDEOGRAPH-8831
U+9F0E	鼎	18	CJK Unified Ideographs	Lo	CJK UNIFIED IDEOGRAPH-9F0E
U+5408	合	17	CJK Unified Ideographs	Lo	CJK UNIFIED IDEOGRAPH-5408
U+7236	父	17	CJK Unified Ideographs	Lo	CJK UNIFIED IDEOGRAPH-7236
U+723B	爻	17	CJK Unified Ideographs	Lo	CJK UNIFIED IDEOGRAPH-723B
U+725B	牛	17	CJK Unified Ideographs	Lo	CJK UNIFIED IDEOGRAPH-725B
U+75BE	疾	17	CJK Unified Ideographs	Lo	CJK UNIFIED IDEOGRAPH-75BE
U+76C8	盈	17	CJK Unified Ideographs	Lo	CJK UNIFIED IDEOGRAPH-76C8
U+82E5	若	17	CJK Unified Ideographs	Lo	CJK UNIFIED IDEOGRAPH-82E5
U+89E3	解	17	CJK Unified Ideographs	Lo	CJK UNIFIED IDEOGRAPH-89E3
U+8DB3	足	17	CJK Unified Ideographs	Lo	CJK UNIFIED IDEOGRAPH-8DB3
U+8EAB	身	17	CJK Unified Ideographs	Lo	CJK UNIFIED IDEOGRAPH-8EAB
U+9000	退	17	CJK Unified Ideographs	Lo	CJK UNIFIED IDEOGRAPH-9000
U+9700	需	17	CJK Unified Ideographs	Lo	CJK UNIFIED IDEOGRAPH-9700
U+592C	夬	16	CJK Unified Ideographs	Lo	CJK UNIFIED IDEOGRAPH-592C
U+5937	夷	16	CJK Unified Ideographs	Lo	CJK UNIFIED IDEOGRAPH-5937
U+5984	妄	16	CJK Unified Ideographs	Lo	CJK UNIFIED IDEOGRAPH-5984
U+59B9	妹	16	CJK Unified Ideographs	Lo	CJK UNIFIED IDEOGRAPH-59B9
U+5B9C	宜	16	CJK Unified Ideographs	Lo	CJK UNIFIED IDEOGRAPH-5B9C
U+65E2	既	16	CJK Unified Ideographs	Lo	CJK UNIFIED IDEOGRAPH-65E2
U+670B	朋	16	CJK Unified Ideographs	Lo	CJK UNIFIED IDEOGRAPH-670B
U+7537	男	16	CJK Unified Ideographs	Lo	CJK UNIFIED IDEOGRAPH-7537
U+7591	疑	16	CJK Unified Ideographs	Lo	CJK UNIFIED IDEOGRAPH-7591
U+9091	邑	16	CJK Unified Ideographs	Lo	CJK UNIFIED IDEOGRAPH-9091
U+4EA6	亦	15	CJK Unified Ideographs	Lo	CJK UNIFIED IDEOGRAPH-4EA6
U+5065	健	15	CJK Unified Ideographs	Lo	CJK UNIFIED IDEOGRAPH-5065
U+514B	克	15	CJK Unified Ideographs	Lo	CJK UNIFIED IDEOGRAPH-514B
U+566C	噬	15	CJK Unified Ideographs	Lo	CJK UNIFIED IDEOGRAPH-566C
U+6182	憂	15	CJK Unified Ideographs	Lo	CJK UNIFIED IDEOGRAPH-6182
U+6578	數	15	CJK Unified Ideographs	Lo	CJK UNIFIED IDEOGRAPH-6578
U+707D	災	15	CJK Unified Ideographs	Lo	CJK UNIFIED IDEOGRAPH-707D
U+7ACB	立	15	CJK Unified Ideographs	Lo	CJK UNIFIED IDEOGRAPH-7ACB
U+84CB	蓋	15	CJK Unified Ideographs	Lo	CJK UNIFIED IDEOGRAPH-84CB
U+8C50	豐	15	CJK Unified Ideographs	Lo	CJK UNIFIED IDEOGRAPH-8C50
U+8CC1	賁	15	CJK Unified Ideographs	Lo	CJK UNIFIED IDEOGRAPH-8CC1
U+8F3F	輿	15	CJK Unified Ideographs	Lo	CJK UNIFIED IDEOGRAPH-8F3F
U+975E	非	15	CJK Unified Ideographs	Lo	CJK UNIFIED IDEOGRAPH-975E
U+990A	養	15	CJK Unified Ideographs	Lo	CJK UNIFIED IDEOGRAPH-990A
U+4E82	亂	14	CJK Unified Ideographs	Lo	CJK UNIFIED IDEOGRAPH-4E82
U+516C	公	14	CJK Unified Ideographs	Lo	CJK UNIFIED IDEOGRAPH-516C
U+591A	多	14	CJK Unified Ideographs	Lo	CJK UNIFIED IDEOGRAPH-591A
U+5BC7	寇	14	CJK Unified Ideographs	Lo	CJK UNIFIED IDEOGRAPH-5BC7
U+5E7E	幾	14	CJK Unified Ideographs	Lo	CJK UNIFIED IDEOGRAPH-5E7E
U+60C5	情	14	CJK Unified Ideographs	Lo	CJK UNIFIED IDEOGRAPH-60C5
U+6F38	漸	14	CJK Unified Ideographs	Lo	CJK UNIFIED IDEOGRAPH-6F38
U+7530	田	14	CJK Unified Ideographs	Lo	CJK UNIFIED IDEOGRAPH-7530
U+767E	百	14	CJK Unified Ideographs	Lo	CJK UNIFIED IDEOGRAPH-767E
U+777D	睽	14	CJK Unified Ideographs	Lo	CJK UNIFIED IDEOGRAPH-777D
U+96D6	雖	14	CJK Unified Ideographs	Lo	CJK UNIFIED IDEOGRAPH-96D6
U+96E3	難	14	CJK Unified Ideographs	Lo	CJK UNIFIED IDEOGRAPH-96E3
U+985E	類	14	CJK Unified Ideographs	Lo	CJK UNIFIED IDEOGRAPH-985E
U+FF1B	；	14	Halfwidth and Fullwidth Forms	Po	FULLWIDTH SEMICOLON
U+4E14	且	13	CJK Unified Ideographs	Lo	CJK UNIFIED IDEOGRAPH-4E14
U+5357	南	13	CJK Unified Ideographs	Lo	CJK UNIFIED IDEOGRAPH-5357
U+5371	危	13	CJK Unified Ideographs	Lo	CJK UNIFIED IDEOGRAPH-5371
U+548C	和	13	CJK Unified Ideographs	Lo	CJK UNIFIED IDEOGRAPH-548C
U+570B	國	13	CJK Unified Ideographs	Lo	CJK UNIFIED IDEOGRAPH-570B
U+5BB3	害	13	CJK Unified Ideographs	Lo	CJK UNIFIED IDEOGRAPH-5BB3
U+5BE6	實	13	CJK Unified Ideographs	Lo	CJK UNIFIED IDEOGRAPH-5BE6
U+601D	思	13	CJK Unified Ideographs	Lo	CJK UNIFIED IDEOGRAPH-601D
U+6176	慶	13	CJK Unified Ideographs	Lo	CJK UNIFIED IDEOGRAPH-6176
U+6C38	永	13	CJK Unified Ideographs	Lo	CJK UNIFIED IDEOGRAPH-6C38
U+7372	獲	13	CJK Unified Ideographs	Lo	CJK UNIFIED IDEOGRAPH-7372
U+7E6B	繫	13	CJK Unified Ideographs	Lo	CJK UNIFIED IDEOGRAPH-7E6B
U+81E3	臣	13	CJK Unified Ideographs	Lo	CJK UNIFIED IDEOGRAPH-81E3
U+897F	西	13	CJK Unified Ideographs	Lo	CJK UNIFIED IDEOGRAPH-897F
U+9996	首	13	CJK Unified Ideographs	Lo	CJK UNIFIED IDEOGRAPH-9996
U+4E03	七	12	CJK Unified Ideographs	Lo	CJK UNIFIED IDEOGRAPH-4E03
U+4E3B	主	12	CJK Unified Ideographs	Lo	CJK UNIFIED IDEOGRAPH-4E3B
U+544A	告	12	CJK Unified Ideographs	Lo	CJK UNIFIED IDEOGRAPH-544A
U+5668	器	12	CJK Unified Ideographs	Lo	CJK UNIFIED IDEOGRAPH-5668
U+5B9A	定	12	CJK Unified Ideographs	Lo	CJK UNIFIED IDEOGRAPH-5B9A
U+5E7D	幽	12	CJK Unified Ideographs	Lo	CJK UNIFIED IDEOGRAPH-5E7D
U+627F	承	12	CJK Unified Ideographs	Lo	CJK UNIFIED IDEOGRAPH-627F
U+6649	晉	12	CJK Unified Ideographs	Lo	CJK UNIFIED IDEOGRAPH-6649
U+696D	業	12	CJK Unified Ideographs	Lo	CJK UNIFIED IDEOGRAPH-696D
U+6C7A	決	12	CJK Unified Ideographs	Lo	CJK UNIFIED IDEOGRAPH-6C7A
U+6EC5	滅	12	CJK Unified Ideographs	Lo	CJK UNIFIED IDEOGRAPH-6EC5
U+773E	眾	12	CJK Unified Ideographs	Lo	CJK UNIFIED IDEOGRAPH-773E
U+798F	福	12	CJK Unified Ideographs	Lo	CJK UNIFIED IDEOGRAPH-798F
U+7AE5	童	12	CJK Unified Ideographs	Lo	CJK UNIFIED IDEOGRAPH-7AE5
U+805A	聚	12	CJK Unified Ideographs	Lo	CJK UNIFIED IDEOGRAPH-805A
U+8403	萃	12	CJK Unified Ideographs	Lo	CJK UNIFIED IDEOGRAPH-8403
U+8CE2	賢	12	CJK Unified Ideographs	Lo	CJK UNIFIED IDEOGRAPH-8CE2
U+98DB	飛	12	CJK Unified Ideographs	Lo	CJK UNIFIED IDEOGRAPH-98DB
U+9E97	麗	12	CJK Unified Ideographs	Lo	CJK UNIFIED IDEOGRAPH-9E97
U+300E	『	11	CJK Symbols and Punctuation	Ps	LEFT WHITE CORNER BRACKET
U+300F	』	11	CJK Symbols and Punctuation	Pe	RIGHT WHITE CORNER BRACKET
U+4FAF	侯	11	CJK Unified Ideographs	Lo	CJK UNIFIED IDEOGRAPH-4FAF
U+559C	喜	11	CJK Unified Ideographs	Lo	CJK UNIFIED IDEOGRAPH-559C
U+5BCC	富	11	CJK Unified Ideographs	Lo	CJK UNIFIED IDEOGRAPH-5BCC
U+5C3E	尾	11	CJK Unified Ideographs	Lo	CJK UNIFIED IDEOGRAPH-5C3E
U+5C6F	屯	11	CJK Unified Ideographs	Lo	CJK UNIFIED IDEOGRAPH-5C6F
U+5E1D	帝	11	CJK Unified Ideographs	Lo	CJK UNIFIED IDEOGRAPH-5E1D
U+5E38	常	11	CJK Unified Ideographs	Lo	CJK UNIFIED IDEOGRAPH-5E38
U+6CBB	治	11	CJK Unified Ideographs	Lo	CJK UNIFIED IDEOGRAPH-6CBB
U+6FE1	濡	11	CJK Unified Ideographs	Lo	CJK UNIFIED IDEOGRAPH-6FE1
U+767C	發	11	CJK Unified Ideographs	Lo	CJK UNIFIED IDEOGRAPH-767C
U+7D22	索	11	CJK Unified Ideographs	Lo	CJK UNIFIED IDEOGRAPH-7D22
U+7FD2	習	11	CJK Unified Ideographs	Lo	CJK UNIFIED IDEOGRAPH-7FD2
U+8840	血	11	CJK Unified Ideographs	Lo	CJK UNIFIED IDEOGRAPH-8840
U+8B7D	譽	11	CJK Unified Ideographs	Lo	CJK UNIFIED IDEOGRAPH-8B7D
U+8CB4	貴	11	CJK Unified Ideographs	Lo	CJK UNIFIED IDEOGRAPH-8CB4
U+8DBE	趾	11	CJK Unified Ideographs	Lo	CJK UNIFIED IDEOGRAPH-8DBE
U+8FAF	辯	11	CJK Unified Ideographs	Lo	CJK UNIFIED IDEOGRAPH-8FAF
U+9580	門	11	CJK Unified Ideographs	Lo	CJK UNIFIED IDEOGRAPH-9580
U+9AD8	高	11	CJK Unified Ideographs	Lo	CJK UNIFIED IDEOGRAPH-9AD8
U+4EC1	仁	10	CJK Unified Ideographs	Lo	CJK UNIFIED IDEOGRAPH-4EC1
U+552F	唯	10	CJK Unified Ideographs	Lo	CJK UNIFIED IDEOGRAPH-552F
U+59E4	姤	10	CJK Unified Ideographs	Lo	CJK UNIFIED IDEOGRAPH-59E4
U+5DF2	已	10	CJK Unified Ideographs	Lo	CJK UNIFIED IDEOGRAPH-5DF2
U+5E79	幹	10	CJK Unified Ideographs	Lo	CJK UNIFIED IDEOGRAPH-5E79
U+5EAD	庭	10	CJK Unified Ideographs	Lo	CJK UNIFIED IDEOGRAPH-5EAD
U+60E1	惡	10	CJK Unified Ideographs	Lo	CJK UNIFIED IDEOGRAPH-60E1
U+614E	慎	10	CJK Unified Ideographs	Lo	CJK UNIFIED IDEOGRAPH-614E
U+65BD	施	10	CJK Unified Ideographs	Lo	CJK UNIFIED IDEOGRAPH-65BD
U+76E1	盡	10	CJK Unified Ideographs	Lo	CJK UNIFIED IDEOGRAPH-76E1
U+76F4	直	10	CJK Unified Ideographs	Lo	CJK UNIFIED IDEOGRAPH-76F4
U+7950	祐	10	CJK Unified Ideographs	Lo	CJK UNIFIED IDEOGRAPH-7950
U+79AE	禮	10	CJK Unified Ideographs	Lo	CJK UNIFIED IDEOGRAPH-79AE
U+8033	耳	10	CJK Unified Ideographs	Lo	CJK UNIFIED IDEOGRAPH-8033
U+820D	舍	10	CJK Unified Ideographs	Lo	CJK UNIFIED IDEOGRAPH-820D
U+865B	虛	10	CJK Unified Ideographs	Lo	CJK UNIFIED IDEOGRAPH-865B
U+865F	號	10	CJK Unified Ideographs	Lo	CJK UNIFIED IDEOGRAPH-865F
U+9042	遂	10	CJK Unified Ideographs	Lo	CJK UNIFIED IDEOGRAPH-9042
U+91CD	重	10	CJK Unified Ideographs	Lo	CJK UNIFIED IDEOGRAPH-91CD
U+9B3C	鬼	10	CJK Unified Ideographs	Lo	CJK UNIFIED IDEOGRAPH-9B3C
U+4E16	世	9	CJK Unified Ideographs	Lo	CJK UNIFIED IDEOGRAPH-4E16
U+4F10	伐	9	CJK Unified Ideographs	Lo	CJK UNIFIED IDEOGRAPH-4F10
U+4FC2	係	9	CJK Unified Ideographs	Lo	CJK UNIFIED IDEOGRAPH-4FC2
U+52DE	勞	9	CJK Unified Ideographs	Lo	CJK UNIFIED IDEOGRAPH-52DE
U+55D1	嗑	9	CJK Unified Ideographs	Lo	CJK UNIFIED IDEOGRAPH-55D1
U+59BB	妻	9	CJK Unified Ideographs	Lo	CJK UNIFIED IDEOGRAPH-59BB
U+5BC6	密	9	CJK Unified Ideographs	Lo	CJK UNIFIED IDEOGRAPH-5BC6
U+5E8A	床	9	CJK Unified Ideographs	Lo	CJK UNIFIED IDEOGRAPH-5E8A
U+5F62	形	9	CJK Unified Ideographs	Lo	CJK UNIFIED IDEOGRAPH-5F62
U+6064	恤	9	CJK Unified Ideographs	Lo	CJK UNIFIED IDEOGRAPH-6064
U+60D5	惕	9	CJK Unified Ideographs	Lo	CJK UNIFIED IDEOGRAPH-60D5
U+611F	感	9	CJK Unified Ideographs	Lo	CJK UNIFIED IDEOGRAPH-611F
U+6212	戒	9	CJK Unified Ideographs	Lo	CJK UNIFIED IDEOGRAPH-6212
U+65B7	斷	9	CJK Unified Ideographs	Lo	CJK UNIFIED IDEOGRAPH-65B7
U+6771	東	9	CJK Unified Ideographs	Lo	CJK UNIFIED IDEOGRAPH-6771
U+6975	極	9	CJK Unified Ideographs	Lo	CJK UNIFIED IDEOGRAPH-6975
U+6B21	次	9	CJK Unified Ideographs	Lo	CJK UNIFIED IDEOGRAPH-6B21
U+6B72	歲	9	CJK Unified Ideographs	Lo	CJK UNIFIED IDEOGRAPH-6B72
U+79BD	禽	9	CJK Unified Ideographs	Lo	CJK UNIFIED IDEOGRAPH-79BD
U+8271	艱	9	CJK Unified Ideographs	Lo	CJK UNIFIED IDEOGRAPH-8271
U+8305	茅	9	CJK Unified Ideographs	Lo	CJK UNIFIED IDEOGRAPH-8305
U+8F14	輔	9	CJK Unified Ideographs	Lo	CJK UNIFIED IDEOGRAPH-8F14
U+9055	違	9	CJK Unified Ideographs	Lo	CJK UNIFIED IDEOGRAPH-9055
U+9130	鄰	9	CJK Unified Ideographs	Lo	CJK UNIFIED IDEOGRAPH-9130
U+91D1	金	9	CJK Unified Ideographs	Lo	CJK UNIFIED IDEOGRAPH-91D1
U+96DC	雜	9	CJK Unified Ideographs	Lo	CJK UNIFIED IDEOGRAPH-96DC
U+96F2	雲	9	CJK Unified Ideographs	Lo	CJK UNIFIED IDEOGRAPH-96F2
U+9CF4	鳴	9	CJK Unified Ideographs	Lo	CJK UNIFIED IDEOGRAPH-9CF4
U+4EA2	亢	8	CJK Unified Ideographs	Lo	CJK UNIFIED IDEOGRAPH-4EA2
U+4F7F	使	8	CJK Unified Ideographs	Lo	CJK UNIFIED IDEOGRAPH-4F7F
U+5047	假	8	CJK Unified Ideographs	Lo	CJK UNIFIED IDEOGRAPH-5047
U+50B7	傷	8	CJK Unified Ideographs	Lo	CJK UNIFIED IDEOGRAPH-50B7
U+52DD	勝	8	CJK Unified Ideographs	Lo	CJK UNIFIED IDEOGRAPH-52DD
U+5373	即	8	CJK Unified Ideographs	Lo	CJK UNIFIED IDEOGRAPH-5373
U+53CA	及	8	CJK Unified Ideographs	Lo	CJK UNIFIED IDEOGRAPH-53CA
U+555E	啞	8	CJK Unified Ideographs	Lo	CJK UNIFIED IDEOGRAPH-555E
U+5609	嘉	8	CJK Unified Ideographs	Lo	CJK UNIFIED IDEOGRAPH-5609
U+5BB9	容	8	CJK Unified Ideographs	Lo	CJK UNIFIED IDEOGRAPH-5BB9
U+5C04	射	8	CJK Unified Ideographs	Lo	CJK UNIFIED IDEOGRAPH-5C04
U+5E74	年	8	CJK Unified Ideographs	Lo	CJK UNIFIED IDEOGRAPH-5E74
U+606F	息	8	CJK Unified Ideographs	Lo	CJK UNIFIED IDEOGRAPH-606F
U+620E	戎	8	CJK Unified Ideographs	Lo	CJK UNIFIED IDEOGRAPH-620E
U+6236	戶	8	CJK Unified Ideographs	Lo	CJK UNIFIED IDEOGRAPH-6236
U+6298	折	8	CJK Unified Ideographs	Lo	CJK UNIFIED IDEOGRAPH-6298
U+656C	敬	8	CJK Unified Ideographs	Lo	CJK UNIFIED IDEOGRAPH-656C
U+6BCD	母	8	CJK Unified Ideographs	Lo	CJK UNIFIED IDEOGRAPH-6BCD
U+6CF0	泰	8	CJK Unified Ideographs	Lo	CJK UNIFIED IDEOGRAPH-6CF0
U+6F5B	潛	8	CJK Unified Ideographs	Lo	CJK UNIFIED IDEOGRAPH-6F5B
U+7368	獨	8	CJK Unified Ideographs	Lo	CJK UNIFIED IDEOGRAPH-7368
U+7406	理	8	CJK Unified Ideographs	Lo	CJK UNIFIED IDEOGRAPH-7406
U+767D	白	8	CJK Unified Ideographs	Lo	CJK UNIFIED IDEOGRAPH-767D
U+771A	眚	8	CJK Unified Ideographs	Lo	CJK UNIFIED IDEOGRAPH-771A
U+7A31	稱	8	CJK Unified Ideographs	Lo	CJK UNIFIED IDEOGRAPH-7A31
U+7A4D	積	8	CJK Unified Ideographs	Lo	CJK UNIFIED IDEOGRAPH-7A4D
U+7AE0	章	8	CJK Unified Ideographs	Lo	CJK UNIFIED IDEOGRAPH-7AE0
U+7B11	笑	8	CJK Unified Ideographs	Lo	CJK UNIFIED IDEOGRAPH-7B11
U+7F8A	羊	8	CJK Unified Ideographs	Lo	CJK UNIFIED IDEOGRAPH-7F8A
U+7FA4	群	8	CJK Unified Ideographs	Lo	CJK UNIFIED IDEOGRAPH-7FA4
U+8129	脩	8	CJK Unified Ideographs	Lo	CJK UNIFIED IDEOGRAPH-8129
U+819A	膚	8	CJK Unified Ideographs	Lo	CJK UNIFIED IDEOGRAPH-819A
U+8208	興	8	CJK Unified Ideographs	Lo	CJK UNIFIED IDEOGRAPH-8208
U+82DE	苞	8	CJK Unified Ideographs	Lo	CJK UNIFIED IDEOGRAPH-82DE
U+85CF	藏	8	CJK Unified Ideographs	Lo	CJK UNIFIED IDEOGRAPH-85CF
U+864E	虎	8	CJK Unified Ideographs	Lo	CJK UNIFIED IDEOGRAPH-864E
U+8655	處	8	CJK Unified Ideographs	Lo	CJK UNIFIED IDEOGRAPH-8655
U+8669	虩	8	CJK Unified Ideographs	Lo	CJK UNIFIED IDEOGRAPH-8669
U+89AA	親	8	CJK Unified Ideographs	Lo	CJK UNIFIED IDEOGRAPH-89AA
U+8A2D	設	8	CJK Unified Ideographs	Lo	CJK UNIFIED IDEOGRAPH-8A2D
U+8F09	載	8	CJK Unified Ideographs	Lo	CJK UNIFIED IDEOGRAPH-8F09
U+90AA	邪	8	CJK Unified Ideographs	Lo	CJK UNIFIED IDEOGRAPH-90AA
U+9152	酒	8	CJK Unified Ideographs	Lo	CJK UNIFIED IDEOGRAPH-9152
U+932F	錯	8	CJK Unified Ideographs	Lo	CJK UNIFIED IDEOGRAPH-932F
U+98F2	飲	8	CJK Unified Ideographs	Lo	CJK UNIFIED IDEOGRAPH-98F2
U+9B5A	魚	8	CJK Unified Ideographs	Lo	CJK UNIFIED IDEOGRAPH-9B5A
U+9CE5	鳥	8	CJK Unified Ideographs	Lo	CJK UNIFIED IDEOGRAPH-9CE5
U+4EAB	享	7	CJK Unified Ideographs	Lo	CJK UNIFIED IDEOGRAPH-4EAB
U+4ECB	介	7	CJK Unified Ideographs	Lo	CJK UNIFIED IDEOGRAPH-4ECB
U+5169	兩	7	CJK Unified Ideographs	Lo	CJK UNIFIED IDEOGRAPH-5169
U+5206	分	7	CJK Unified Ideographs	Lo	CJK UNIFIED IDEOGRAPH-5206
U+5236	制	7	CJK Unified Ideographs	Lo	CJK UNIFIED IDEOGRAPH-5236
U+524D	前	7	CJK Unified Ideographs	Lo	CJK UNIFIED IDEOGRAPH-524D
U+5317	北	7	CJK Unified Ideographs	Lo	CJK UNIFIED IDEOGRAPH-5317
U+5351	卑	7	CJK Unified Ideographs	Lo	CJK UNIFIED IDEOGRAPH-5351
U+539A	厚	7	CJK Unified Ideographs	Lo	CJK UNIFIED IDEOGRAPH-539A
U+53C8	又	7	CJK Unified Ideographs	Lo	CJK UNIFIED IDEOGRAPH-53C8
U+542B	含	7	CJK Unified Ideographs	Lo	CJK UNIFIED IDEOGRAPH-542B
U+5BD2	寒	7	CJK Unified Ideographs	Lo	CJK UNIFIED IDEOGRAPH-5BD2
U+5E73	平	7	CJK Unified Ideographs	Lo	CJK UNIFIED IDEOGRAPH-5E73
U+610F	意	7	CJK Unified Ideographs	Lo	CJK UNIFIED IDEOGRAPH-610F
U+61FC	懼	7	CJK Unified Ideographs	Lo	CJK UNIFIED IDEOGRAPH-61FC
U+6539	改	7	CJK Unified Ideographs	Lo	CJK UNIFIED IDEOGRAPH-6539
U+6566	敦	7	CJK Unified Ideographs	Lo	CJK UNIFIED IDEOGRAPH-6566
U+68DF	棟	7	CJK Unified Ideographs	Lo	CJK UNIFIED IDEOGRAPH-68DF
U+6B7B	死	7	CJK Unified Ideographs	Lo	CJK UNIFIED IDEOGRAPH-6B7B
U+6CC1	況	7	CJK Unified Ideographs	Lo	CJK UNIFIED IDEOGRAPH-6CC1
U+6CD5	法	7	CJK Unified Ideographs	Lo	CJK UNIFIED IDEOGRAPH-6CD5
U+7006	瀆	7	CJK Unified Ideographs	Lo	CJK UNIFIED IDEOGRAPH-7006
U+7686	皆	7	CJK Unified Ideographs	Lo	CJK UNIFIED IDEOGRAPH-7686
U+76DB	盛	7	CJK Unified Ideographs	Lo	CJK UNIFIED IDEOGRAPH-76DB
U+8A9E	語	7	CJK Unified Ideographs	Lo	CJK UNIFIED IDEOGRAPH-8A9E
U+8CC7	資	7	CJK Unified Ideographs	Lo	CJK UNIFIED IDEOGRAPH-8CC7
U+8FD1	近	7	CJK Unified Ideographs	Lo	CJK UNIFIED IDEOGRAPH-8FD1
U+90A6	邦	7	CJK Unified Ideographs	Lo	CJK UNIFIED IDEOGRAPH-90A6
U+90CA	郊	7	CJK Unified Ideographs	Lo	CJK UNIFIED IDEOGRAPH-90CA
U+96B1	隱	7	CJK Unified Ideographs	Lo	CJK UNIFIED IDEOGRAPH-96B1
U+9F13	鼓	7	CJK Unified Ideographs	Lo	CJK UNIFIED IDEOGRAPH-9F13
U+4FDD	保	6	CJK Unified Ideographs	Lo	CJK UNIFIED IDEOGRAPH-4FDD
U+5099	備	6	CJK Unified Ideographs	Lo	CJK UNIFIED IDEOGRAPH-5099
U+518D	再	6	CJK Unified Ideographs	Lo	CJK UNIFIED IDEOGRAPH-518D
U+5305	包	6	CJK Unified Ideographs	Lo	CJK UNIFIED IDEOGRAPH-5305
U+53E3	口	6	CJK Unified Ideographs	Lo	CJK UNIFIED IDEOGRAPH-53E3
U+53E4	古	6	CJK Unified Ideographs	Lo	CJK UNIFIED IDEOGRAPH-53E4
U+540D	名	6	CJK Unified Ideographs	Lo	CJK UNIFIED IDEOGRAPH-540D
U+5805	堅	6	CJK Unified Ideographs	Lo	CJK UNIFIED IDEOGRAPH-5805
U+5A01	威	6	CJK Unified Ideographs	Lo	CJK UNIFIED IDEOGRAPH-5A01
U+5A5A	婚	6	CJK Unified Ideographs	Lo	CJK UNIFIED IDEOGRAPH-5A5A
U+5ABE	媾	6	CJK Unified Ideographs	Lo	CJK UNIFIED IDEOGRAPH-5ABE
U+5B97	宗	6	CJK Unified Ideographs	Lo	CJK UNIFIED IDEOGRAPH-5B97
U+5BAE	宮	6	CJK Unified Ideographs	Lo	CJK UNIFIED IDEOGRAPH-5BAE
U+5BE7	寧	6	CJK Unified Ideographs	Lo	CJK UNIFIED IDEOGRAPH-5BE7
U+5C24	尤	6	CJK Unified Ideographs	Lo	CJK UNIFIED IDEOGRAPH-5C24
U+5D07	崇	6	CJK Unified Ideographs	Lo	CJK UNIFIED IDEOGRAPH-5D07
U+5DE6	左	6	CJK Unified Ideographs	Lo	CJK UNIFIED IDEOGRAPH-5DE6
U+5EDF	廟	6	CJK Unified Ideographs	Lo	CJK UNIFIED IDEOGRAPH-5EDF
U+5EFA	建	6	CJK Unified Ideographs	Lo	CJK UNIFIED IDEOGRAPH-5EFA
U+5F15	引	6	CJK Unified Ideographs	Lo	CJK UNIFIED IDEOGRAPH-5F15
U+5F85	待	6	CJK Unified Ideographs	Lo	CJK UNIFIED IDEOGRAPH-5F85
U+5F90	徐	6	CJK Unified Ideographs	Lo	CJK UNIFIED IDEOGRAPH-5F90
U+6027	性	6	CJK Unified Ideographs	Lo	CJK UNIFIED IDEOGRAPH-6027
U+61A7	憧	6	CJK Unified Ideographs	Lo	CJK UNIFIED IDEOGRAPH-61A7
U+63A8	推	6	CJK Unified Ideographs	Lo	CJK UNIFIED IDEOGRAPH-63A8
U+66F3	曳	6	CJK Unified Ideographs	Lo	CJK UNIFIED IDEOGRAPH-66F3
U+66F8	書	6	CJK Unified Ideographs	Lo	CJK UNIFIED IDEOGRAPH-66F8
U+670D	服	6	CJK Unified Ideographs	Lo	CJK UNIFIED IDEOGRAPH-670D
U+672C	本	6	CJK Unified Ideographs	Lo	CJK UNIFIED IDEOGRAPH-672C
U+679C	果	6	CJK Unified Ideographs	Lo	CJK UNIFIED IDEOGRAPH-679C
U+6821	校	6	CJK Unified Ideographs	Lo	CJK UNIFIED IDEOGRAPH-6821
U+6A02	樂	6	CJK Unified Ideographs	Lo	CJK UNIFIED IDEOGRAPH-6A02
U+6A48	橈	6	CJK Unified Ideographs	Lo	CJK UNIFIED IDEOGRAPH-6A48
U+6B66	武	6	CJK Unified Ideographs	Lo	CJK UNIFIED IDEOGRAPH-6B66
U+6C0F	氏	6	CJK Unified Ideographs	Lo	CJK UNIFIED IDEOGRAPH-6C0F
U+6C23	氣	6	CJK Unified Ideographs	Lo	CJK UNIFIED IDEOGRAPH-6C23
U+6CE5	泥	6	CJK Unified Ideographs	Lo	CJK UNIFIED IDEOGRAPH-6CE5
U+6D41	流	6	CJK Unified Ideographs	Lo	CJK UNIFIED IDEOGRAPH-6D41
U+6D88	消	6	CJK Unified Ideographs	Lo	CJK UNIFIED IDEOGRAPH-6D88
U+6DF5	淵	6	CJK Unified Ideographs	Lo	CJK UNIFIED IDEOGRAPH-6DF5
U+7344	獄	6	CJK Unified Ideographs	Lo	CJK UNIFIED IDEOGRAPH-7344
U+7531	由	6	CJK Unified Ideographs	Lo	CJK UNIFIED IDEOGRAPH-7531
U+7532	甲	6	CJK Unified Ideographs	Lo	CJK UNIFIED IDEOGRAPH-7532
U+7586	疆	6	CJK Unified Ideographs	Lo	CJK UNIFIED IDEOGRAPH-7586
U+76DC	盜	6	CJK Unified Ideographs	Lo	CJK UNIFIED IDEOGRAPH-76DC
U+77E2	矢	6	CJK Unified Ideographs	Lo	CJK UNIFIED IDEOGRAPH-77E2
U+77F3	石	6	CJK Unified Ideographs	Lo	CJK UNIFIED IDEOGRAPH-77F3
U+7C21	簡	6	CJK Unified Ideographs	Lo	CJK UNIFIED IDEOGRAPH-7C21
U+7DAD	維	6	CJK Unified Ideographs	Lo	CJK UNIFIED IDEOGRAPH-7DAD
U+7FB8	羸	6	CJK Unified Ideographs	Lo	CJK UNIFIED IDEOGRAPH-7FB8
U+865E	虞	6	CJK Unified Ideographs	Lo	CJK UNIFIED IDEOGRAPH-865E
U+88D5	裕	6	CJK Unified Ideographs	Lo	CJK UNIFIED IDEOGRAPH-88D5
U+8996	視	6	CJK Unified Ideographs	Lo	CJK UNIFIED IDEOGRAPH-8996
U+8CA0	負	6	CJK Unified Ideographs	Lo	CJK UNIFIED IDEOGRAPH-8CA0
U+8EAC	躬	6	CJK Unified Ideographs	Lo	CJK UNIFIED IDEOGRAPH-8EAC
U+8ECA	車	6	CJK Unified Ideographs	Lo	CJK UNIFIED IDEOGRAPH-8ECA
U+9010	逐	6	CJK Unified Ideographs	Lo	CJK UNIFIED IDEOGRAPH-9010
U+91CE	野	6	CJK Unified Ideographs	Lo	CJK UNIFIED IDEOGRAPH-91CE
U+975C	靜	6	CJK Unified Ideographs	Lo	CJK UNIFIED IDEOGRAPH-975C
U+9858	願	6	CJK Unified Ideographs	Lo	CJK UNIFIED IDEOGRAPH-9858
U+985B	顛	6	CJK Unified Ideographs	Lo	CJK UNIFIED IDEOGRAPH-985B
U+9D3B	鴻	6	CJK Unified Ideographs	Lo	CJK UNIFIED IDEOGRAPH-9D3B
U+9F4A	齊	6	CJK Unified Ideographs	Lo	CJK UNIFIED IDEOGRAPH-9F4A
U+51B0	冰	5	CJK Unified Ideographs	Lo	CJK UNIFIED IDEOGRAPH-51B0
U+5211	刑	5	CJK Unified Ideographs	Lo	CJK UNIFIED IDEOGRAPH-5211
U+5360	占	5	CJK Unified Ideographs	Lo	CJK UNIFIED IDEOGRAPH-5360
U+5404	各	5	CJK Unified Ideographs	Lo	CJK UNIFIED IDEOGRAPH-5404
U+54C1	品	5	CJK Unified Ideographs	Lo	CJK UNIFIED IDEOGRAPH-54C1
U+55DF	嗟	5	CJK Unified Ideographs	Lo	CJK UNIFIED IDEOGRAPH-55DF
U+56FA	固	5	CJK Unified Ideographs	Lo	CJK UNIFIED IDEOGRAPH-56FA
U+57F7	執	5	CJK Unified Ideographs	Lo	CJK UNIFIED IDEOGRAPH-57F7
U+597D	好	5	CJK Unified Ideographs	Lo	CJK UNIFIED IDEOGRAPH-597D
U+5A23	娣	5	CJK Unified Ideographs	Lo	CJK UNIFIED IDEOGRAPH-5A23
U+5B83	它	5	CJK Unified Ideographs	Lo	CJK UNIFIED IDEOGRAPH-5B83
U+5BDF	察	5	CJK Unified Ideographs	Lo	CJK UNIFIED IDEOGRAPH-5BDF
U+5BE1	寡	5	CJK Unified Ideographs	Lo	CJK UNIFIED IDEOGRAPH-5BE1
U+5C07	將	5	CJK Unified Ideographs	Lo	CJK UNIFIED IDEOGRAPH-5C07
U+5C0A	尊	5	CJK Unified Ideographs	Lo	CJK UNIFIED IDEOGRAPH-5C0A
U+5EB6	庶	5	CJK Unified Ideographs	Lo	CJK UNIFIED IDEOGRAPH-5EB6
U+5EE3	廣	5	CJK Unified Ideographs	Lo	CJK UNIFIED IDEOGRAPH-5EE3
U+5FD8	忘	5	CJK Unified Ideographs	Lo	CJK UNIFIED IDEOGRAPH-5FD8
U+60A3	患	5	CJK Unified Ideographs	Lo	CJK UNIFIED IDEOGRAPH-60A3
U+6230	戰	5	CJK Unified Ideographs	Lo	CJK UNIFIED IDEOGRAPH-6230
U+62D4	拔	5	CJK Unified Ideographs	Lo	CJK UNIFIED IDEOGRAPH-62D4
U+64CA	擊	5	CJK Unified Ideographs	Lo	CJK UNIFIED IDEOGRAPH-64CA
U+64DA	據	5	CJK Unified Ideographs	Lo	CJK UNIFIED IDEOGRAPH-64DA
U+64EC	擬	5	CJK Unified Ideographs	Lo	CJK UNIFIED IDEOGRAPH-64EC
U+6548	效	5	CJK Unified Ideographs	Lo	CJK UNIFIED IDEOGRAPH-6548
U+6559	教	5	CJK Unified Ideographs	Lo	CJK UNIFIED IDEOGRAPH-6559
U+665D	晝	5	CJK Unified Ideographs	Lo	CJK UNIFIED IDEOGRAPH-665D
U+671F	期	5	CJK Unified Ideographs	Lo	CJK UNIFIED IDEOGRAPH-671F
U+6DF1	深	5	CJK Unified Ideographs	Lo	CJK UNIFIED IDEOGRAPH-6DF1
U+6E1D	渝	5	CJK Unified Ideographs	Lo	CJK UNIFIED IDEOGRAPH-6E1D
U+711A	焚	5	CJK Unified Ideographs	Lo	CJK UNIFIED IDEOGRAPH-711A
U+723E	爾	5	CJK Unified Ideographs	Lo	CJK UNIFIED IDEOGRAPH-723E
U+727D	牽	5	CJK Unified Ideographs	Lo	CJK UNIFIED IDEOGRAPH-727D
U+79A6	禦	5	CJK Unified Ideographs	Lo	CJK UNIFIED IDEOGRAPH-79A6
U+7B6E	筮	5	CJK Unified Ideographs	Lo	CJK UNIFIED IDEOGRAPH-7B6E
U+7C0B	簋	5	CJK Unified Ideographs	Lo	CJK UNIFIED IDEOGRAPH-7C0B
U+7CBE	精	5	CJK Unified Ideographs	Lo	CJK UNIFIED IDEOGRAPH-7CBE
U+7F8E	美	5	CJK Unified Ideographs	Lo	CJK UNIFIED IDEOGRAPH-7F8E
U+8001	老	5	CJK Unified Ideographs	Lo	CJK UNIFIED IDEOGRAPH-8001
U+8003	考	5	CJK Unified Ideographs	Lo	CJK UNIFIED IDEOGRAPH-8003
U+80B2	育	5	CJK Unified Ideographs	Lo	CJK UNIFIED IDEOGRAPH-80B2
U+8584	薄	5	CJK Unified Ideographs	Lo	CJK UNIFIED IDEOGRAPH-8584
U+8981	要	5	CJK Unified Ideographs	Lo	CJK UNIFIED IDEOGRAPH-8981
U+8CFE	賾	5	CJK Unified Ideographs	Lo	CJK UNIFIED IDEOGRAPH-8CFE
U+8E8D	躍	5	CJK Unified Ideographs	Lo	CJK UNIFIED IDEOGRAPH-8E8D
U+8FA8	辨	5	CJK Unified Ideographs	Lo	CJK UNIFIED IDEOGRAPH-8FA8
U+9077	遷	5	CJK Unified Ideographs	Lo	CJK UNIFIED IDEOGRAPH-9077
U+9087	邇	5	CJK Unified Ideographs	Lo	CJK UNIFIED IDEOGRAPH-9087
U+914D	配	5	CJK Unified Ideographs	Lo	CJK UNIFIED IDEOGRAPH-914D
U+919C	醜	5	CJK Unified Ideographs	Lo	CJK UNIFIED IDEOGRAPH-919C
U+932B	錫	5	CJK Unified Ideographs	Lo	CJK UNIFIED IDEOGRAPH-932B
U+9675	陵	5	CJK Unified Ideographs	Lo	CJK UNIFIED IDEOGRAPH-9675
U+9808	須	5	CJK Unified Ideographs	Lo	CJK UNIFIED IDEOGRAPH-9808
U+986F	顯	5	CJK Unified Ideographs	Lo	CJK UNIFIED IDEOGRAPH-986F
U+9AD4	體	5	CJK Unified Ideographs	Lo	CJK UNIFIED IDEOGRAPH-9AD4
U+9F9C	龜	5	CJK Unified Ideographs	Lo	CJK UNIFIED IDEOGRAPH-9F9C
U+4E08	丈	4	CJK Unified Ideographs	Lo	CJK UNIFIED IDEOGRAPH-4E08
U+4E18	丘	4	CJK Unified Ideographs	Lo	CJK UNIFIED IDEOGRAPH-4E18
U+4EB9	亹	4	CJK Unified Ideographs	Lo	CJK UNIFIED IDEOGRAPH-4EB9
U+4F0F	伏	4	CJK Unified Ideographs	Lo	CJK UNIFIED IDEOGRAPH-4F0F
U+4F11	休	4	CJK Unified Ideographs	Lo	CJK UNIFIED IDEOGRAPH-4F11
U+5055	偕	4	CJK Unified Ideographs	Lo	CJK UNIFIED IDEOGRAPH-5055
U+5100	儀	4	CJK Unified Ideographs	Lo	CJK UNIFIED IDEOGRAPH-5100
U+5141	允	4	CJK Unified Ideographs	Lo	CJK UNIFIED IDEOGRAPH-5141
U+5178	典	4	CJK Unified Ideographs	Lo	CJK UNIFIED IDEOGRAPH-5178
U+517C	兼	4	CJK Unified Ideographs	Lo	CJK UNIFIED IDEOGRAPH-517C
U+51A5	冥	4	CJK Unified Ideographs	Lo	CJK UNIFIED IDEOGRAPH-51A5
U+51E1	凡	4	CJK Unified Ideographs	Lo	CJK UNIFIED IDEOGRAPH-51E1
U+5217	列	4	CJK Unified Ideographs	Lo	CJK UNIFIED IDEOGRAPH-5217
U+539F	原	4	CJK Unified Ideographs	Lo	CJK UNIFIED IDEOGRAPH-539F
U+53A5	厥	4	CJK Unified Ideographs	Lo	CJK UNIFIED IDEOGRAPH-53A5
U+53BB	去	4	CJK Unified Ideographs	Lo	CJK UNIFIED IDEOGRAPH-53BB
U+54A5	咥	4	CJK Unified Ideographs	Lo	CJK UNIFIED IDEOGRAPH-54A5
U+554F	問	4	CJK Unified Ideographs	Lo	CJK UNIFIED IDEOGRAPH-554F
U+55C3	嗃	4	CJK Unified Ideographs	Lo	CJK UNIFIED IDEOGRAPH-55C3
U+563B	嘻	4	CJK Unified Ideographs	Lo	CJK UNIFIED IDEOGRAPH-563B
U+56E0	因	4	CJK Unified Ideographs	Lo	CJK UNIFIED IDEOGRAPH-56E0
U+5889	墉	4	CJK Unified Ideographs	Lo	CJK UNIFIED IDEOGRAPH-5889
U+59BE	妾	4	CJK Unified Ideographs	Lo	CJK UNIFIED IDEOGRAPH-59BE
U+5B70	孰	4	CJK Unified Ideographs	Lo	CJK UNIFIED IDEOGRAPH-5B70
U+5B88	守	4	CJK Unified Ideographs	Lo	CJK UNIFIED IDEOGRAPH-5B88
U+5BA4	室	4	CJK Unified Ideographs	Lo	CJK UNIFIED IDEOGRAPH-5BA4
U+5C11	少	4	CJK Unified Ideographs	Lo	CJK UNIFIED IDEOGRAPH-5C11
U+5C38	尸	4	CJK Unified Ideographs	Lo	CJK UNIFIED IDEOGRAPH-5C38
U+5C48	屈	4	CJK Unified Ideographs	Lo	CJK UNIFIED IDEOGRAPH-5C48
U+5DF3	巳	4	CJK Unified Ideographs	Lo	CJK UNIFIED IDEOGRAPH-5DF3
U+5E8F	序	4	CJK Unified Ideographs	Lo	CJK UNIFIED IDEOGRAPH-5E8F
U+5F1F	弟	4	CJK Unified Ideographs	Lo	CJK UNIFIED IDEOGRAPH-5F1F
U+5F27	弧	4	CJK Unified Ideographs	Lo	CJK UNIFIED IDEOGRAPH-5F27
U+6096	悖	4	CJK Unified Ideographs	Lo	CJK UNIFIED IDEOGRAPH-6096
U+60E0	惠	4	CJK Unified Ideographs	Lo	CJK UNIFIED IDEOGRAPH-60E0
U+612C	愬	4	CJK Unified Ideographs	Lo	CJK UNIFIED IDEOGRAPH-612C
U+616E	慮	4	CJK Unified Ideographs	Lo	CJK UNIFIED IDEOGRAPH-616E
U+62C7	拇	4	CJK Unified Ideographs	Lo	CJK UNIFIED IDEOGRAPH-62C7
U+62EC	括	4	CJK Unified Ideographs	Lo	CJK UNIFIED IDEOGRAPH-62EC
U+62EF	拯	4	CJK Unified Ideographs	Lo	CJK UNIFIED IDEOGRAPH-62EF
U+6523	攣	4	CJK Unified Ideographs	Lo	CJK UNIFIED IDEOGRAPH-6523
U+65A7	斧	4	CJK Unified Ideographs	Lo	CJK UNIFIED IDEOGRAPH-65A7
U+65AF	斯	4	CJK Unified Ideographs	Lo	CJK UNIFIED IDEOGRAPH-65AF
U+6666	晦	4	CJK Unified Ideographs	Lo	CJK UNIFIED IDEOGRAPH-6666
U+6691	暑	4	CJK Unified Ideographs	Lo	CJK UNIFIED IDEOGRAPH-6691
U+6703	會	4	CJK Unified Ideographs	Lo	CJK UNIFIED IDEOGRAPH-6703
U+671B	望	4	CJK Unified Ideographs	Lo	CJK UNIFIED IDEOGRAPH-671B
U+672B	末	4	CJK Unified Ideographs	Lo	CJK UNIFIED IDEOGRAPH-672B
U+6C54	汔	4	CJK Unified Ideographs	Lo	CJK UNIFIED IDEOGRAPH-6C54
U+6F64	潤	4	CJK Unified Ideographs	Lo	CJK UNIFIED IDEOGRAPH-6F64
U+7167	照	4	CJK Unified Ideographs	Lo	CJK UNIFIED IDEOGRAPH-7167
U+725D	牝	4	CJK Unified Ideographs	Lo	CJK UNIFIED IDEOGRAPH-725D
U+7384	玄	4	CJK Unified Ideographs	Lo	CJK UNIFIED IDEOGRAPH-7384
U+7463	瑣	4	CJK Unified Ideographs	Lo	CJK UNIFIED IDEOGRAPH-7463
U+7518	甘	4	CJK Unified Ideographs	Lo	CJK UNIFIED IDEOGRAPH-7518
U+767B	登	4	CJK Unified Ideographs	Lo	CJK UNIFIED IDEOGRAPH-767B
U+76EE	目	4	CJK Unified Ideographs	Lo	CJK UNIFIED IDEOGRAPH-76EE
U+796D	祭	4	CJK Unified Ideographs	Lo	CJK UNIFIED IDEOGRAPH-796D
U+7A74	穴	4	CJK Unified Ideographs	Lo	CJK UNIFIED IDEOGRAPH-7A74
U+7DE9	緩	4	CJK Unified Ideographs	Lo	CJK UNIFIED IDEOGRAPH-7DE9
U+7F54	罔	4	CJK Unified Ideographs	Lo	CJK UNIFIED IDEOGRAPH-7F54
U+7FE9	翩	4	CJK Unified Ideographs	Lo	CJK UNIFIED IDEOGRAPH-7FE9
U+8070	聰	4	CJK Unified Ideographs	Lo	CJK UNIFIED IDEOGRAPH-8070
U+80A1	股	4	CJK Unified Ideographs	Lo	CJK UNIFIED IDEOGRAPH-80A1
U+8179	腹	4	CJK Unified Ideographs	Lo	CJK UNIFIED IDEOGRAPH-8179
U+820A	舊	4	CJK Unified Ideographs	Lo	CJK UNIFIED IDEOGRAPH-820A
U+826F	良	4	CJK Unified Ideographs	Lo	CJK UNIFIED IDEOGRAPH-826F
U+82E6	苦	4	CJK Unified Ideographs	Lo	CJK UNIFIED IDEOGRAPH-82E6
U+8349	草	4	CJK Unified Ideographs	Lo	CJK UNIFIED IDEOGRAPH-8349
U+8500	蔀	4	CJK Unified Ideographs	Lo	CJK UNIFIED IDEOGRAPH-8500
U+8543	蕃	4	CJK Unified Ideographs	Lo	CJK UNIFIED IDEOGRAPH-8543
U+85C9	藉	4	CJK Unified Ideographs	Lo	CJK UNIFIED IDEOGRAPH-85C9
U+85E9	藩	4	CJK Unified Ideographs	Lo	CJK UNIFIED IDEOGRAPH-85E9
U+8607	蘇	4	CJK Unified Ideographs	Lo	CJK UNIFIED IDEOGRAPH-8607
U+884E	衎	4	CJK Unified Ideographs	Lo	CJK UNIFIED IDEOGRAPH-884E
U+89D2	角	4	CJK Unified Ideographs	Lo	CJK UNIFIED IDEOGRAPH-89D2
U+8B00	謀	4	CJK Unified Ideographs	Lo	CJK UNIFIED IDEOGRAPH-8B00
U+8B70	議	4	CJK Unified Ideographs	Lo	CJK UNIFIED IDEOGRAPH-8B70
U+8C37	谷	4	CJK Unified Ideographs	Lo	CJK UNIFIED IDEOGRAPH-8C37
U+8C55	豕	4	CJK Unified Ideographs	Lo	CJK UNIFIED IDEOGRAPH-8C55
U+8CA1	財	4	CJK Unified Ideographs	Lo	CJK UNIFIED IDEOGRAPH-8CA1
U+8CD3	賓	4	CJK Unified Ideographs	Lo	CJK UNIFIED IDEOGRAPH-8CD3
U+8CE4	賤	4	CJK Unified Ideographs	Lo	CJK UNIFIED IDEOGRAPH-8CE4
U+8DDB	跛	4	CJK Unified Ideographs	Lo	CJK UNIFIED IDEOGRAPH-8DDB
U+8F2A	輪	4	CJK Unified Ideographs	Lo	CJK UNIFIED IDEOGRAPH-8F2A
U+8FF7	迷	4	CJK Unified Ideographs	Lo	CJK UNIFIED IDEOGRAPH-8FF7
U+9006	逆	4	CJK Unified Ideographs	Lo	CJK UNIFIED IDEOGRAPH-9006
U+901F	速	4	CJK Unified Ideographs	Lo	CJK UNIFIED IDEOGRAPH-901F
U+907A	遺	4	CJK Unified Ideographs	Lo	CJK UNIFIED IDEOGRAPH-907A
U+91CC	里	4	CJK Unified Ideographs	Lo	CJK UNIFIED IDEOGRAPH-91CC
U+9591	閑	4	CJK Unified Ideographs	Lo	CJK UNIFIED IDEOGRAPH-9591
U+95DA	闚	4	CJK Unified Ideographs	Lo	CJK UNIFIED IDEOGRAPH-95DA
U+9677	陷	4	CJK Unified Ideographs	Lo	CJK UNIFIED IDEOGRAPH-9677
U+969B	際	4	CJK Unified Ideographs	Lo	CJK UNIFIED IDEOGRAPH-969B
U+96BC	隼	4	CJK Unified Ideographs	Lo	CJK UNIFIED IDEOGRAPH-96BC
U+96FB	電	4	CJK Unified Ideographs	Lo	CJK UNIFIED IDEOGRAPH-96FB
U+97F3	音	4	CJK Unified Ideographs	Lo	CJK UNIFIED IDEOGRAPH-97F3
U+983B	頻	4	CJK Unified Ideographs	Lo	CJK UNIFIED IDEOGRAPH-983B
U+FF08	（	4	Halfwidth and Fullwidth Forms	Ps	FULLWIDTH LEFT PARENTHESIS
U+FF09	）	4	Halfwidth and Fullwidth Forms	Pe	FULLWIDTH RIGHT PARENTHESIS
U+4DCE	䷎	3	Yijing Hexagram Symbols	So	HEXAGRAM FOR MODESTY
U+4E56	乖	3	CJK Unified Ideographs	Lo	CJK UNIFIED IDEOGRAPH-4E56
U+4E59	乙	3	CJK Unified Ideographs	Lo	CJK UNIFIED IDEOGRAPH-4E59
U+50BE	傾	3	CJK Unified Ideographs	Lo	CJK UNIFIED IDEOGRAPH-50BE
U+50D5	僕	3	CJK Unified Ideographs	Lo	CJK UNIFIED IDEOGRAPH-50D5
U+5293	劓	3	CJK Unified Ideographs	Lo	CJK UNIFIED IDEOGRAPH-5293
U+52A9	助	3	CJK Unified Ideographs	Lo	CJK UNIFIED IDEOGRAPH-52A9
U+52F8	勸	3	CJK Unified Ideographs	Lo	CJK UNIFIED IDEOGRAPH-52F8
U+5343	千	3	CJK Unified Ideographs	Lo	CJK UNIFIED IDEOGRAPH-5343
U+53CB	友	3	CJK Unified Ideographs	Lo	CJK UNIFIED IDEOGRAPH-53CB
U+53F3	右	3	CJK Unified Ideographs	Lo	CJK UNIFIED IDEOGRAPH-53F3
U+540E	后	3	CJK Unified Ideographs	Lo	CJK UNIFIED IDEOGRAPH-540E
U+5468	周	3	CJK Unified Ideographs	Lo	CJK UNIFIED IDEOGRAPH-5468
U+54B7	咷	3	CJK Unified Ideographs	Lo	CJK UNIFIED IDEOGRAPH-54B7
U+56CA	囊	3	CJK Unified Ideographs	Lo	CJK UNIFIED IDEOGRAPH-56CA
U+5782	垂	3	CJK Unified Ideographs	Lo	CJK UNIFIED IDEOGRAPH-5782
U+5857	塗	3	CJK Unified Ideographs	Lo	CJK UNIFIED IDEOGRAPH-5857
U+58EB	士	3	CJK Unified Ideographs	Lo	CJK UNIFIED IDEOGRAPH-58EB
U+5915	夕	3	CJK Unified Ideographs	Lo	CJK UNIFIED IDEOGRAPH-5915
U+591C	夜	3	CJK Unified Ideographs	Lo	CJK UNIFIED IDEOGRAPH-591C
U+5B55	孕	3	CJK Unified Ideographs	Lo	CJK UNIFIED IDEOGRAPH-5B55
U+5B57	字	3	CJK Unified Ideographs	Lo	CJK UNIFIED IDEOGRAPH-5B57
U+5B64	孤	3	CJK Unified Ideographs	Lo	CJK UNIFIED IDEOGRAPH-5B64
U+5B98	官	3	CJK Unified Ideographs	Lo	CJK UNIFIED IDEOGRAPH-5B98
U+5BA2	客	3	CJK Unified Ideographs	Lo	CJK UNIFIED IDEOGRAPH-5BA2
U+5BF5	寵	3	CJK Unified Ideographs	Lo	CJK UNIFIED IDEOGRAPH-5BF5
U+5C31	就	3	CJK Unified Ideographs	Lo	CJK UNIFIED IDEOGRAPH-5C31
U+5C68	屨	3	CJK Unified Ideographs	Lo	CJK UNIFIED IDEOGRAPH-5C68
U+5EA6	度	3	CJK Unified Ideographs	Lo	CJK UNIFIED IDEOGRAPH-5EA6
U+5F8B	律	3	CJK Unified Ideographs	Lo	CJK UNIFIED IDEOGRAPH-5F8B
U+5FAE	微	3	CJK Unified Ideographs	Lo	CJK UNIFIED IDEOGRAPH-5FAE
U+5FEB	快	3	CJK Unified Ideographs	Lo	CJK UNIFIED IDEOGRAPH-5FEB
U+6050	恐	3	CJK Unified Ideographs	Lo	CJK UNIFIED IDEOGRAPH-6050
U+606D	恭	3	CJK Unified Ideographs	Lo	CJK UNIFIED IDEOGRAPH-606D
U+60B6	悶	3	CJK Unified Ideographs	Lo	CJK UNIFIED IDEOGRAPH-60B6
U+611B	愛	3	CJK Unified Ideographs	Lo	CJK UNIFIED IDEOGRAPH-611B
U+61F2	懲	3	CJK Unified Ideographs	Lo	CJK UNIFIED IDEOGRAPH-61F2
U+62C2	拂	3	CJK Unified Ideographs	Lo	CJK UNIFIED IDEOGRAPH-62C2
U+632F	振	3	CJK Unified Ideographs	Lo	CJK UNIFIED IDEOGRAPH-632F
U+63A5	接	3	CJK Unified Ideographs	Lo	CJK UNIFIED IDEOGRAPH-63A5
U+63DA	揚	3	CJK Unified Ideographs	Lo	CJK UNIFIED IDEOGRAPH-63DA
U+6557	敗	3	CJK Unified Ideographs	Lo	CJK UNIFIED IDEOGRAPH-6557
U+6575	敵	3	CJK Unified Ideographs	Lo	CJK UNIFIED IDEOGRAPH-6575
U+6597	斗	3	CJK Unified Ideographs	Lo	CJK UNIFIED IDEOGRAPH-6597
U+65B0	新	3	CJK Unified Ideographs	Lo	CJK UNIFIED IDEOGRAPH-65B0
U+65EC	旬	3	CJK Unified Ideographs	Lo	CJK UNIFIED IDEOGRAPH-65EC
U+6603	昃	3	CJK Unified Ideographs	Lo	CJK UNIFIED IDEOGRAPH-6603
U+6750	材	3	CJK Unified Ideographs	Lo	CJK UNIFIED IDEOGRAPH-6750
U+67AF	枯	3	CJK Unified Ideographs	Lo	CJK UNIFIED IDEOGRAPH-67AF
U+694A	楊	3	CJK Unified Ideographs	Lo	CJK UNIFIED IDEOGRAPH-694A
U+6B32	欲	3	CJK Unified Ideographs	Lo	CJK UNIFIED IDEOGRAPH-6B32
U+6BBA	殺	3	CJK Unified Ideographs	Lo	CJK UNIFIED IDEOGRAPH-6BBA
U+6BD2	毒	3	CJK Unified Ideographs	Lo	CJK UNIFIED IDEOGRAPH-6BD2
U+6CC9	泉	3	CJK Unified Ideographs	Lo	CJK UNIFIED IDEOGRAPH-6CC9
U+6CE3	泣	3	CJK Unified Ideographs	Lo	CJK UNIFIED IDEOGRAPH-6CE3
U+6D95	涕	3	CJK Unified Ideographs	Lo	CJK UNIFIED IDEOGRAPH-6D95
U+72AF	犯	3	CJK Unified Ideographs	Lo	CJK UNIFIED IDEOGRAPH-72AF
U+72D0	狐	3	CJK Unified Ideographs	Lo	CJK UNIFIED IDEOGRAPH-72D0
U+7389	玉	3	CJK Unified Ideographs	Lo	CJK UNIFIED IDEOGRAPH-7389
U+73A9	玩	3	CJK Unified Ideographs	Lo	CJK UNIFIED IDEOGRAPH-73A9
U+73ED	班	3	CJK Unified Ideographs	Lo	CJK UNIFIED IDEOGRAPH-73ED
U+7570	異	3	CJK Unified Ideographs	Lo	CJK UNIFIED IDEOGRAPH-7570
U+7701	省	3	CJK Unified Ideographs	Lo	CJK UNIFIED IDEOGRAPH-7701
U+7707	眇	3	CJK Unified Ideographs	Lo	CJK UNIFIED IDEOGRAPH-7707
U+78A9	碩	3	CJK Unified Ideographs	Lo	CJK UNIFIED IDEOGRAPH-78A9
U+78D0	磐	3	CJK Unified Ideographs	Lo	CJK UNIFIED IDEOGRAPH-78D0
U+793A	示	3	CJK Unified Ideographs	Lo	CJK UNIFIED IDEOGRAPH-793A
U+7940	祀	3	CJK Unified Ideographs	Lo	CJK UNIFIED IDEOGRAPH-7940
U+7949	祉	3	CJK Unified Ideographs	Lo	CJK UNIFIED IDEOGRAPH-7949
U+7965	祥	3	CJK Unified Ideographs	Lo	CJK UNIFIED IDEOGRAPH-7965
U+79B4	禴	3	CJK Unified Ideographs	Lo	CJK UNIFIED IDEOGRAPH-79B4
U+7A92	窒	3	CJK Unified Ideographs	Lo	CJK UNIFIED IDEOGRAPH-7A92
U+7B56	策	3	CJK Unified Ideographs	Lo	CJK UNIFIED IDEOGRAPH-7B56
U+7B95	箕	3	CJK Unified Ideographs	Lo	CJK UNIFIED IDEOGRAPH-7B95
U+7D20	素	3	CJK Unified Ideographs	Lo	CJK UNIFIED IDEOGRAPH-7D20
U+7D93	經	3	CJK Unified Ideographs	Lo	CJK UNIFIED IDEOGRAPH-7D93
U+7E69	繩	3	CJK Unified Ideographs	Lo	CJK UNIFIED IDEOGRAPH-7E69
U+7F36	缶	3	CJK Unified Ideographs	Lo	CJK UNIFIED IDEOGRAPH-7F36
U+7F9E	羞	3	CJK Unified Ideographs	Lo	CJK UNIFIED IDEOGRAPH-7F9E
U+7FF0	翰	3	CJK Unified Ideographs	Lo	CJK UNIFIED IDEOGRAPH-7FF0
U+805E	聞	3	CJK Unified Ideographs	Lo	CJK UNIFIED IDEOGRAPH-805E
U+807D	聽	3	CJK Unified Ideographs	Lo	CJK UNIFIED IDEOGRAPH-807D
U+818F	膏	3	CJK Unified Ideographs	Lo	CJK UNIFIED IDEOGRAPH-818F
U+81C0	臀	3	CJK Unified Ideographs	Lo	CJK UNIFIED IDEOGRAPH-81C0
U+820C	舌	3	CJK Unified Ideographs	Lo	CJK UNIFIED IDEOGRAPH-820C
U+821F	舟	3	CJK Unified Ideographs	Lo	CJK UNIFIED IDEOGRAPH-821F
U+82DF	苟	3	CJK Unified Ideographs	Lo	CJK UNIFIED IDEOGRAPH-82DF
U+8457	著	3	CJK Unified Ideographs	Lo	CJK UNIFIED IDEOGRAPH-8457
U+84BA	蒺	3	CJK Unified Ideographs	Lo	CJK UNIFIED IDEOGRAPH-84BA
U+84CD	蓍	3	CJK Unified Ideographs	Lo	CJK UNIFIED IDEOGRAPH-84CD
U+853E	蔾	3	CJK Unified Ideographs	Lo	CJK UNIFIED IDEOGRAPH-853E
U+85A6	薦	3	CJK Unified Ideographs	Lo	CJK UNIFIED IDEOGRAPH-85A6
U+8863	衣	3	CJK Unified Ideographs	Lo	CJK UNIFIED IDEOGRAPH-8863
U+8882	袂	3	CJK Unified Ideographs	Lo	CJK UNIFIED IDEOGRAPH-8882
U+88F3	裳	3	CJK Unified Ideographs	Lo	CJK UNIFIED IDEOGRAPH-88F3
U+8986	覆	3	CJK Unified Ideographs	Lo	CJK UNIFIED IDEOGRAPH-8986
U+89F8	觸	3	CJK Unified Ideographs	Lo	CJK UNIFIED IDEOGRAPH-89F8
U+8AA1	誡	3	CJK Unified Ideographs	Lo	CJK UNIFIED IDEOGRAPH-8AA1
U+8AB0	誰	3	CJK Unified Ideographs	Lo	CJK UNIFIED IDEOGRAPH-8AB0
U+8C5A	豚	3	CJK Unified Ideographs	Lo	CJK UNIFIED IDEOGRAPH-8C5A
U+8CB3	貳	3	CJK Unified Ideographs	Lo	CJK UNIFIED IDEOGRAPH-8CB3
U+8D64	赤	3	CJK Unified Ideographs	Lo	CJK UNIFIED IDEOGRAPH-8D64
U+8D77	起	3	CJK Unified Ideographs	Lo	CJK UNIFIED IDEOGRAPH-8D77
U+8E81	躁	3	CJK Unified Ideographs	Lo	CJK UNIFIED IDEOGRAPH-8E81
U+8F39	輹	3	CJK Unified Ideographs	Lo	CJK UNIFIED IDEOGRAPH-8F39
U+8F9F	辟	3	CJK Unified Ideographs	Lo	CJK UNIFIED IDEOGRAPH-8F9F
U+8FB1	辱	3	CJK Unified Ideographs	Lo	CJK UNIFIED IDEOGRAPH-8FB1
U+9044	遄	3	CJK Unified Ideographs	Lo	CJK UNIFIED IDEOGRAPH-9044
U+9249	鉉	3	CJK Unified Ideographs	Lo	CJK UNIFIED IDEOGRAPH-9249
U+958B	開	3	CJK Unified Ideographs	Lo	CJK UNIFIED IDEOGRAPH-958B
U+95E2	闢	3	CJK Unified Ideographs	Lo	CJK UNIFIED IDEOGRAPH-95E2
U+9678	陸	3	CJK Unified Ideographs	Lo	CJK UNIFIED IDEOGRAPH-9678
U+968E	階	3	CJK Unified Ideographs	Lo	CJK UNIFIED IDEOGRAPH-968E
U+96C9	雉	3	CJK Unified Ideographs	Lo	CJK UNIFIED IDEOGRAPH-96C9
U+971C	霜	3	CJK Unified Ideographs	Lo	CJK UNIFIED IDEOGRAPH-971C
U+9762	面	3	CJK Unified Ideographs	Lo	CJK UNIFIED IDEOGRAPH-9762
U+9917	餗	3	CJK Unified Ideographs	Lo	CJK UNIFIED IDEOGRAPH-9917
U+9A5A	驚	3	CJK Unified Ideographs	Lo	CJK UNIFIED IDEOGRAPH-9A5A
U+9BAE	鮮	3	CJK Unified Ideographs	Lo	CJK UNIFIED IDEOGRAPH-9BAE
U+9F20	鼠	3	CJK Unified Ideographs	Lo	CJK UNIFIED IDEOGRAPH-9F20
U+4DC7	䷇	2	Yijing Hexagram Symbols	So	HEXAGRAM FOR HOLDING TOGETHER
U+4EC7	仇	2	CJK Unified Ideographs	Lo	CJK UNIFIED IDEOGRAPH-4EC7
U+4EF0	仰	2	CJK Unified Ideographs	Lo	CJK UNIFIED IDEOGRAPH-4EF0
U+4EFB	任	2	CJK Unified Ideographs	Lo	CJK UNIFIED IDEOGRAPH-4EFB
U+4FB5	侵	2	CJK Unified Ideographs	Lo	CJK UNIFIED IDEOGRAPH-4FB5
U+4FEF	俯	2	CJK Unified Ideographs	Lo	CJK UNIFIED IDEOGRAPH-4FEF
U+507D	偽	2	CJK Unified Ideographs	Lo	CJK UNIFIED IDEOGRAPH-507D
U+50CF	像	2	CJK Unified Ideographs	Lo	CJK UNIFIED IDEOGRAPH-50CF
U+5109	儉	2	CJK Unified Ideographs	Lo	CJK UNIFIED IDEOGRAPH-5109
U+5144	兄	2	CJK Unified Ideographs	Lo	CJK UNIFIED IDEOGRAPH-5144
U+51DD	凝	2	CJK Unified Ideographs	Lo	CJK UNIFIED IDEOGRAPH-51DD
U+5216	刖	2	CJK Unified Ideographs	Lo	CJK UNIFIED IDEOGRAPH-5216
U+5261	剡	2	CJK Unified Ideographs	Lo	CJK UNIFIED IDEOGRAPH-5261
U+52A0	加	2	CJK Unified Ideographs	Lo	CJK UNIFIED IDEOGRAPH-52A0
U+52D9	務	2	CJK Unified Ideographs	Lo	CJK UNIFIED IDEOGRAPH-52D9
U+5315	匕	2	CJK Unified Ideographs	Lo	CJK UNIFIED IDEOGRAPH-5315
U+5339	匹	2	CJK Unified Ideographs	Lo	CJK UNIFIED IDEOGRAPH-5339
U+53C3	參	2	CJK Unified Ideographs	Lo	CJK UNIFIED IDEOGRAPH-53C3
U+543E	吾	2	CJK Unified Ideographs	Lo	CJK UNIFIED IDEOGRAPH-543E
U+54A8	咨	2	CJK Unified Ideographs	Lo	CJK UNIFIED IDEOGRAPH-54A8
U+5546	商	2	CJK Unified Ideographs	Lo	CJK UNIFIED IDEOGRAPH-5546
U+5617	嘗	2	CJK Unified Ideographs	Lo	CJK UNIFIED IDEOGRAPH-5617
U+56AE	嚮	2	CJK Unified Ideographs	Lo	CJK UNIFIED IDEOGRAPH-56AE
U+56B4	嚴	2	CJK Unified Ideographs	Lo	CJK UNIFIED IDEOGRAPH-56B4
U+571F	土	2	CJK Unified Ideographs	Lo	CJK UNIFIED IDEOGRAPH-571F
U+5766	坦	2	CJK Unified Ideographs	Lo	CJK UNIFIED IDEOGRAPH-5766
U+57CE	城	2	CJK Unified Ideographs	Lo	CJK UNIFIED IDEOGRAPH-57CE
U+582F	堯	2	CJK Unified Ideographs	Lo	CJK UNIFIED IDEOGRAPH-582F
U+585E	塞	2	CJK Unified Ideographs	Lo	CJK UNIFIED IDEOGRAPH-585E
U+5919	夙	2	CJK Unified Ideographs	Lo	CJK UNIFIED IDEOGRAPH-5919
U+5947	奇	2	CJK Unified Ideographs	Lo	CJK UNIFIED IDEOGRAPH-5947
U+5954	奔	2	CJK Unified Ideographs	Lo	CJK UNIFIED IDEOGRAPH-5954
U+59D3	姓	2	CJK Unified Ideographs	Lo	CJK UNIFIED IDEOGRAPH-59D3
U+5BB4	宴	2	CJK Unified Ideographs	Lo	CJK UNIFIED IDEOGRAPH-5BB4
U+5C01	封	2	CJK Unified Ideographs	Lo	CJK UNIFIED IDEOGRAPH-5C01
U+5C4B	屋	2	CJK Unified Ideographs	Lo	CJK UNIFIED IDEOGRAPH-5C4B
U+5C90	岐	2	CJK Unified Ideographs	Lo	CJK UNIFIED IDEOGRAPH-5C90
U+5DEB	巫	2	CJK Unified Ideographs	Lo	CJK UNIFIED IDEOGRAPH-5DEB
U+5DF1	己	2	CJK Unified Ideographs	Lo	CJK UNIFIED IDEOGRAPH-5DF1
U+5DF7	巷	2	CJK Unified Ideographs	Lo	CJK UNIFIED IDEOGRAPH-5DF7
U+5E02	市	2	CJK Unified Ideographs	Lo	CJK UNIFIED IDEOGRAPH-5E02
U+5E25	帥	2	CJK Unified Ideographs	Lo	CJK UNIFIED IDEOGRAPH-5E25
U+5E9A	庚	2	CJK Unified Ideographs	Lo	CJK UNIFIED IDEOGRAPH-5E9A
U+5EB7	康	2	CJK Unified Ideographs	Lo	CJK UNIFIED IDEOGRAPH-5EB7
U+5EB8	庸	2	CJK Unified Ideographs	Lo	CJK UNIFIED IDEOGRAPH-5EB8
U+5EEC	廬	2	CJK Unified Ideographs	Lo	CJK UNIFIED IDEOGRAPH-5EEC
U+5F12	弒	2	CJK Unified Ideographs	Lo	CJK UNIFIED IDEOGRAPH-5F12
U+5F13	弓	2	CJK Unified Ideographs	Lo	CJK UNIFIED IDEOGRAPH-5F13
U+5F59	彙	2	CJK Unified Ideographs	Lo	CJK UNIFIED IDEOGRAPH-5F59
U+5F6D	彭	2	CJK Unified Ideographs	Lo	CJK UNIFIED IDEOGRAPH-5F6D
U+5F70	彰	2	CJK Unified Ideographs	Lo	CJK UNIFIED IDEOGRAPH-5F70
U+5F79	役	2	CJK Unified Ideographs	Lo	CJK UNIFIED IDEOGRAPH-5F79
U+5F92	徒	2	CJK Unified Ideographs	Lo	CJK UNIFIED IDEOGRAPH-5F92
U+5FA1	御	2	CJK Unified Ideographs	Lo	CJK UNIFIED IDEOGRAPH-5FA1
U+5FD2	忒	2	CJK Unified Ideographs	Lo	CJK UNIFIED IDEOGRAPH-5FD2
U+60FB	惻	2	CJK Unified Ideographs	Lo	CJK UNIFIED IDEOGRAPH-60FB
U+6106	愆	2	CJK Unified Ideographs	Lo	CJK UNIFIED IDEOGRAPH-6106
U+6162	慢	2	CJK Unified Ideographs	Lo	CJK UNIFIED IDEOGRAPH-6162
U+618A	憊	2	CJK Unified Ideographs	Lo	CJK UNIFIED IDEOGRAPH-618A
U+61F7	懷	2	CJK Unified Ideographs	Lo	CJK UNIFIED IDEOGRAPH-61F7
U+6214	戔	2	CJK Unified Ideographs	Lo	CJK UNIFIED IDEOGRAPH-6214
U+6215	戕	2	CJK Unified Ideographs	Lo	CJK UNIFIED IDEOGRAPH-6215
U+6250	扐	2	CJK Unified Ideographs	Lo	CJK UNIFIED IDEOGRAPH-6250
U+62D8	拘	2	CJK Unified Ideographs	Lo	CJK UNIFIED IDEOGRAPH-62D8
U+6307	指	2	CJK Unified Ideographs	Lo	CJK UNIFIED IDEOGRAPH-6307
U+639B	掛	2	CJK Unified Ideographs	Lo	CJK UNIFIED IDEOGRAPH-639B
U+63DC	揜	2	CJK Unified Ideographs	Lo	CJK UNIFIED IDEOGRAPH-63DC
U+63EE	揮	2	CJK Unified Ideographs	Lo	CJK UNIFIED IDEOGRAPH-63EE
U+6467	摧	2	CJK Unified Ideographs	Lo	CJK UNIFIED IDEOGRAPH-6467
U+649D	撝	2	CJK Unified Ideographs	Lo	CJK UNIFIED IDEOGRAPH-649D
U+64B0	撰	2	CJK Unified Ideographs	Lo	CJK UNIFIED IDEOGRAPH-64B0
U+653B	攻	2	CJK Unified Ideographs	Lo	CJK UNIFIED IDEOGRAPH-653B
U+655D	敝	2	CJK Unified Ideographs	Lo	CJK UNIFIED IDEOGRAPH-655D
U+6562	敢	2	CJK Unified Ideographs	Lo	CJK UNIFIED IDEOGRAPH-6562
U+6563	散	2	CJK Unified Ideographs	Lo	CJK UNIFIED IDEOGRAPH-6563
U+65C1	旁	2	CJK Unified Ideographs	Lo	CJK UNIFIED IDEOGRAPH-65C1
U+6614	昔	2	CJK Unified Ideographs	Lo	CJK UNIFIED IDEOGRAPH-6614
U+66B4	暴	2	CJK Unified Ideographs	Lo	CJK UNIFIED IDEOGRAPH-66B4
U+66F2	曲	2	CJK Unified Ideographs	Lo	CJK UNIFIED IDEOGRAPH-66F2
U+66F7	曷	2	CJK Unified Ideographs	Lo	CJK UNIFIED IDEOGRAPH-66F7
U+671D	朝	2	CJK Unified Ideographs	Lo	CJK UNIFIED IDEOGRAPH-671D
U+6735	朵	2	CJK Unified Ideographs	Lo	CJK UNIFIED IDEOGRAPH-6735
U+673A	机	2	CJK Unified Ideographs	Lo	CJK UNIFIED IDEOGRAPH-673A
U+6775	杵	2	CJK Unified Ideographs	Lo	CJK UNIFIED IDEOGRAPH-6775
U+67C4	柄	2	CJK Unified Ideographs	Lo	CJK UNIFIED IDEOGRAPH-67C4
U+67C5	柅	2	CJK Unified Ideographs	Lo	CJK UNIFIED IDEOGRAPH-67C5
U+6851	桑	2	CJK Unified Ideographs	Lo	CJK UNIFIED IDEOGRAPH-6851
U+6853	桓	2	CJK Unified Ideographs	Lo	CJK UNIFIED IDEOGRAPH-6853
U+6877	桷	2	CJK Unified Ideographs	Lo	CJK UNIFIED IDEOGRAPH-6877
U+696B	楫	2	CJK Unified Ideographs	Lo	CJK UNIFIED IDEOGRAPH-696B
U+69AE	榮	2	CJK Unified Ideographs	Lo	CJK UNIFIED IDEOGRAPH-69AE
U+6A1E	樞	2	CJK Unified Ideographs	Lo	CJK UNIFIED IDEOGRAPH-6A1E
U+6A3D	樽	2	CJK Unified Ideographs	Lo	CJK UNIFIED IDEOGRAPH-6A3D
U+6A5F	機	2	CJK Unified Ideographs	Lo	CJK UNIFIED IDEOGRAPH-6A5F
U+6B4C	歌	2	CJK Unified Ideographs	Lo	CJK UNIFIED IDEOGRAPH-6B4C
U+6BB7	殷	2	CJK Unified Ideographs	Lo	CJK UNIFIED IDEOGRAPH-6BB7
U+6BC0	毀	2	CJK Unified Ideographs	Lo	CJK UNIFIED IDEOGRAPH-6BC0
U+6C92	沒	2	CJK Unified Ideographs	Lo	CJK UNIFIED IDEOGRAPH-6C92
U+6C99	沙	2	CJK Unified Ideographs	Lo	CJK UNIFIED IDEOGRAPH-6C99
U+6C9B	沛	2	CJK Unified Ideographs	Lo	CJK UNIFIED IDEOGRAPH-6C9B
U+6CB3	河	2	CJK Unified Ideographs	Lo	CJK UNIFIED IDEOGRAPH-6CB3
U+6D0A	洊	2	CJK Unified Ideographs	Lo	CJK UNIFIED IDEOGRAPH-6D0A
U+6D1F	洟	2	CJK Unified Ideographs	Lo	CJK UNIFIED IDEOGRAPH-6D1F
U+6D5A	浚	2	CJK Unified Ideographs	Lo	CJK UNIFIED IDEOGRAPH-6D5A
U+6D78	浸	2	CJK Unified Ideographs	Lo	CJK UNIFIED IDEOGRAPH-6D78
U+6E25	渥	2	CJK Unified Ideographs	Lo	CJK UNIFIED IDEOGRAPH-6E25
U+6E2B	渫	2	CJK Unified Ideographs	Lo	CJK UNIFIED IDEOGRAPH-6E2B
U+6F23	漣	2	CJK Unified Ideographs	Lo	CJK UNIFIED IDEOGRAPH-6F23
U+7121	無	2	CJK Unified Ideographs	Lo	CJK UNIFIED IDEOGRAPH-7121
U+71E5	燥	2	CJK Unified Ideographs	Lo	CJK UNIFIED IDEOGRAPH-71E5
U+7235	爵	2	CJK Unified Ideographs	Lo	CJK UNIFIED IDEOGRAPH-7235
U+7272	牲	2	CJK Unified Ideographs	Lo	CJK UNIFIED IDEOGRAPH-7272
U+72A7	犧	2	CJK Unified Ideographs	Lo	CJK UNIFIED IDEOGRAPH-72A7
U+72D7	狗	2	CJK Unified Ideographs	Lo	CJK UNIFIED IDEOGRAPH-72D7
U+72E9	狩	2	CJK Unified Ideographs	Lo	CJK UNIFIED IDEOGRAPH-72E9
U+74F6	瓶	2	CJK Unified Ideographs	Lo	CJK UNIFIED IDEOGRAPH-74F6
U+7503	甃	2	CJK Unified Ideographs	Lo	CJK UNIFIED IDEOGRAPH-7503
U+7533	申	2	CJK Unified Ideographs	Lo	CJK UNIFIED IDEOGRAPH-7533
U+754F	畏	2	CJK Unified Ideographs	Lo	CJK UNIFIED IDEOGRAPH-754F
U+76E5	盥	2	CJK Unified Ideographs	Lo	CJK UNIFIED IDEOGRAPH-76E5
U+76F1	盱	2	CJK Unified Ideographs	Lo	CJK UNIFIED IDEOGRAPH-76F1
U+7708	眈	2	CJK Unified Ideographs	Lo	CJK UNIFIED IDEOGRAPH-7708
U+77CD	矍	2	CJK Unified Ideographs	Lo	CJK UNIFIED IDEOGRAPH-77CD
U+7814	研	2	CJK Unified Ideographs	Lo	CJK UNIFIED IDEOGRAPH-7814
U+78BA	確	2	CJK Unified Ideographs	Lo	CJK UNIFIED IDEOGRAPH-78BA
U+7956	祖	2	CJK Unified Ideographs	Lo	CJK UNIFIED IDEOGRAPH-7956
U+797F	祿	2	CJK Unified Ideographs	Lo	CJK UNIFIED IDEOGRAPH-797F
U+7A3A	稺	2	CJK Unified Ideographs	Lo	CJK UNIFIED IDEOGRAPH-7A3A
U+7A6B	穫	2	CJK Unified Ideographs	Lo	CJK UNIFIED IDEOGRAPH-7A6B
U+7A76	究	2	CJK Unified Ideographs	Lo	CJK UNIFIED IDEOGRAPH-7A76
U+7A81	突	2	CJK Unified Ideographs	Lo	CJK UNIFIED IDEOGRAPH-7A81
U+7A9E	窞	2	CJK Unified Ideographs	Lo	CJK UNIFIED IDEOGRAPH-7A9E
U+7B49	等	2	CJK Unified Ideographs	Lo	CJK UNIFIED IDEOGRAPH-7B49
U+7B50	筐	2	CJK Unified Ideographs	Lo	CJK UNIFIED IDEOGRAPH-7B50
U+7D0D	納	2	CJK Unified Ideographs	Lo	CJK UNIFIED IDEOGRAPH-7D0D
U+7D1B	紛	2	CJK Unified Ideographs	Lo	CJK UNIFIED IDEOGRAPH-7D1B
U+7D31	紱	2	CJK Unified Ideographs	Lo	CJK UNIFIED IDEOGRAPH-7D31
U+7D50	結	2	CJK Unified Ideographs	Lo	CJK UNIFIED IDEOGRAPH-7D50
U+7DB8	綸	2	CJK Unified Ideographs	Lo	CJK UNIFIED IDEOGRAPH-7DB8
U+7E15	縕	2	CJK Unified Ideographs	Lo	CJK UNIFIED IDEOGRAPH-7E15
U+7E58	繘	2	CJK Unified Ideographs	Lo	CJK UNIFIED IDEOGRAPH-7E58
U+7E7C	繼	2	CJK Unified Ideographs	Lo	CJK UNIFIED IDEOGRAPH-7E7C
U+7F6A	罪	2	CJK Unified Ideographs	Lo	CJK UNIFIED IDEOGRAPH-7F6A
U+7F70	罰	2	CJK Unified Ideographs	Lo	CJK UNIFIED IDEOGRAPH-7F70
U+7F77	罷	2	CJK Unified Ideographs	Lo	CJK UNIFIED IDEOGRAPH-7F77
U+7F9D	羝	2	CJK Unified Ideographs	Lo	CJK UNIFIED IDEOGRAPH-7F9D
U+7FBD	羽	2	CJK Unified Ideographs	Lo	CJK UNIFIED IDEOGRAPH-7FBD
U+8012	耒	2	CJK Unified Ideographs	Lo	CJK UNIFIED IDEOGRAPH-8012
U+8015	耕	2	CJK Unified Ideographs	Lo	CJK UNIFIED IDEOGRAPH-8015
U+8089	肉	2	CJK Unified Ideographs	Lo	CJK UNIFIED IDEOGRAPH-8089
U+80A5	肥	2	CJK Unified Ideographs	Lo	CJK UNIFIED IDEOGRAPH-80A5
U+80B1	肱	2	CJK Unified Ideographs	Lo	CJK UNIFIED IDEOGRAPH-80B1
U+8122	脢	2	CJK Unified Ideographs	Lo	CJK UNIFIED IDEOGRAPH-8122
U+8153	腓	2	CJK Unified Ideographs	Lo	CJK UNIFIED IDEOGRAPH-8153
U+81ED	臭	2	CJK Unified Ideographs	Lo	CJK UNIFIED IDEOGRAPH-81ED
U+81FC	臼	2	CJK Unified Ideographs	Lo	CJK UNIFIED IDEOGRAPH-81FC
U+821C	舜	2	CJK Unified Ideographs	Lo	CJK UNIFIED IDEOGRAPH-821C
U+8332	茲	2	CJK Unified Ideographs	Lo	CJK UNIFIED IDEOGRAPH-8332
U+8339	茹	2	CJK Unified Ideographs	Lo	CJK UNIFIED IDEOGRAPH-8339
U+8352	荒	2	CJK Unified Ideographs	Lo	CJK UNIFIED IDEOGRAPH-8352
U+83BD	莽	2	CJK Unified Ideographs	Lo	CJK UNIFIED IDEOGRAPH-83BD
U+83EF	華	2	CJK Unified Ideographs	Lo	CJK UNIFIED IDEOGRAPH-83EF
U+845B	葛	2	CJK Unified Ideographs	Lo	CJK UNIFIED IDEOGRAPH-845B
U+846C	葬	2	CJK Unified Ideographs	Lo	CJK UNIFIED IDEOGRAPH-846C
U+8511	蔑	2	CJK Unified Ideographs	Lo	CJK UNIFIED IDEOGRAPH-8511
U+85B0	薰	2	CJK Unified Ideographs	Lo	CJK UNIFIED IDEOGRAPH-85B0
U+85DF	藟	2	CJK Unified Ideographs	Lo	CJK UNIFIED IDEOGRAPH-85DF
U+85E5	藥	2	CJK Unified Ideographs	Lo	CJK UNIFIED IDEOGRAPH-85E5
U+8667	虧	2	CJK Unified Ideographs	Lo	CJK UNIFIED IDEOGRAPH-8667
U+8862	衢	2	CJK Unified Ideographs	Lo	CJK UNIFIED IDEOGRAPH-8862
U+8870	衰	2	CJK Unified Ideographs	Lo	CJK UNIFIED IDEOGRAPH-8870
U+8879	衹	2	CJK Unified Ideographs	Lo	CJK UNIFIED IDEOGRAPH-8879
U+88C1	裁	2	CJK Unified Ideographs	Lo	CJK UNIFIED IDEOGRAPH-88C1
U+89BF	覿	2	CJK Unified Ideographs	Lo	CJK UNIFIED IDEOGRAPH-89BF
U+8A66	試	2	CJK Unified Ideographs	Lo	CJK UNIFIED IDEOGRAPH-8A66
U+8AA0	誠	2	CJK Unified Ideographs	Lo	CJK UNIFIED IDEOGRAPH-8AA0
U+8AA8	誨	2	CJK Unified Ideographs	Lo	CJK UNIFIED IDEOGRAPH-8AA8
U+8B39	謹	2	CJK Unified Ideographs	Lo	CJK UNIFIED IDEOGRAPH-8B39
U+8B58	識	2	CJK Unified Ideographs	Lo	CJK UNIFIED IDEOGRAPH-8B58
U+8C79	豹	2	CJK Unified Ideographs	Lo	CJK UNIFIED IDEOGRAPH-8C79
U+8FB2	農	2	CJK Unified Ideographs	Lo	CJK UNIFIED IDEOGRAPH-8FB2
U+900B	逋	2	CJK Unified Ideographs	Lo	CJK UNIFIED IDEOGRAPH-900B
U+9020	造	2	CJK Unified Ideographs	Lo	CJK UNIFIED IDEOGRAPH-9020
U+9023	連	2	CJK Unified Ideographs	Lo	CJK UNIFIED IDEOGRAPH-9023
U+902E	逮	2	CJK Unified Ideographs	Lo	CJK UNIFIED IDEOGRAPH-902E
U+9072	遲	2	CJK Unified Ideographs	Lo	CJK UNIFIED IDEOGRAPH-9072
U+9589	閉	2	CJK Unified Ideographs	Lo	CJK UNIFIED IDEOGRAPH-9589
U+958F	閏	2	CJK Unified Ideographs	Lo	CJK UNIFIED IDEOGRAPH-958F
U+9593	間	2	CJK Unified Ideographs	Lo	CJK UNIFIED IDEOGRAPH-9593
U+95C3	闃	2	CJK Unified Ideographs	Lo	CJK UNIFIED IDEOGRAPH-95C3
U+95D4	闔	2	CJK Unified Ideographs	Lo	CJK UNIFIED IDEOGRAPH-95D4
U+9632	防	2	CJK Unified Ideographs	Lo	CJK UNIFIED IDEOGRAPH-9632
U+9644	附	2	CJK Unified Ideographs	Lo	CJK UNIFIED IDEOGRAPH-9644
U+9650	限	2	CJK Unified Ideographs	Lo	CJK UNIFIED IDEOGRAPH-9650
U+9686	隆	2	CJK Unified Ideographs	Lo	CJK UNIFIED IDEOGRAPH-9686
U+968D	隍	2	CJK Unified Ideographs	Lo	CJK UNIFIED IDEOGRAPH-968D
U+9695	隕	2	CJK Unified Ideographs	Lo	CJK UNIFIED IDEOGRAPH-9695
U+9761	靡	2	CJK Unified Ideographs	Lo	CJK UNIFIED IDEOGRAPH-9761
U+978F	鞏	2	CJK Unified Ideographs	Lo	CJK UNIFIED IDEOGRAPH-978F
U+9830	頰	2	CJK Unified Ideographs	Lo	CJK UNIFIED IDEOGRAPH-9830
U+9852	顒	2	CJK Unified Ideographs	Lo	CJK UNIFIED IDEOGRAPH-9852
U+9859	顙	2	CJK Unified Ideographs	Lo	CJK UNIFIED IDEOGRAPH-9859
U+98FE	飾	2	CJK Unified Ideographs	Lo	CJK UNIFIED IDEOGRAPH-98FE
U+9918	餘	2	CJK Unified Ideographs	Lo	CJK UNIFIED IDEOGRAPH-9918
U+9B2F	鬯	2	CJK Unified Ideographs	Lo	CJK UNIFIED IDEOGRAPH-9B2F
U+9B92	鮒	2	CJK Unified Ideographs	Lo	CJK UNIFIED IDEOGRAPH-9B92
U+9DB4	鶴	2	CJK Unified Ideographs	Lo	CJK UNIFIED IDEOGRAPH-9DB4
U+9E7F	鹿	2	CJK Unified Ideographs	Lo	CJK UNIFIED IDEOGRAPH-9E7F
U+9ED8	默	2	CJK Unified Ideographs	Lo	CJK UNIFIED IDEOGRAPH-9ED8
U+9F2B	鼫	2	CJK Unified Ideographs	Lo	CJK UNIFIED IDEOGRAPH-9F2B
U+9F3B	鼻	2	CJK Unified Ideographs	Lo	CJK UNIFIED IDEOGRAPH-9F3B
U+9F4E	齎	2	CJK Unified Ideographs	Lo	CJK UNIFIED IDEOGRAPH-9F4E
U+4DC0	䷀	1	Yijing Hexagram Symbols	So	HEXAGRAM FOR THE CREATIVE HEAVEN
U+4DC1	䷁	1	Yijing Hexagram Symbols	So	HEXAGRAM FOR THE RECEPTIVE EARTH
U+4DC2	䷂	1	Yijing Hexagram Symbols	So	HEXAGRAM FOR DIFFICULTY AT THE BEGINNING
U+4DC3	䷃	1	Yijing Hexagram Symbols	So	HEXAGRAM FOR YOUTHFUL FOLLY
U+4DC4	䷄	1	Yijing Hexagram Symbols	So	HEXAGRAM FOR WAITING
U+4DC5	䷅	1	Yijing Hexagram Symbols	So	HEXAGRAM FOR CONFLICT
U+4DC6	䷆	1	Yijing Hexagram Symbols	So	HEXAGRAM FOR THE ARMY
U+4DC8	䷈	1	Yijing Hexagram Symbols	So	HEXAGRAM FOR SMALL TAMING
U+4DC9	䷉	1	Yijing Hexagram Symbols	So	HEXAGRAM FOR TREADING
U+4DCA	䷊	1	Yijing Hexagram Symbols	So	HEXAGRAM FOR PEACE
U+4DCB	䷋	1	Yijing Hexagram Symbols	So	HEXAGRAM FOR STANDSTILL
U+4DCC	䷌	1	Yijing Hexagram Symbols	So	HEXAGRAM FOR FELLOWSHIP
U+4DCD	䷍	1	Yijing Hexagram Symbols	So	HEXAGRAM FOR GREAT POSSESSION
U+4DCF	䷏	1	Yijing Hexagram Symbols	So	HEXAGRAM FOR ENTHUSIASM
U+4DD0	䷐	1	Yijing Hexagram Symbols	So	HEXAGRAM FOR FOLLOWING
U+4DD1	䷑	1	Yijing Hexagram Symbols	So	HEXAGRAM FOR WORK ON THE DECAYED
U+4DD2	䷒	1	Yijing Hexagram Symbols	So	HEXAGRAM FOR APPROACH
U+4DD3	䷓	1	Yijing Hexagram Symbols	So	HEXAGRAM FOR CONTEMPLATION
U+4DD4	䷔	1	Yijing Hexagram Symbols	So	HEXAGRAM FOR BITING THROUGH
U+4DD5	䷕	1	Yijing Hexagram Symbols	So	HEXAGRAM FOR GRACE
U+4DD6	䷖	1	Yijing Hexagram Symbols	So	HEXAGRAM FOR SPLITTING APART
U+4DD7	䷗	1	Yijing Hexagram Symbols	So	HEXAGRAM FOR RETURN
U+4DD8	䷘	1	Yijing Hexagram Symbols	So	HEXAGRAM FOR INNOCENCE
U+4DD9	䷙	1	Yijing Hexagram Symbols	So	HEXAGRAM FOR GREAT TAMING
U+4DDA	䷚	1	Yijing Hexagram Symbols	So	HEXAGRAM FOR MOUTH CORNERS
U+4DDB	䷛	1	Yijing Hexagram Symbols	So	HEXAGRAM FOR GREAT PREPONDERANCE
U+4DDC	䷜	1	Yijing Hexagram Symbols	So	HEXAGRAM FOR THE ABYSMAL WATER
U+4DDD	䷝	1	Yijing Hexagram Symbols	So	HEXAGRAM FOR THE CLINGING FIRE
U+4DDE	䷞	1	Yijing Hexagram Symbols	So	HEXAGRAM FOR INFLUENCE
U+4DDF	䷟	1	Yijing Hexagram Symbols	So	HEXAGRAM FOR DURATION
U+4DE0	䷠	1	Yijing Hexagram Symbols	So	HEXAGRAM FOR RETREAT
U+4DE1	䷡	1	Yijing Hexagram Symbols	So	HEXAGRAM FOR GREAT POWER
U+4DE2	䷢	1	Yijing Hexagram Symbols	So	HEXAGRAM FOR PROGRESS
U+4DE3	䷣	1	Yijing Hexagram Symbols	So	HEXAGRAM FOR DARKENING OF THE LIGHT
U+4DE4	䷤	1	Yijing Hexagram Symbols	So	HEXAGRAM FOR THE FAMILY
U+4DE5	䷥	1	Yijing Hexagram Symbols	So	HEXAGRAM FOR OPPOSITION
U+4DE6	䷦	1	Yijing Hexagram Symbols	So	HEXAGRAM FOR OBSTRUCTION
U+4DE7	䷧	1	Yijing Hexagram Symbols	So	HEXAGRAM FOR DELIVERANCE
U+4DE8	䷨	1	Yijing Hexagram Symbols	So	HEXAGRAM FOR DECREASE
U+4DE9	䷩	1	Yijing Hexagram Symbols	So	HEXAGRAM FOR INCREASE
U+4DEA	䷪	1	Yijing Hexagram Symbols	So	HEXAGRAM FOR BREAKTHROUGH
U+4DEB	䷫	1	Yijing Hexagram Symbols	So	HEXAGRAM FOR COMING TO MEET
U+4DEC	䷬	1	Yijing Hexagram Symbols	So	HEXAGRAM FOR GATHERING TOGETHER
U+4DED	䷭	1	Yijing Hexagram Symbols	So	HEXAGRAM FOR PUSHING UPWARD
U+4DEE	䷮	1	Yijing Hexagram Symbols	So	HEXAGRAM FOR OPPRESSION
U+4DEF	䷯	1	Yijing Hexagram Symbols	So	HEXAGRAM FOR THE WELL
U+4DF0	䷰	1	Yijing Hexagram Symbols	So	HEXAGRAM FOR REVOLUTION
U+4DF1	䷱	1	Yijing Hexagram Symbols	So	HEXAGRAM FOR THE CAULDRON
U+4DF2	䷲	1	Yijing Hexagram Symbols	So	HEXAGRAM FOR THE AROUSING THUNDER
U+4DF3	䷳	1	Yijing Hexagram Symbols	So	HEXAGRAM FOR THE KEEPING STILL MOUNTAIN
U+4DF4	䷴	1	Yijing Hexagram Symbols	So	HEXAGRAM FOR DEVELOPMENT
U+4DF5	䷵	1	Yijing Hexagram Symbols	So	HEXAGRAM FOR THE MARRYING MAIDEN
U+4DF6	䷶	1	Yijing Hexagram Symbols	So	HEXAGRAM FOR ABUNDANCE
U+4DF7	䷷	1	Yijing Hexagram Symbols	So	HEXAGRAM FOR THE WANDERER
U+4DF8	䷸	1	Yijing Hexagram Symbols	So	HEXAGRAM FOR THE GENTLE WIND
U+4DF9	䷹	1	Yijing Hexagram Symbols	So	HEXAGRAM FOR THE JOYOUS LAKE
U+4DFA	䷺	1	Yijing Hexagram Symbols	So	HEXAGRAM FOR DISPERSION
U+4DFB	䷻	1	Yijing Hexagram Symbols	So	HEXAGRAM FOR LIMITATION
U+4DFC	䷼	1	Yijing Hexagram Symbols	So	HEXAGRAM FOR INNER TRUTH
U+4DFD	䷽	1	Yijing Hexagram Symbols	So	HEXAGRAM FOR SMALL PREPONDERANCE
U+4DFE	䷾	1	Yijing Hexagram Symbols	So	HEXAGRAM FOR AFTER COMPLETION
U+4DFF	䷿	1	Yijing Hexagram Symbols	So	HEXAGRAM FOR BEFORE COMPLETION
U+4E26	並	1	CJK Unified Ideographs	Lo	CJK UNIFIED IDEOGRAPH-4E26
U+4E91	云	1	CJK Unified Ideographs	Lo	CJK UNIFIED IDEOGRAPH-4E91
U+4E9F	亟	1	CJK Unified Ideographs	Lo	CJK UNIFIED IDEOGRAPH-4E9F
U+4EE3	代	1	CJK Unified Ideographs	Lo	CJK UNIFIED IDEOGRAPH-4EE3
U+4F0D	伍	1	CJK Unified Ideographs	Lo	CJK UNIFIED IDEOGRAPH-4F0D
U+4F38	伸	1	CJK Unified Ideographs	Lo	CJK UNIFIED IDEOGRAPH-4F38
U+4F3C	似	1	CJK Unified Ideographs	Lo	CJK UNIFIED IDEOGRAPH-4F3C
U+4F43	佃	1	CJK Unified Ideographs	Lo	CJK UNIFIED IDEOGRAPH-4F43
U+4F9D	依	1	CJK Unified Ideographs	Lo	CJK UNIFIED IDEOGRAPH-4F9D
U+4FD7	俗	1	CJK Unified Ideographs	Lo	CJK UNIFIED IDEOGRAPH-4FD7
U+4FDF	俟	1	CJK Unified Ideographs	Lo	CJK UNIFIED IDEOGRAPH-4FDF
U+4FEE	修	1	CJK Unified Ideographs	Lo	CJK UNIFIED IDEOGRAPH-4FEE
U+500D	倍	1	CJK Unified Ideographs	Lo	CJK UNIFIED IDEOGRAPH-500D
U+501A	倚	1	CJK Unified Ideographs	Lo	CJK UNIFIED IDEOGRAPH-501A
U+5026	倦	1	CJK Unified Ideographs	Lo	CJK UNIFIED IDEOGRAPH-5026
U+504F	偏	1	CJK Unified Ideographs	Lo	CJK UNIFIED IDEOGRAPH-504F
U+5104	億	1	CJK Unified Ideographs	Lo	CJK UNIFIED IDEOGRAPH-5104
U+514D	免	1	CJK Unified Ideographs	Lo	CJK UNIFIED IDEOGRAPH-514D
U+5168	全	1	CJK Unified Ideographs	Lo	CJK UNIFIED IDEOGRAPH-5168
U+5175	兵	1	CJK Unified Ideographs	Lo	CJK UNIFIED IDEOGRAPH-5175
U+5191	冑	1	CJK Unified Ideographs	Lo	CJK UNIFIED IDEOGRAPH-5191
U+5192	冒	1	CJK Unified Ideographs	Lo	CJK UNIFIED IDEOGRAPH-5192
U+51B6	冶	1	CJK Unified Ideographs	Lo	CJK UNIFIED IDEOGRAPH-51B6
U+5207	切	1	CJK Unified Ideographs	Lo	CJK UNIFIED IDEOGRAPH-5207
U+5232	刲	1	CJK Unified Ideographs	Lo	CJK UNIFIED IDEOGRAPH-5232
U+5233	刳	1	CJK Unified Ideographs	Lo	CJK UNIFIED IDEOGRAPH-5233
U+529B	力	1	CJK Unified Ideographs	Lo	CJK UNIFIED IDEOGRAPH-529B
U+52D1	勑	1	CJK Unified Ideographs	Lo	CJK UNIFIED IDEOGRAPH-52D1
U+52E2	勢	1	CJK Unified Ideographs	Lo	CJK UNIFIED IDEOGRAPH-52E2
U+534A	半	1	CJK Unified Ideographs	Lo	CJK UNIFIED IDEOGRAPH-534A
U+5352	卒	1	CJK Unified Ideographs	Lo	CJK UNIFIED IDEOGRAPH-5352
U+535A	博	1	CJK Unified Ideographs	Lo	CJK UNIFIED IDEOGRAPH-535A
U+535C	卜	1	CJK Unified Ideographs	Lo	CJK UNIFIED IDEOGRAPH-535C
U+537C	卼	1	CJK Unified Ideographs	Lo	CJK UNIFIED IDEOGRAPH-537C
U+53A4	厤	1	CJK Unified Ideographs	Lo	CJK UNIFIED IDEOGRAPH-53A4
U+53AD	厭	1	CJK Unified Ideographs	Lo	CJK UNIFIED IDEOGRAPH-53AD
U+53DB	叛	1	CJK Unified Ideographs	Lo	CJK UNIFIED IDEOGRAPH-53DB
U+53E1	叡	1	CJK Unified Ideographs	Lo	CJK UNIFIED IDEOGRAPH-53E1
U+53E2	叢	1	CJK Unified Ideographs	Lo	CJK UNIFIED IDEOGRAPH-53E2
U+53F2	史	1	CJK Unified Ideographs	Lo	CJK UNIFIED IDEOGRAPH-53F2
U+54C0	哀	1	CJK Unified Ideographs	Lo	CJK UNIFIED IDEOGRAPH-54C0
U+5599	喙	1	CJK Unified Ideographs	Lo	CJK UNIFIED IDEOGRAPH-5599
U+55C7	嗇	1	CJK Unified Ideographs	Lo	CJK UNIFIED IDEOGRAPH-55C7
U+566B	噫	1	CJK Unified Ideographs	Lo	CJK UNIFIED IDEOGRAPH-566B
U+570D	圍	1	CJK Unified Ideographs	Lo	CJK UNIFIED IDEOGRAPH-570D
U+5712	園	1	CJK Unified Ideographs	Lo	CJK UNIFIED IDEOGRAPH-5712
U+5713	圓	1	CJK Unified Ideographs	Lo	CJK UNIFIED IDEOGRAPH-5713
U+5716	圖	1	CJK Unified Ideographs	Lo	CJK UNIFIED IDEOGRAPH-5716
U+571C	圜	1	CJK Unified Ideographs	Lo	CJK UNIFIED IDEOGRAPH-571C
U+572D	圭	1	CJK Unified Ideographs	Lo	CJK UNIFIED IDEOGRAPH-572D
U+5747	均	1	CJK Unified Ideographs	Lo	CJK UNIFIED IDEOGRAPH-5747
U+577C	坼	1	CJK Unified Ideographs	Lo	CJK UNIFIED IDEOGRAPH-577C
U+57FA	基	1	CJK Unified Ideographs	Lo	CJK UNIFIED IDEOGRAPH-57FA
U+5831	報	1	CJK Unified Ideographs	Lo	CJK UNIFIED IDEOGRAPH-5831
U+5924	夤	1	CJK Unified Ideographs	Lo	CJK UNIFIED IDEOGRAPH-5924
U+592A	太	1	CJK Unified Ideographs	Lo	CJK UNIFIED IDEOGRAPH-592A
U+5949	奉	1	CJK Unified Ideographs	Lo	CJK UNIFIED IDEOGRAPH-5949
U+5951	契	1	CJK Unified Ideographs	Lo	CJK UNIFIED IDEOGRAPH-5951
U+596A	奪	1	CJK Unified Ideographs	Lo	CJK UNIFIED IDEOGRAPH-596A
U+596E	奮	1	CJK Unified Ideographs	Lo	CJK UNIFIED IDEOGRAPH-596E
U+5999	妙	1	CJK Unified Ideographs	Lo	CJK UNIFIED IDEOGRAPH-5999
U+59A3	妣	1	CJK Unified Ideographs	Lo	CJK UNIFIED IDEOGRAPH-59A3
U+5ACC	嫌	1	CJK Unified Ideographs	Lo	CJK UNIFIED IDEOGRAPH-5ACC
U+5B5D	孝	1	CJK Unified Ideographs	Lo	CJK UNIFIED IDEOGRAPH-5B5D
U+5B78	學	1	CJK Unified Ideographs	Lo	CJK UNIFIED IDEOGRAPH-5B78
U+5B85	宅	1	CJK Unified Ideographs	Lo	CJK UNIFIED IDEOGRAPH-5B85
U+5B87	宇	1	CJK Unified Ideographs	Lo	CJK UNIFIED IDEOGRAPH-5B87
U+5BA3	宣	1	CJK Unified Ideographs	Lo	CJK UNIFIED IDEOGRAPH-5BA3
U+5BA5	宥	1	CJK Unified Ideographs	Lo	CJK UNIFIED IDEOGRAPH-5BA5
U+5BC2	寂	1	CJK Unified Ideographs	Lo	CJK UNIFIED IDEOGRAPH-5BC2
U+5BD8	寘	1	CJK Unified Ideographs	Lo	CJK UNIFIED IDEOGRAPH-5BD8
U+5BEC	寬	1	CJK Unified Ideographs	Lo	CJK UNIFIED IDEOGRAPH-5BEC
U+5BF6	寶	1	CJK Unified Ideographs	Lo	CJK UNIFIED IDEOGRAPH-5BF6
U+5BFA	寺	1	CJK Unified Ideographs	Lo	CJK UNIFIED IDEOGRAPH-5BFA
U+5C08	專	1	CJK Unified Ideographs	Lo	CJK UNIFIED IDEOGRAPH-5C08
U+5C0D	對	1	CJK Unified Ideographs	Lo	CJK UNIFIED IDEOGRAPH-5C0D
U+5C3A	尺	1	CJK Unified Ideographs	Lo	CJK UNIFIED IDEOGRAPH-5C3A
U+5C62	屢	1	CJK Unified Ideographs	Lo	CJK UNIFIED IDEOGRAPH-5C62
U+5C6C	屬	1	CJK Unified Ideographs	Lo	CJK UNIFIED IDEOGRAPH-5C6C
U+5DE2	巢	1	CJK Unified Ideographs	Lo	CJK UNIFIED IDEOGRAPH-5DE2
U+5DE5	工	1	CJK Unified Ideographs	Lo	CJK UNIFIED IDEOGRAPH-5DE5
U+5E03	布	1	CJK Unified Ideographs	Lo	CJK UNIFIED IDEOGRAPH-5E03
U+5E1B	帛	1	CJK Unified Ideographs	Lo	CJK UNIFIED IDEOGRAPH-5E1B
U+5E36	帶	1	CJK Unified Ideographs	Lo	CJK UNIFIED IDEOGRAPH-5E36
U+5E55	幕	1	CJK Unified Ideographs	Lo	CJK UNIFIED IDEOGRAPH-5E55
U+5E72	干	1	CJK Unified Ideographs	Lo	CJK UNIFIED IDEOGRAPH-5E72
U+5EE2	廢	1	CJK Unified Ideographs	Lo	CJK UNIFIED IDEOGRAPH-5EE2
U+5F0B	弋	1	CJK Unified Ideographs	Lo	CJK UNIFIED IDEOGRAPH-5F0B
U+5F18	弘	1	CJK Unified Ideographs	Lo	CJK UNIFIED IDEOGRAPH-5F18
U+5F26	弦	1	CJK Unified Ideographs	Lo	CJK UNIFIED IDEOGRAPH-5F26
U+5F31	弱	1	CJK Unified Ideographs	Lo	CJK UNIFIED IDEOGRAPH-5F31
U+5F35	張	1	CJK Unified Ideographs	Lo	CJK UNIFIED IDEOGRAPH-5F35
U+5F37	強	1	CJK Unified Ideographs	Lo	CJK UNIFIED IDEOGRAPH-5F37
U+5F4C	彌	1	CJK Unified Ideographs	Lo	CJK UNIFIED IDEOGRAPH-5F4C
U+5F7C	彼	1	CJK Unified Ideographs	Lo	CJK UNIFIED IDEOGRAPH-5F7C
U+5F91	徑	1	CJK Unified Ideographs	Lo	CJK UNIFIED IDEOGRAPH-5F91
U+5FBD	徽	1	CJK Unified Ideographs	Lo	CJK UNIFIED IDEOGRAPH-5FBD
U+5FCC	忌	1	CJK Unified Ideographs	Lo	CJK UNIFIED IDEOGRAPH-5FCC
U+5FE0	忠	1	CJK Unified Ideographs	Lo	CJK UNIFIED IDEOGRAPH-5FE0
U+5FFF	忿	1	CJK Unified Ideographs	Lo	CJK UNIFIED IDEOGRAPH-5FFF
U+6020	怠	1	CJK Unified Ideographs	Lo	CJK UNIFIED IDEOGRAPH-6020
U+6028	怨	1	CJK Unified Ideographs	Lo	CJK UNIFIED IDEOGRAPH-6028
U+6065	恥	1	CJK Unified Ideographs	Lo	CJK UNIFIED IDEOGRAPH-6065
U+6089	悉	1	CJK Unified Ideographs	Lo	CJK UNIFIED IDEOGRAPH-6089
U+60DF	惟	1	CJK Unified Ideographs	Lo	CJK UNIFIED IDEOGRAPH-60DF
U+6101	愁	1	CJK Unified Ideographs	Lo	CJK UNIFIED IDEOGRAPH-6101
U+614D	慍	1	CJK Unified Ideographs	Lo	CJK UNIFIED IDEOGRAPH-614D
U+615A	慚	1	CJK Unified Ideographs	Lo	CJK UNIFIED IDEOGRAPH-615A
U+61FF	懿	1	CJK Unified Ideographs	Lo	CJK UNIFIED IDEOGRAPH-61FF
U+6208	戈	1	CJK Unified Ideographs	Lo	CJK UNIFIED IDEOGRAPH-6208
U+621A	戚	1	CJK Unified Ideographs	Lo	CJK UNIFIED IDEOGRAPH-621A
U+624B	手	1	CJK Unified Ideographs	Lo	CJK UNIFIED IDEOGRAPH-624B
U+624D	才	1	CJK Unified Ideographs	Lo	CJK UNIFIED IDEOGRAPH-624D
U+62DB	招	1	CJK Unified Ideographs	Lo	CJK UNIFIED IDEOGRAPH-62DB
U+6387	掇	1	CJK Unified Ideographs	Lo	CJK UNIFIED IDEOGRAPH-6387
U+6398	掘	1	CJK Unified Ideographs	Lo	CJK UNIFIED IDEOGRAPH-6398
U+63A2	探	1	CJK Unified Ideographs	Lo	CJK UNIFIED IDEOGRAPH-63A2
U+63A3	掣	1	CJK Unified Ideographs	Lo	CJK UNIFIED IDEOGRAPH-63A3
U+63C6	揆	1	CJK Unified Ideographs	Lo	CJK UNIFIED IDEOGRAPH-63C6
U+63C9	揉	1	CJK Unified Ideographs	Lo	CJK UNIFIED IDEOGRAPH-63C9
U+63E1	握	1	CJK Unified Ideographs	Lo	CJK UNIFIED IDEOGRAPH-63E1
U+63F2	揲	1	CJK Unified Ideographs	Lo	CJK UNIFIED IDEOGRAPH-63F2
U+6469	摩	1	CJK Unified Ideographs	Lo	CJK UNIFIED IDEOGRAPH-6469
U+652F	支	1	CJK Unified Ideographs	Lo	CJK UNIFIED IDEOGRAPH-652F
U+6536	收	1	CJK Unified Ideographs	Lo	CJK UNIFIED IDEOGRAPH-6536
U+653F	政	1	CJK Unified Ideographs	Lo	CJK UNIFIED IDEOGRAPH-653F
U+65B2	斲	1	CJK Unified Ideographs	Lo	CJK UNIFIED IDEOGRAPH-65B2
U+65C9	旉	1	CJK Unified Ideographs	Lo	CJK UNIFIED IDEOGRAPH-65C9
U+65CB	旋	1	CJK Unified Ideographs	Lo	CJK UNIFIED IDEOGRAPH-65CB
U+65CF	族	1	CJK Unified Ideographs	Lo	CJK UNIFIED IDEOGRAPH-65CF
U+65E8	旨	1	CJK Unified Ideographs	Lo	CJK UNIFIED IDEOGRAPH-65E8
U+65E9	早	1	CJK Unified Ideographs	Lo	CJK UNIFIED IDEOGRAPH-65E9
U+6627	昧	1	CJK Unified Ideographs	Lo	CJK UNIFIED IDEOGRAPH-6627
U+662D	昭	1	CJK Unified Ideographs	Lo	CJK UNIFIED IDEOGRAPH-662D
U+6662	晢	1	CJK Unified Ideographs	Lo	CJK UNIFIED IDEOGRAPH-6662
U+666E	普	1	CJK Unified Ideographs	Lo	CJK UNIFIED IDEOGRAPH-666E
U+6689	暉	1	CJK Unified Ideographs	Lo	CJK UNIFIED IDEOGRAPH-6689
U+66A2	暢	1	CJK Unified Ideographs	Lo	CJK UNIFIED IDEOGRAPH-66A2
U+6731	朱	1	CJK Unified Ideographs	Lo	CJK UNIFIED IDEOGRAPH-6731
U+675E	杞	1	CJK Unified Ideographs	Lo	CJK UNIFIED IDEOGRAPH-675E
U+675F	束	1	CJK Unified Ideographs	Lo	CJK UNIFIED IDEOGRAPH-675F
U+6795	枕	1	CJK Unified Ideographs	Lo	CJK UNIFIED IDEOGRAPH-6795
U+6797	林	1	CJK Unified Ideographs	Lo	CJK UNIFIED IDEOGRAPH-6797
U+679D	枝	1	CJK Unified Ideographs	Lo	CJK UNIFIED IDEOGRAPH-679D
U+67DD	柝	1	CJK Unified Ideographs	Lo	CJK UNIFIED IDEOGRAPH-67DD
U+682A	株	1	CJK Unified Ideographs	Lo	CJK UNIFIED IDEOGRAPH-682A
U+684E	桎	1	CJK Unified Ideographs	Lo	CJK UNIFIED IDEOGRAPH-684E
U+688F	梏	1	CJK Unified Ideographs	Lo	CJK UNIFIED IDEOGRAPH-688F
U+68C4	棄	1	CJK Unified Ideographs	Lo	CJK UNIFIED IDEOGRAPH-68C4
U+68D8	棘	1	CJK Unified Ideographs	Lo	CJK UNIFIED IDEOGRAPH-68D8
U+68FA	棺	1	CJK Unified Ideographs	Lo	CJK UNIFIED IDEOGRAPH-68FA
U+6901	椁	1	CJK Unified Ideographs	Lo	CJK UNIFIED IDEOGRAPH-6901
U+69C1	槁	1	CJK Unified Ideographs	Lo	CJK UNIFIED IDEOGRAPH-69C1
U+69CB	構	1	CJK Unified Ideographs	Lo	CJK UNIFIED IDEOGRAPH-69CB
U+6A39	樹	1	CJK Unified Ideographs	Lo	CJK UNIFIED IDEOGRAPH-6A39
U+6B0A	權	1	CJK Unified Ideographs	Lo	CJK UNIFIED IDEOGRAPH-6B0A
U+6B83	殃	1	CJK Unified Ideographs	Lo	CJK UNIFIED IDEOGRAPH-6B83
U+6B86	殆	1	CJK Unified Ideographs	Lo	CJK UNIFIED IDEOGRAPH-6B86
U+6B8A	殊	1	CJK Unified Ideographs	Lo	CJK UNIFIED IDEOGRAPH-6B8A
U+6C57	汗	1	CJK Unified Ideographs	Lo	CJK UNIFIED IDEOGRAPH-6C57
U+6C72	汲	1	CJK Unified Ideographs	Lo	CJK UNIFIED IDEOGRAPH-6C72
U+6CAC	沬	1	CJK Unified Ideographs	Lo	CJK UNIFIED IDEOGRAPH-6CAC
U+6CB1	沱	1	CJK Unified Ideographs	Lo	CJK UNIFIED IDEOGRAPH-6CB1
U+6D0C	洌	1	CJK Unified Ideographs	Lo	CJK UNIFIED IDEOGRAPH-6D0C
U+6D17	洗	1	CJK Unified Ideographs	Lo	CJK UNIFIED IDEOGRAPH-6D17
U+6D1B	洛	1	CJK Unified Ideographs	Lo	CJK UNIFIED IDEOGRAPH-6D1B
U+6DEB	淫	1	CJK Unified Ideographs	Lo	CJK UNIFIED IDEOGRAPH-6DEB
U+6E05	清	1	CJK Unified Ideographs	Lo	CJK UNIFIED IDEOGRAPH-6E05
U+6E2C	測	1	CJK Unified Ideographs	Lo	CJK UNIFIED IDEOGRAPH-6E2C
U+6E38	游	1	CJK Unified Ideographs	Lo	CJK UNIFIED IDEOGRAPH-6E38
U+6E6F	湯	1	CJK Unified Ideographs	Lo	CJK UNIFIED IDEOGRAPH-6E6F
U+6E96	準	1	CJK Unified Ideographs	Lo	CJK UNIFIED IDEOGRAPH-6E96
U+6E9D	溝	1	CJK Unified Ideographs	Lo	CJK UNIFIED IDEOGRAPH-6E9D
U+6ED5	滕	1	CJK Unified Ideographs	Lo	CJK UNIFIED IDEOGRAPH-6ED5
U+6EFF	滿	1	CJK Unified Ideographs	Lo	CJK UNIFIED IDEOGRAPH-6EFF
U+6F01	漁	1	CJK Unified Ideographs	Lo	CJK UNIFIED IDEOGRAPH-6F01
U+6F0F	漏	1	CJK Unified Ideographs	Lo	CJK UNIFIED IDEOGRAPH-6F0F
U+6FD5	濕	1	CJK Unified Ideographs	Lo	CJK UNIFIED IDEOGRAPH-6FD5
U+70B3	炳	1	CJK Unified Ideographs	Lo	CJK UNIFIED IDEOGRAPH-70B3
U+70DC	烜	1	CJK Unified Ideographs	Lo	CJK UNIFIED IDEOGRAPH-70DC
U+7147	煇	1	CJK Unified Ideographs	Lo	CJK UNIFIED IDEOGRAPH-7147
U+71AF	熯	1	CJK Unified Ideographs	Lo	CJK UNIFIED IDEOGRAPH-71AF
U+71D5	燕	1	CJK Unified Ideographs	Lo	CJK UNIFIED IDEOGRAPH-71D5
U+71DF	營	1	CJK Unified Ideographs	Lo	CJK UNIFIED IDEOGRAPH-71DF
U+721B	爛	1	CJK Unified Ideographs	Lo	CJK UNIFIED IDEOGRAPH-721B
U+7256	牖	1	CJK Unified Ideographs	Lo	CJK UNIFIED IDEOGRAPH-7256
U+7259	牙	1	CJK Unified Ideographs	Lo	CJK UNIFIED IDEOGRAPH-7259
U+7267	牧	1	CJK Unified Ideographs	Lo	CJK UNIFIED IDEOGRAPH-7267
U+727F	牿	1	CJK Unified Ideographs	Lo	CJK UNIFIED IDEOGRAPH-727F
U+72C0	狀	1	CJK Unified Ideographs	Lo	CJK UNIFIED IDEOGRAPH-72C0
U+7336	猶	1	CJK Unified Ideographs	Lo	CJK UNIFIED IDEOGRAPH-7336
U+7378	獸	1	CJK Unified Ideographs	Lo	CJK UNIFIED IDEOGRAPH-7378
U+7387	率	1	CJK Unified Ideographs	Lo	CJK UNIFIED IDEOGRAPH-7387
U+74DC	瓜	1	CJK Unified Ideographs	Lo	CJK UNIFIED IDEOGRAPH-74DC
U+7515	甕	1	CJK Unified Ideographs	Lo	CJK UNIFIED IDEOGRAPH-7515
U+751A	甚	1	CJK Unified Ideographs	Lo	CJK UNIFIED IDEOGRAPH-751A
U+7559	留	1	CJK Unified Ideographs	Lo	CJK UNIFIED IDEOGRAPH-7559
U+7562	畢	1	CJK Unified Ideographs	Lo	CJK UNIFIED IDEOGRAPH-7562
U+756B	畫	1	CJK Unified Ideographs	Lo	CJK UNIFIED IDEOGRAPH-756B
U+756C	畬	1	CJK Unified Ideographs	Lo	CJK UNIFIED IDEOGRAPH-756C
U+7587	疇	1	CJK Unified Ideographs	Lo	CJK UNIFIED IDEOGRAPH-7587
U+759A	疚	1	CJK Unified Ideographs	Lo	CJK UNIFIED IDEOGRAPH-759A
U+75B5	疵	1	CJK Unified Ideographs	Lo	CJK UNIFIED IDEOGRAPH-75B5
U+75C5	病	1	CJK Unified Ideographs	Lo	CJK UNIFIED IDEOGRAPH-75C5
U+75DB	痛	1	CJK Unified Ideographs	Lo	CJK UNIFIED IDEOGRAPH-75DB
U+7620	瘠	1	CJK Unified Ideographs	Lo	CJK UNIFIED IDEOGRAPH-7620
U+7684	的	1	CJK Unified Ideographs	Lo	CJK UNIFIED IDEOGRAPH-7684
U+76A4	皤	1	CJK Unified Ideographs	Lo	CJK UNIFIED IDEOGRAPH-76A4
U+76CD	盍	1	CJK Unified Ideographs	Lo	CJK UNIFIED IDEOGRAPH-76CD
U+76EA	盪	1	CJK Unified Ideographs	Lo	CJK UNIFIED IDEOGRAPH-76EA
U+773C	眼	1	CJK Unified Ideographs	Lo	CJK UNIFIED IDEOGRAPH-773C
U+77EF	矯	1	CJK Unified Ideographs	Lo	CJK UNIFIED IDEOGRAPH-77EF
U+793E	社	1	CJK Unified Ideographs	Lo	CJK UNIFIED IDEOGRAPH-793E
U+7957	祗	1	CJK Unified Ideographs	Lo	CJK UNIFIED IDEOGRAPH-7957
U+7981	禁	1	CJK Unified Ideographs	Lo	CJK UNIFIED IDEOGRAPH-7981
U+79CB	秋	1	CJK Unified Ideographs	Lo	CJK UNIFIED IDEOGRAPH-79CB
U+79D1	科	1	CJK Unified Ideographs	Lo	CJK UNIFIED IDEOGRAPH-79D1
U+7A0A	稊	1	CJK Unified Ideographs	Lo	CJK UNIFIED IDEOGRAPH-7A0A
U+7A37	稷	1	CJK Unified Ideographs	Lo	CJK UNIFIED IDEOGRAPH-7A37
U+7A3C	稼	1	CJK Unified Ideographs	Lo	CJK UNIFIED IDEOGRAPH-7A3C
U+7A3D	稽	1	CJK Unified Ideographs	Lo	CJK UNIFIED IDEOGRAPH-7A3D
U+7A40	穀	1	CJK Unified Ideographs	Lo	CJK UNIFIED IDEOGRAPH-7A40
U+7AC4	竄	1	CJK Unified Ideographs	Lo	CJK UNIFIED IDEOGRAPH-7AC4
U+7AF9	竹	1	CJK Unified Ideographs	Lo	CJK UNIFIED IDEOGRAPH-7AF9
U+7B64	筤	1	CJK Unified Ideographs	Lo	CJK UNIFIED IDEOGRAPH-7B64
U+7BC4	範	1	CJK Unified Ideographs	Lo	CJK UNIFIED IDEOGRAPH-7BC4
U+7BC7	篇	1	CJK Unified Ideographs	Lo	CJK UNIFIED IDEOGRAPH-7BC7
U+7BE4	篤	1	CJK Unified Ideographs	Lo	CJK UNIFIED IDEOGRAPH-7BE4
U+7C2A	簪	1	CJK Unified Ideographs	Lo	CJK UNIFIED IDEOGRAPH-7C2A
U+7CB9	粹	1	CJK Unified Ideographs	Lo	CJK UNIFIED IDEOGRAPH-7CB9
U+7D02	紂	1	CJK Unified Ideographs	Lo	CJK UNIFIED IDEOGRAPH-7D02
U+7D04	約	1	CJK Unified Ideographs	Lo	CJK UNIFIED IDEOGRAPH-7D04
U+7D14	純	1	CJK Unified Ideographs	Lo	CJK UNIFIED IDEOGRAPH-7D14
U+7D55	絕	1	CJK Unified Ideographs	Lo	CJK UNIFIED IDEOGRAPH-7D55
U+7D5C	絜	1	CJK Unified Ideographs	Lo	CJK UNIFIED IDEOGRAPH-7D5C
U+7D6A	絪	1	CJK Unified Ideographs	Lo	CJK UNIFIED IDEOGRAPH-7D6A
U+7D71	統	1	CJK Unified Ideographs	Lo	CJK UNIFIED IDEOGRAPH-7D71
U+7D9C	綜	1	CJK Unified Ideographs	Lo	CJK UNIFIED IDEOGRAPH-7D9C
U+7E23	縣	1	CJK Unified Ideographs	Lo	CJK UNIFIED IDEOGRAPH-7E23
U+7E7B	繻	1	CJK Unified Ideographs	Lo	CJK UNIFIED IDEOGRAPH-7E7B
U+7E86	纆	1	CJK Unified Ideographs	Lo	CJK UNIFIED IDEOGRAPH-7E86
U+7E8C	續	1	CJK Unified Ideographs	Lo	CJK UNIFIED IDEOGRAPH-7E8C
U+7F5F	罟	1	CJK Unified Ideographs	Lo	CJK UNIFIED IDEOGRAPH-7F5F
U+7FD4	翔	1	CJK Unified Ideographs	Lo	CJK UNIFIED IDEOGRAPH-7FD4
U+7FD5	翕	1	CJK Unified Ideographs	Lo	CJK UNIFIED IDEOGRAPH-7FD5
U+7FFC	翼	1	CJK Unified Ideographs	Lo	CJK UNIFIED IDEOGRAPH-7FFC
U+800B	耋	1	CJK Unified Ideographs	Lo	CJK UNIFIED IDEOGRAPH-800B
U+801C	耜	1	CJK Unified Ideographs	Lo	CJK UNIFIED IDEOGRAPH-801C
U+8026	耦	1	CJK Unified Ideographs	Lo	CJK UNIFIED IDEOGRAPH-8026
U+8028	耨	1	CJK Unified Ideographs	Lo	CJK UNIFIED IDEOGRAPH-8028
U+8036	耶	1	CJK Unified Ideographs	Lo	CJK UNIFIED IDEOGRAPH-8036
U+8072	聲	1	CJK Unified Ideographs	Lo	CJK UNIFIED IDEOGRAPH-8072
U+8086	肆	1	CJK Unified Ideographs	Lo	CJK UNIFIED IDEOGRAPH-8086
U+80CC	背	1	CJK Unified Ideographs	Lo	CJK UNIFIED IDEOGRAPH-80CC
U+80CF	胏	1	CJK Unified Ideographs	Lo	CJK UNIFIED IDEOGRAPH-80CF
U+810A	脊	1	CJK Unified Ideographs	Lo	CJK UNIFIED IDEOGRAPH-810A
U+814A	腊	1	CJK Unified Ideographs	Lo	CJK UNIFIED IDEOGRAPH-814A
U+81E7	臧	1	CJK Unified Ideographs	Lo	CJK UNIFIED IDEOGRAPH-81E7
U+81F2	臲	1	CJK Unified Ideographs	Lo	CJK UNIFIED IDEOGRAPH-81F2
U+8209	舉	1	CJK Unified Ideographs	Lo	CJK UNIFIED IDEOGRAPH-8209
U+821E	舞	1	CJK Unified Ideographs	Lo	CJK UNIFIED IDEOGRAPH-821E
U+8272	色	1	CJK Unified Ideographs	Lo	CJK UNIFIED IDEOGRAPH-8272
U+8300	茀	1	CJK Unified Ideographs	Lo	CJK UNIFIED IDEOGRAPH-8300
U+8302	茂	1	CJK Unified Ideographs	Lo	CJK UNIFIED IDEOGRAPH-8302
U+8385	莅	1	CJK Unified Ideographs	Lo	CJK UNIFIED IDEOGRAPH-8385
U+83A7	莧	1	CJK Unified Ideographs	Lo	CJK UNIFIED IDEOGRAPH-83A7
U+83D1	菑	1	CJK Unified Ideographs	Lo	CJK UNIFIED IDEOGRAPH-83D1
U+8411	萑	1	CJK Unified Ideographs	Lo	CJK UNIFIED IDEOGRAPH-8411
U+8466	葦	1	CJK Unified Ideographs	Lo	CJK UNIFIED IDEOGRAPH-8466
U+84BC	蒼	1	CJK Unified Ideographs	Lo	CJK UNIFIED IDEOGRAPH-84BC
U+84CF	蓏	1	CJK Unified Ideographs	Lo	CJK UNIFIED IDEOGRAPH-84CF
U+851A	蔚	1	CJK Unified Ideographs	Lo	CJK UNIFIED IDEOGRAPH-851A
U+85AA	薪	1	CJK Unified Ideographs	Lo	CJK UNIFIED IDEOGRAPH-85AA
U+862D	蘭	1	CJK Unified Ideographs	Lo	CJK UNIFIED IDEOGRAPH-862D
U+868C	蚌	1	CJK Unified Ideographs	Lo	CJK UNIFIED IDEOGRAPH-868C
U+86C7	蛇	1	CJK Unified Ideographs	Lo	CJK UNIFIED IDEOGRAPH-86C7
U+87C4	蟄	1	CJK Unified Ideographs	Lo	CJK UNIFIED IDEOGRAPH-87C4
U+87F9	蟹	1	CJK Unified Ideographs	Lo	CJK UNIFIED IDEOGRAPH-87F9
U+8803	蠃	1	CJK Unified Ideographs	Lo	CJK UNIFIED IDEOGRAPH-8803
U+8816	蠖	1	CJK Unified Ideographs	Lo	CJK UNIFIED IDEOGRAPH-8816
U+884D	衍	1	CJK Unified Ideographs	Lo	CJK UNIFIED IDEOGRAPH-884D
U+8853	術	1	CJK Unified Ideographs	Lo	CJK UNIFIED IDEOGRAPH-8853
U+885B	衛	1	CJK Unified Ideographs	Lo	CJK UNIFIED IDEOGRAPH-885B
U+88BD	袽	1	CJK Unified Ideographs	Lo	CJK UNIFIED IDEOGRAPH-88BD
U+88D2	裒	1	CJK Unified Ideographs	Lo	CJK UNIFIED IDEOGRAPH-88D2
U+88DC	補	1	CJK Unified Ideographs	Lo	CJK UNIFIED IDEOGRAPH-88DC
U+892B	褫	1	CJK Unified Ideographs	Lo	CJK UNIFIED IDEOGRAPH-892B
U+89A9	覩	1	CJK Unified Ideographs	Lo	CJK UNIFIED IDEOGRAPH-89A9
U+8A73	詳	1	CJK Unified Ideographs	Lo	CJK UNIFIED IDEOGRAPH-8A73
U+8A85	誅	1	CJK Unified Ideographs	Lo	CJK UNIFIED IDEOGRAPH-8A85
U+8AA3	誣	1	CJK Unified Ideographs	Lo	CJK UNIFIED IDEOGRAPH-8AA3
U+8AA5	誥	1	CJK Unified Ideographs	Lo	CJK UNIFIED IDEOGRAPH-8AA5
U+8AC2	諂	1	CJK Unified Ideographs	Lo	CJK UNIFIED IDEOGRAPH-8AC2
U+8B1B	講	1	CJK Unified Ideographs	Lo	CJK UNIFIED IDEOGRAPH-8B1B
U+8C76	豶	1	CJK Unified Ideographs	Lo	CJK UNIFIED IDEOGRAPH-8C76
U+8C9D	貝	1	CJK Unified Ideographs	Lo	CJK UNIFIED IDEOGRAPH-8C9D
U+8CA2	貢	1	CJK Unified Ideographs	Lo	CJK UNIFIED IDEOGRAPH-8CA2
U+8CA8	貨	1	CJK Unified Ideographs	Lo	CJK UNIFIED IDEOGRAPH-8CA8
U+8CAB	貫	1	CJK Unified Ideographs	Lo	CJK UNIFIED IDEOGRAPH-8CAB
U+8CDE	賞	1	CJK Unified Ideographs	Lo	CJK UNIFIED IDEOGRAPH-8CDE
U+8CEA	質	1	CJK Unified Ideographs	Lo	CJK UNIFIED IDEOGRAPH-8CEA
U+8D0A	贊	1	CJK Unified Ideographs	Lo	CJK UNIFIED IDEOGRAPH-8D0A
U+8D66	赦	1	CJK Unified Ideographs	Lo	CJK UNIFIED IDEOGRAPH-8D66
U+8D8A	越	1	CJK Unified Ideographs	Lo	CJK UNIFIED IDEOGRAPH-8D8A
U+8DA3	趣	1	CJK Unified Ideographs	Lo	CJK UNIFIED IDEOGRAPH-8DA3
U+8DEF	路	1	CJK Unified Ideographs	Lo	CJK UNIFIED IDEOGRAPH-8DEF
U+8E30	踰	1	CJK Unified Ideographs	Lo	CJK UNIFIED IDEOGRAPH-8E30
U+8E44	蹄	1	CJK Unified Ideographs	Lo	CJK UNIFIED IDEOGRAPH-8E44
U+8E62	蹢	1	CJK Unified Ideographs	Lo	CJK UNIFIED IDEOGRAPH-8E62
U+8E85	躅	1	CJK Unified Ideographs	Lo	CJK UNIFIED IDEOGRAPH-8E85
U+8E8B	躋	1	CJK Unified Ideographs	Lo	CJK UNIFIED IDEOGRAPH-8E8B
U+8F15	輕	1	CJK Unified Ideographs	Lo	CJK UNIFIED IDEOGRAPH-8F15
U+8F2E	輮	1	CJK Unified Ideographs	Lo	CJK UNIFIED IDEOGRAPH-8F2E
U+8F3B	輻	1	CJK Unified Ideographs	Lo	CJK UNIFIED IDEOGRAPH-8F3B
U+8FED	迭	1	CJK Unified Ideographs	Lo	CJK UNIFIED IDEOGRAPH-8FED
U+9016	逖	1	CJK Unified Ideographs	Lo	CJK UNIFIED IDEOGRAPH-9016
U+904A	遊	1	CJK Unified Ideographs	Lo	CJK UNIFIED IDEOGRAPH-904A
U+904B	運	1	CJK Unified Ideographs	Lo	CJK UNIFIED IDEOGRAPH-904B
U+904F	遏	1	CJK Unified Ideographs	Lo	CJK UNIFIED IDEOGRAPH-904F
U+9050	遐	1	CJK Unified Ideographs	Lo	CJK UNIFIED IDEOGRAPH-9050
U+9069	適	1	CJK Unified Ideographs	Lo	CJK UNIFIED IDEOGRAPH-9069
U+9085	邅	1	CJK Unified Ideographs	Lo	CJK UNIFIED IDEOGRAPH-9085
U+914C	酌	1	CJK Unified Ideographs	Lo	CJK UNIFIED IDEOGRAPH-914C
U+9162	酢	1	CJK Unified Ideographs	Lo	CJK UNIFIED IDEOGRAPH-9162
U+916C	酬	1	CJK Unified Ideographs	Lo	CJK UNIFIED IDEOGRAPH-916C
U+9187	醇	1	CJK Unified Ideographs	Lo	CJK UNIFIED IDEOGRAPH-9187
U+91DC	釜	1	CJK Unified Ideographs	Lo	CJK UNIFIED IDEOGRAPH-91DC
U+9264	鉤	1	CJK Unified Ideographs	Lo	CJK UNIFIED IDEOGRAPH-9264
U+95BD	閽	1	CJK Unified Ideographs	Lo	CJK UNIFIED IDEOGRAPH-95BD
U+95D5	闕	1	CJK Unified Ideographs	Lo	CJK UNIFIED IDEOGRAPH-95D5
U+95DC	關	1	CJK Unified Ideographs	Lo	CJK UNIFIED IDEOGRAPH-95DC
U+95E1	闡	1	CJK Unified Ideographs	Lo	CJK UNIFIED IDEOGRAPH-95E1
U+963B	阻	1	CJK Unified Ideographs	Lo	CJK UNIFIED IDEOGRAPH-963B
U+9642	陂	1	CJK Unified Ideographs	Lo	CJK UNIFIED IDEOGRAPH-9642
U+9664	除	1	CJK Unified Ideographs	Lo	CJK UNIFIED IDEOGRAPH-9664
U+9673	陳	1	CJK Unified Ideographs	Lo	CJK UNIFIED IDEOGRAPH-9673
U+96A4	隤	1	CJK Unified Ideographs	Lo	CJK UNIFIED IDEOGRAPH-96A4
U+96DE	雞	1	CJK Unified Ideographs	Lo	CJK UNIFIED IDEOGRAPH-96DE
U+9706	霆	1	CJK Unified Ideographs	Lo	CJK UNIFIED IDEOGRAPH-9706
U+9748	靈	1	CJK Unified Ideographs	Lo	CJK UNIFIED IDEOGRAPH-9748
U+97B6	鞶	1	CJK Unified Ideographs	Lo	CJK UNIFIED IDEOGRAPH-97B6
U+97FF	響	1	CJK Unified Ideographs	Lo	CJK UNIFIED IDEOGRAPH-97FF
U+9802	頂	1	CJK Unified Ideographs	Lo	CJK UNIFIED IDEOGRAPH-9802
U+9804	頄	1	CJK Unified Ideographs	Lo	CJK UNIFIED IDEOGRAPH-9804
U+984F	顏	1	CJK Unified Ideographs	Lo	CJK UNIFIED IDEOGRAPH-984F
U+98EA	飪	1	CJK Unified Ideographs	Lo	CJK UNIFIED IDEOGRAPH-98EA
U+98ED	飭	1	CJK Unified Ideographs	Lo	CJK UNIFIED IDEOGRAPH-98ED
U+98FD	飽	1	CJK Unified Ideographs	Lo	CJK UNIFIED IDEOGRAPH-98FD
U+994B	饋	1	CJK Unified Ideographs	Lo	CJK UNIFIED IDEOGRAPH-994B
U+99AE	馮	1	CJK Unified Ideographs	Lo	CJK UNIFIED IDEOGRAPH-99AE
U+99B4	馴	1	CJK Unified Ideographs	Lo	CJK UNIFIED IDEOGRAPH-99B4
U+99B5	馵	1	CJK Unified Ideographs	Lo	CJK UNIFIED IDEOGRAPH-99B5
U+99C1	駁	1	CJK Unified Ideographs	Lo	CJK UNIFIED IDEOGRAPH-99C1
U+9A45	驅	1	CJK Unified Ideographs	Lo	CJK UNIFIED IDEOGRAPH-9A45
U+9A55	驕	1	CJK Unified Ideographs	Lo	CJK UNIFIED IDEOGRAPH-9A55
U+9AEE	髮	1	CJK Unified Ideographs	Lo	CJK UNIFIED IDEOGRAPH-9AEE
U+9B42	魂	1	CJK Unified Ideographs	Lo	CJK UNIFIED IDEOGRAPH-9B42
U+9C49	鱉	1	CJK Unified Ideographs	Lo	CJK UNIFIED IDEOGRAPH-9C49
U+9E75	鹵	1	CJK Unified Ideographs	Lo	CJK UNIFIED IDEOGRAPH-9E75
U+9ED1	黑	1	CJK Unified Ideographs	Lo	CJK UNIFIED IDEOGRAPH-9ED1
U+9ED4	黔	1	CJK Unified Ideographs	Lo	CJK UNIFIED IDEOGRAPH-9ED4
